
*** crates/amplihack-cli/src/commands/session_tree/mod.rs:118:5: replace random_id -> String with String::new()

*** mutation diff:
--- crates/amplihack-cli/src/commands/session_tree/mod.rs
+++ replace random_id -> String with String::new()
@@ -110,17 +110,17 @@
 fn now_secs() -> u64 {
     SystemTime::now()
         .duration_since(UNIX_EPOCH)
         .map(|d| d.as_secs())
         .unwrap_or(0)
 }
 
 fn random_id() -> String {
-    uuid::Uuid::new_v4().simple().to_string()[..8].to_string()
+    String::new() /* ~ changed by cargo-mutants ~ */
 }
 
 /// Public entry point dispatched from `commands::dispatch`.
 pub fn run(cmd: SessionTreeCommands) -> Result<()> {
     let ctx = tree_context();
     match cmd {
         SessionTreeCommands::Register {
             session_id,


*** /home/azureuser/.rustup/toolchains/1.97.0-x86_64-unknown-linux-gnu/bin/cargo test --no-run --verbose --package=amplihack-cli@0.18.0
       Fresh unicode-ident v1.0.24
       Fresh proc-macro2 v1.0.106
       Fresh quote v1.0.45
       Fresh syn v2.0.117
       Fresh libc v0.2.186
       Fresh cfg-if v1.0.4
       Fresh find-msvc-tools v0.1.9
       Fresh shlex v1.3.0
       Fresh cc v1.2.61
       Fresh once_cell v1.21.4
       Fresh serde_core v1.0.228
       Fresh memchr v2.8.0
       Fresh serde_derive v1.0.228
       Fresh serde v1.0.228
       Fresh tracing-core v0.1.36
       Fresh bitflags v2.11.1
       Fresh pin-project-lite v0.2.17
       Fresh aho-corasick v1.1.4
       Fresh synstructure v0.13.2
       Fresh version_check v0.9.5
       Fresh itoa v1.0.18
       Fresh regex-syntax v0.8.10
       Fresh regex-automata v0.4.14
       Fresh zmij v1.0.21
       Fresh thiserror-impl v2.0.18
       Fresh tracing-attributes v0.1.31
       Fresh autocfg v1.5.0
       Fresh linux-raw-sys v0.12.1
       Fresh rustix v1.1.4
       Fresh tracing v0.1.44
       Fresh thiserror v2.0.18
       Fresh serde_json v1.0.149
       Fresh zerofrom-derive v0.1.7
       Fresh typenum v1.20.0
       Fresh generic-array v0.14.7
       Fresh zerofrom v0.1.7
       Fresh getrandom v0.4.2
       Fresh yoke-derive v0.8.2
       Fresh stable_deref_trait v1.2.1
       Fresh yoke v0.8.2
       Fresh num-traits v0.2.19
       Fresh errno v0.3.14
       Fresh bytes v1.11.1
       Fresh signal-hook-registry v1.4.8
       Fresh anyhow v1.0.102
       Fresh block-buffer v0.10.4
       Fresh crypto-common v0.1.7
       Fresh displaydoc v0.2.5
       Fresh zerovec-derive v0.11.3
       Fresh equivalent v1.0.2
       Fresh zerovec v0.11.6
       Fresh digest v0.10.7
       Fresh regex v1.12.3
       Fresh mio v1.2.0
       Fresh socket2 v0.6.5
       Fresh tokio-macros v2.7.0
       Fresh iana-time-zone v0.1.65
       Fresh fastrand v2.4.1
       Fresh tempfile v3.27.0
       Fresh chrono v0.4.44
       Fresh tokio v1.52.1
       Fresh unicode-width v0.1.14
       Fresh cpufeatures v0.2.17
       Fresh termcolor v1.4.1
       Fresh smallvec v1.15.1
       Fresh codespan-reporting v0.11.1
       Fresh scratch v1.0.9
       Fresh amplihack-types v0.18.0 (/tmp/cargo-mutants-amplihack-pr-YcCg5x.tmp/crates/amplihack-types)
       Fresh cxx-build v1.0.138
       Fresh rustversion v1.0.22
       Fresh sha2 v0.10.9
       Fresh tinystr v0.8.3
       Fresh cxxbridge-flags v1.0.138
       Fresh writeable v0.6.3
       Fresh base64 v0.22.1
       Fresh litemap v0.8.2
       Fresh icu_locale_core v2.2.0
       Fresh potential_utf v0.1.5
       Fresh zerotrie v0.2.4
       Fresh utf8_iter v1.0.4
       Fresh foldhash v0.1.5
       Fresh zeroize v1.8.2
       Fresh vcpkg v0.2.15
       Fresh pkg-config v0.3.33
       Fresh hashbrown v0.17.0
       Fresh indexmap v2.14.0
       Fresh icu_collections v2.2.0
       Fresh icu_provider v2.2.0
       Fresh amplihack-utils v0.18.0 (/tmp/cargo-mutants-amplihack-pr-YcCg5x.tmp/crates/amplihack-utils)
       Fresh cmake v0.1.58
       Fresh log v0.4.29
       Fresh foldhash v0.2.0
       Fresh powerfmt v0.2.0
       Fresh either v1.15.0
       Fresh anstyle v1.0.14
       Fresh itertools v0.14.0
       Fresh deranged v0.5.8
       Fresh hashbrown v0.16.1
       Fresh icu_normalizer_data v2.2.0
       Fresh icu_properties_data v2.2.0
       Fresh rustls-pki-types v1.14.1
       Fresh cxxbridge-macro v1.0.138
       Fresh link-cplusplus v1.0.12
       Fresh async-trait v0.1.89
       Fresh utf8parse v0.2.2
       Fresh allocator-api2 v0.2.21
       Fresh time-core v0.1.8
       Fresh num-conv v0.2.1
       Fresh arrayvec v0.7.6
       Fresh simd-adler32 v0.3.9
       Fresh rust_decimal v1.41.0
       Fresh time v0.3.47
       Fresh hashbrown v0.15.5
       Fresh anstyle-parse v1.0.0
       Fresh cxx v1.0.138
       Fresh libsqlite3-sys v0.36.0
       Fresh icu_properties v2.2.0
       Fresh icu_normalizer v2.2.0
       Fresh hashlink v0.11.0
       Fresh prost-derive v0.13.5
       Fresh crc32fast v1.5.0
       Fresh uuid v1.23.1
       Fresh getrandom v0.2.17
       Fresh fallible-iterator v0.3.0
       Fresh fallible-streaming-iterator v0.1.9
       Fresh is_terminal_polyfill v1.70.2
       Fresh adler2 v2.0.1
       Fresh anstyle-query v1.1.5
       Fresh untrusted v0.9.0
       Fresh colorchoice v1.0.5
       Fresh anstream v1.0.0
       Fresh ring v0.17.14
       Fresh miniz_oxide v0.8.9
       Fresh rusqlite v0.38.0
       Fresh lbug v0.15.4
       Fresh prost v0.13.5
       Fresh idna_adapter v1.2.2
       Fresh lru v0.12.5
       Fresh sha1 v0.10.6
       Fresh md-5 v0.10.6
       Fresh fs4 v0.13.1
       Fresh serde_spanned v0.6.9
       Fresh toml_datetime v0.6.11
       Fresh clap_lex v1.1.0
       Fresh winnow v0.7.15
       Fresh toml_write v0.1.2
       Fresh cfg_aliases v0.2.1
       Fresh strsim v0.11.1
       Fresh percent-encoding v2.3.2
       Fresh heck v0.5.0
       Fresh clap_derive v4.6.1
       Fresh form_urlencoded v1.2.2
       Fresh clap_builder v4.6.0
       Fresh toml_edit v0.22.27
       Fresh amplihack-memory v0.18.0 (/tmp/cargo-mutants-amplihack-pr-YcCg5x.tmp/crates/amplihack-memory)
       Fresh idna v1.1.0
       Fresh flate2 v1.1.9
       Fresh rustls-webpki v0.103.13
       Fresh webpki-roots v1.0.7
       Fresh thiserror-impl v1.0.69
       Fresh ryu v1.0.23
       Fresh subtle v2.6.1
       Fresh unicode-width v0.2.2
       Fresh bumpalo v3.20.2
       Fresh unsafe-libyaml v0.2.11
       Fresh predicates-core v1.0.10
       Fresh serde_yaml v0.9.34+deprecated
       Fresh zopfli v0.8.3
       Fresh console v0.15.11
       Fresh rustls v0.23.40
       Fresh thiserror v1.0.69
       Fresh webpki-roots v0.26.11
       Fresh url v2.5.8
       Fresh amplihack-agent-core v0.18.0 (/tmp/cargo-mutants-amplihack-pr-YcCg5x.tmp/crates/amplihack-agent-core)
       Fresh toml v0.8.23
       Fresh clap v4.6.1
       Fresh amplihack-turn v0.18.0 (/tmp/cargo-mutants-amplihack-pr-YcCg5x.tmp/crates/amplihack-turn)
       Fresh amplihack-state v0.18.0 (/tmp/cargo-mutants-amplihack-pr-YcCg5x.tmp/crates/amplihack-state)
       Fresh xattr v1.6.1
       Fresh filetime v0.2.27
       Fresh futures-core v0.3.32
       Fresh termtree v0.5.1
       Fresh difflib v0.4.0
       Fresh shell-words v1.1.1
       Fresh lazy_static v1.5.0
       Fresh sharded-slab v0.1.7
       Fresh dialoguer v0.11.0
       Fresh predicates v3.1.4
       Fresh predicates-tree v1.0.13
       Fresh tokio-stream v0.1.18
       Fresh tar v0.4.45
       Fresh amplihack-orchestration v0.18.0 (/tmp/cargo-mutants-amplihack-pr-YcCg5x.tmp/crates/amplihack-orchestration)
       Dirty amplihack-cli v0.18.0 (/tmp/cargo-mutants-amplihack-pr-YcCg5x.tmp/crates/amplihack-cli): the precalculated components changed
   Compiling amplihack-cli v0.18.0 (/tmp/cargo-mutants-amplihack-pr-YcCg5x.tmp/crates/amplihack-cli)
     Running `/tmp/cargo-mutants-amplihack-pr-YcCg5x.tmp/target/debug/build/amplihack-cli-b35d8d192a75a416/build-script-build`
       Fresh clap_complete v4.6.3
       Fresh nix v0.31.3
       Fresh amplihack-hive v0.18.0 (/tmp/cargo-mutants-amplihack-pr-YcCg5x.tmp/crates/amplihack-hive)
       Fresh ureq v2.12.1
       Fresh signal-hook v0.3.18
       Fresh zip v2.4.2
       Fresh amplihack-workflows v0.18.0 (/tmp/cargo-mutants-amplihack-pr-YcCg5x.tmp/crates/amplihack-workflows)
       Fresh tracing-log v0.2.0
       Fresh amplihack-launcher v0.18.0 (/tmp/cargo-mutants-amplihack-pr-YcCg5x.tmp/crates/amplihack-launcher)
       Fresh amplihack-remote v0.18.0 (/tmp/cargo-mutants-amplihack-pr-YcCg5x.tmp/crates/amplihack-remote)
       Fresh amplihack-builders v0.18.0 (/tmp/cargo-mutants-amplihack-pr-YcCg5x.tmp/crates/amplihack-builders)
       Fresh amplihack-reflection v0.18.0 (/tmp/cargo-mutants-amplihack-pr-YcCg5x.tmp/crates/amplihack-reflection)
       Fresh bstr v1.12.1
       Fresh matchers v0.2.0
       Fresh tracing-serde v0.2.0
       Fresh thread_local v1.1.9
       Fresh wait-timeout v0.2.1
       Fresh comma v1.0.0
       Fresh nu-ansi-term v0.50.3
       Fresh semver v1.0.28
       Fresh tracing-subscriber v0.3.23
       Fresh rexpect v0.6.4
       Fresh assert_cmd v2.2.1
       Fresh amplihack-signal v0.18.0 (/tmp/cargo-mutants-amplihack-pr-YcCg5x.tmp/crates/amplihack-signal)
     Running `/home/azureuser/.rustup/toolchains/1.97.0-x86_64-unknown-linux-gnu/bin/rustc --crate-name amplihack_cli --edition=2024 crates/amplihack-cli/src/lib.rs --error-format=json --json=diagnostic-rendered-ansi,artifacts,future-incompat --crate-type lib --emit=dep-info,metadata,link -C embed-bitcode=no -C debuginfo=line-tables-only --warn=unexpected_cfgs --check-cfg 'cfg(kani)' --cfg 'feature="default"' --check-cfg 'cfg(docsrs,test)' --check-cfg 'cfg(feature, values("default", "signal", "test-support"))' -C metadata=55f52398298596e4 -C extra-filename=-29d762ce3c0fd35c --out-dir /tmp/cargo-mutants-amplihack-pr-YcCg5x.tmp/target/debug/deps -C incremental=/tmp/cargo-mutants-amplihack-pr-YcCg5x.tmp/target/debug/incremental -L dependency=/tmp/cargo-mutants-amplihack-pr-YcCg5x.tmp/target/debug/deps --extern amplihack_builders=/tmp/cargo-mutants-amplihack-pr-YcCg5x.tmp/target/debug/deps/libamplihack_builders-03993fac7567dfac.rmeta --extern amplihack_hive=/tmp/cargo-mutants-amplihack-pr-YcCg5x.tmp/target/debug/deps/libamplihack_hive-7dcf48bdaeaf754c.rmeta --extern amplihack_launcher=/tmp/cargo-mutants-amplihack-pr-YcCg5x.tmp/target/debug/deps/libamplihack_launcher-a0b196619987966a.rmeta --extern amplihack_memory=/tmp/cargo-mutants-amplihack-pr-YcCg5x.tmp/target/debug/deps/libamplihack_memory-52ac4db15a775e5a.rmeta --extern amplihack_orchestration=/tmp/cargo-mutants-amplihack-pr-YcCg5x.tmp/target/debug/deps/libamplihack_orchestration-ed20700a2c166be7.rmeta --extern amplihack_reflection=/tmp/cargo-mutants-amplihack-pr-YcCg5x.tmp/target/debug/deps/libamplihack_reflection-9fc868256a9530da.rmeta --extern amplihack_remote=/tmp/cargo-mutants-amplihack-pr-YcCg5x.tmp/target/debug/deps/libamplihack_remote-bda9eaf1668cac2f.rmeta --extern amplihack_state=/tmp/cargo-mutants-amplihack-pr-YcCg5x.tmp/target/debug/deps/libamplihack_state-5bfc4593aa3c2735.rmeta --extern amplihack_turn=/tmp/cargo-mutants-amplihack-pr-YcCg5x.tmp/target/debug/deps/libamplihack_turn-bf066a2c4d2d9785.rmeta --extern amplihack_types=/tmp/cargo-mutants-amplihack-pr-YcCg5x.tmp/target/debug/deps/libamplihack_types-5aa2c2ee7df7bcf4.rmeta --extern amplihack_utils=/tmp/cargo-mutants-amplihack-pr-YcCg5x.tmp/target/debug/deps/libamplihack_utils-08a9c706cfc82cac.rmeta --extern amplihack_workflows=/tmp/cargo-mutants-amplihack-pr-YcCg5x.tmp/target/debug/deps/libamplihack_workflows-15e51595127c129b.rmeta --extern anyhow=/tmp/cargo-mutants-amplihack-pr-YcCg5x.tmp/target/debug/deps/libanyhow-aaead62bc88b9429.rmeta --extern async_trait=/tmp/cargo-mutants-amplihack-pr-YcCg5x.tmp/target/debug/deps/libasync_trait-601d0c3ace375beb.so --extern chrono=/tmp/cargo-mutants-amplihack-pr-YcCg5x.tmp/target/debug/deps/libchrono-698d0514bedff45c.rmeta --extern clap=/tmp/cargo-mutants-amplihack-pr-YcCg5x.tmp/target/debug/deps/libclap-0a08011544f8a5b8.rmeta --extern clap_complete=/tmp/cargo-mutants-amplihack-pr-YcCg5x.tmp/target/debug/deps/libclap_complete-037496bed915a9d8.rmeta --extern dialoguer=/tmp/cargo-mutants-amplihack-pr-YcCg5x.tmp/target/debug/deps/libdialoguer-701eb5d666153ef9.rmeta --extern flate2=/tmp/cargo-mutants-amplihack-pr-YcCg5x.tmp/target/debug/deps/libflate2-c3906d7a8bde7622.rmeta --extern fs4=/tmp/cargo-mutants-amplihack-pr-YcCg5x.tmp/target/debug/deps/libfs4-5b0e4af1974bf2a4.rmeta --extern lbug=/tmp/cargo-mutants-amplihack-pr-YcCg5x.tmp/target/debug/deps/liblbug-59cfc3aac2014f89.rmeta --extern libc=/tmp/cargo-mutants-amplihack-pr-YcCg5x.tmp/target/debug/deps/liblibc-4d73f44b645ff25b.rmeta --extern lru=/tmp/cargo-mutants-amplihack-pr-YcCg5x.tmp/target/debug/deps/liblru-7e6e70a4ddd6b98d.rmeta --extern prost=/tmp/cargo-mutants-amplihack-pr-YcCg5x.tmp/target/debug/deps/libprost-add16c9af461c9ee.rmeta --extern regex=/tmp/cargo-mutants-amplihack-pr-YcCg5x.tmp/target/debug/deps/libregex-03ca1be4cec3c16d.rmeta --extern rusqlite=/tmp/cargo-mutants-amplihack-pr-YcCg5x.tmp/target/debug/deps/librusqlite-90f542ebc6046a0d.rmeta --extern semver=/tmp/cargo-mutants-amplihack-pr-YcCg5x.tmp/target/debug/deps/libsemver-d1ac1c952db7cf2d.rmeta --extern serde=/tmp/cargo-mutants-amplihack-pr-YcCg5x.tmp/target/debug/deps/libserde-9862aaefd1081862.rmeta --extern serde_json=/tmp/cargo-mutants-amplihack-pr-YcCg5x.tmp/target/debug/deps/libserde_json-061c00ff3e9853d1.rmeta --extern serde_yaml=/tmp/cargo-mutants-amplihack-pr-YcCg5x.tmp/target/debug/deps/libserde_yaml-32f4debdc5c586ac.rmeta --extern sha2=/tmp/cargo-mutants-amplihack-pr-YcCg5x.tmp/target/debug/deps/libsha2-9bd26e6f526c10f4.rmeta --extern signal_hook=/tmp/cargo-mutants-amplihack-pr-YcCg5x.tmp/target/debug/deps/libsignal_hook-016995c66640b093.rmeta --extern tar=/tmp/cargo-mutants-amplihack-pr-YcCg5x.tmp/target/debug/deps/libtar-739a95e6c50d0407.rmeta --extern tempfile=/tmp/cargo-mutants-amplihack-pr-YcCg5x.tmp/target/debug/deps/libtempfile-5a176b43127bd653.rmeta --extern thiserror=/tmp/cargo-mutants-amplihack-pr-YcCg5x.tmp/target/debug/deps/libthiserror-2e6c1412a455e99c.rmeta --extern time=/tmp/cargo-mutants-amplihack-pr-YcCg5x.tmp/target/debug/deps/libtime-16367d88b56805ba.rmeta --extern tokio=/tmp/cargo-mutants-amplihack-pr-YcCg5x.tmp/target/debug/deps/libtokio-72d59edba91c3e05.rmeta --extern toml=/tmp/cargo-mutants-amplihack-pr-YcCg5x.tmp/target/debug/deps/libtoml-1a9bef83c37016d2.rmeta --extern tracing=/tmp/cargo-mutants-amplihack-pr-YcCg5x.tmp/target/debug/deps/libtracing-c155b65c27f48072.rmeta --extern ureq=/tmp/cargo-mutants-amplihack-pr-YcCg5x.tmp/target/debug/deps/libureq-a52054ce8bf46ff7.rmeta --extern uuid=/tmp/cargo-mutants-amplihack-pr-YcCg5x.tmp/target/debug/deps/libuuid-d03d2fc21fd13b3e.rmeta --extern zip=/tmp/cargo-mutants-amplihack-pr-YcCg5x.tmp/target/debug/deps/libzip-8228d34f1cec4b5d.rmeta -L native=/tmp/cargo-mutants-amplihack-pr-YcCg5x.tmp/target/debug/build/lbug-c2061b4e8dfc1d6b/out/build/src -L native=/tmp/cargo-mutants-amplihack-pr-YcCg5x.tmp/target/debug/build/lbug-c2061b4e8dfc1d6b/out/build/third_party/utf8proc -L native=/tmp/cargo-mutants-amplihack-pr-YcCg5x.tmp/target/debug/build/lbug-c2061b4e8dfc1d6b/out/build/third_party/antlr4_cypher -L native=/tmp/cargo-mutants-amplihack-pr-YcCg5x.tmp/target/debug/build/lbug-c2061b4e8dfc1d6b/out/build/third_party/antlr4_runtime -L native=/tmp/cargo-mutants-amplihack-pr-YcCg5x.tmp/target/debug/build/lbug-c2061b4e8dfc1d6b/out/build/third_party/re2 -L native=/tmp/cargo-mutants-amplihack-pr-YcCg5x.tmp/target/debug/build/lbug-c2061b4e8dfc1d6b/out/build/third_party/brotli -L native=/tmp/cargo-mutants-amplihack-pr-YcCg5x.tmp/target/debug/build/lbug-c2061b4e8dfc1d6b/out/build/third_party/alp -L native=/tmp/cargo-mutants-amplihack-pr-YcCg5x.tmp/target/debug/build/lbug-c2061b4e8dfc1d6b/out/build/third_party/fastpfor -L native=/tmp/cargo-mutants-amplihack-pr-YcCg5x.tmp/target/debug/build/lbug-c2061b4e8dfc1d6b/out/build/third_party/parquet -L native=/tmp/cargo-mutants-amplihack-pr-YcCg5x.tmp/target/debug/build/lbug-c2061b4e8dfc1d6b/out/build/third_party/thrift -L native=/tmp/cargo-mutants-amplihack-pr-YcCg5x.tmp/target/debug/build/lbug-c2061b4e8dfc1d6b/out/build/third_party/snappy -L native=/tmp/cargo-mutants-amplihack-pr-YcCg5x.tmp/target/debug/build/lbug-c2061b4e8dfc1d6b/out/build/third_party/zstd -L native=/tmp/cargo-mutants-amplihack-pr-YcCg5x.tmp/target/debug/build/lbug-c2061b4e8dfc1d6b/out/build/third_party/miniz -L native=/tmp/cargo-mutants-amplihack-pr-YcCg5x.tmp/target/debug/build/lbug-c2061b4e8dfc1d6b/out/build/third_party/mbedtls -L native=/tmp/cargo-mutants-amplihack-pr-YcCg5x.tmp/target/debug/build/lbug-c2061b4e8dfc1d6b/out/build/third_party/lz4 -L native=/tmp/cargo-mutants-amplihack-pr-YcCg5x.tmp/target/debug/build/lbug-c2061b4e8dfc1d6b/out/build/third_party/roaring_bitmap -L native=/tmp/cargo-mutants-amplihack-pr-YcCg5x.tmp/target/debug/build/lbug-c2061b4e8dfc1d6b/out/build/third_party/simsimd -L native=/tmp/cargo-mutants-amplihack-pr-YcCg5x.tmp/target/debug/build/lbug-c2061b4e8dfc1d6b/out/build/third_party/yyjson -L native=/tmp/cargo-mutants-amplihack-pr-YcCg5x.tmp/target/debug/build/lbug-c2061b4e8dfc1d6b/out -L native=/tmp/cargo-mutants-amplihack-pr-YcCg5x.tmp/target/debug/build/cxx-3dafb46d76064c7e/out -L native=/tmp/cargo-mutants-amplihack-pr-YcCg5x.tmp/target/debug/build/link-cplusplus-99e4942e4cf65b7c/out -L native=/tmp/cargo-mutants-amplihack-pr-YcCg5x.tmp/target/debug/build/libsqlite3-sys-f4dcd415928f89cb/out -L native=/tmp/cargo-mutants-amplihack-pr-YcCg5x.tmp/target/debug/build/ring-439005edc122cf5b/out`
     Running `/home/azureuser/.rustup/toolchains/1.97.0-x86_64-unknown-linux-gnu/bin/rustc --crate-name amplihack_cli --edition=2024 crates/amplihack-cli/src/lib.rs --error-format=json --json=diagnostic-rendered-ansi,artifacts,future-incompat --emit=dep-info,link -C embed-bitcode=no -C debuginfo=line-tables-only --warn=unexpected_cfgs --check-cfg 'cfg(kani)' --test --cfg 'feature="default"' --check-cfg 'cfg(docsrs,test)' --check-cfg 'cfg(feature, values("default", "signal", "test-support"))' -C metadata=3bc5a3280097f8ca -C extra-filename=-9a96a7f78998a81d --out-dir /tmp/cargo-mutants-amplihack-pr-YcCg5x.tmp/target/debug/deps -C incremental=/tmp/cargo-mutants-amplihack-pr-YcCg5x.tmp/target/debug/incremental -L dependency=/tmp/cargo-mutants-amplihack-pr-YcCg5x.tmp/target/debug/deps --extern amplihack_builders=/tmp/cargo-mutants-amplihack-pr-YcCg5x.tmp/target/debug/deps/libamplihack_builders-03993fac7567dfac.rlib --extern amplihack_hive=/tmp/cargo-mutants-amplihack-pr-YcCg5x.tmp/target/debug/deps/libamplihack_hive-7dcf48bdaeaf754c.rlib --extern amplihack_launcher=/tmp/cargo-mutants-amplihack-pr-YcCg5x.tmp/target/debug/deps/libamplihack_launcher-a0b196619987966a.rlib --extern amplihack_memory=/tmp/cargo-mutants-amplihack-pr-YcCg5x.tmp/target/debug/deps/libamplihack_memory-52ac4db15a775e5a.rlib --extern amplihack_orchestration=/tmp/cargo-mutants-amplihack-pr-YcCg5x.tmp/target/debug/deps/libamplihack_orchestration-ed20700a2c166be7.rlib --extern amplihack_reflection=/tmp/cargo-mutants-amplihack-pr-YcCg5x.tmp/target/debug/deps/libamplihack_reflection-9fc868256a9530da.rlib --extern amplihack_remote=/tmp/cargo-mutants-amplihack-pr-YcCg5x.tmp/target/debug/deps/libamplihack_remote-bda9eaf1668cac2f.rlib --extern amplihack_signal=/tmp/cargo-mutants-amplihack-pr-YcCg5x.tmp/target/debug/deps/libamplihack_signal-12b09c972d1bf694.rlib --extern amplihack_state=/tmp/cargo-mutants-amplihack-pr-YcCg5x.tmp/target/debug/deps/libamplihack_state-5bfc4593aa3c2735.rlib --extern amplihack_turn=/tmp/cargo-mutants-amplihack-pr-YcCg5x.tmp/target/debug/deps/libamplihack_turn-bf066a2c4d2d9785.rlib --extern amplihack_types=/tmp/cargo-mutants-amplihack-pr-YcCg5x.tmp/target/debug/deps/libamplihack_types-5aa2c2ee7df7bcf4.rlib --extern amplihack_utils=/tmp/cargo-mutants-amplihack-pr-YcCg5x.tmp/target/debug/deps/libamplihack_utils-08a9c706cfc82cac.rlib --extern amplihack_workflows=/tmp/cargo-mutants-amplihack-pr-YcCg5x.tmp/target/debug/deps/libamplihack_workflows-15e51595127c129b.rlib --extern anyhow=/tmp/cargo-mutants-amplihack-pr-YcCg5x.tmp/target/debug/deps/libanyhow-aaead62bc88b9429.rlib --extern assert_cmd=/tmp/cargo-mutants-amplihack-pr-YcCg5x.tmp/target/debug/deps/libassert_cmd-7a96199b9b843959.rlib --extern async_trait=/tmp/cargo-mutants-amplihack-pr-YcCg5x.tmp/target/debug/deps/libasync_trait-601d0c3ace375beb.so --extern chrono=/tmp/cargo-mutants-amplihack-pr-YcCg5x.tmp/target/debug/deps/libchrono-698d0514bedff45c.rlib --extern clap=/tmp/cargo-mutants-amplihack-pr-YcCg5x.tmp/target/debug/deps/libclap-0a08011544f8a5b8.rlib --extern clap_complete=/tmp/cargo-mutants-amplihack-pr-YcCg5x.tmp/target/debug/deps/libclap_complete-037496bed915a9d8.rlib --extern dialoguer=/tmp/cargo-mutants-amplihack-pr-YcCg5x.tmp/target/debug/deps/libdialoguer-701eb5d666153ef9.rlib --extern flate2=/tmp/cargo-mutants-amplihack-pr-YcCg5x.tmp/target/debug/deps/libflate2-c3906d7a8bde7622.rlib --extern fs4=/tmp/cargo-mutants-amplihack-pr-YcCg5x.tmp/target/debug/deps/libfs4-5b0e4af1974bf2a4.rlib --extern lbug=/tmp/cargo-mutants-amplihack-pr-YcCg5x.tmp/target/debug/deps/liblbug-59cfc3aac2014f89.rlib --extern libc=/tmp/cargo-mutants-amplihack-pr-YcCg5x.tmp/target/debug/deps/liblibc-4d73f44b645ff25b.rlib --extern lru=/tmp/cargo-mutants-amplihack-pr-YcCg5x.tmp/target/debug/deps/liblru-7e6e70a4ddd6b98d.rlib --extern prost=/tmp/cargo-mutants-amplihack-pr-YcCg5x.tmp/target/debug/deps/libprost-add16c9af461c9ee.rlib --extern regex=/tmp/cargo-mutants-amplihack-pr-YcCg5x.tmp/target/debug/deps/libregex-03ca1be4cec3c16d.rlib --extern rexpect=/tmp/cargo-mutants-amplihack-pr-YcCg5x.tmp/target/debug/deps/librexpect-5a0111470db11a54.rlib --extern rusqlite=/tmp/cargo-mutants-amplihack-pr-YcCg5x.tmp/target/debug/deps/librusqlite-90f542ebc6046a0d.rlib --extern semver=/tmp/cargo-mutants-amplihack-pr-YcCg5x.tmp/target/debug/deps/libsemver-d1ac1c952db7cf2d.rlib --extern serde=/tmp/cargo-mutants-amplihack-pr-YcCg5x.tmp/target/debug/deps/libserde-9862aaefd1081862.rlib --extern serde_json=/tmp/cargo-mutants-amplihack-pr-YcCg5x.tmp/target/debug/deps/libserde_json-061c00ff3e9853d1.rlib --extern serde_yaml=/tmp/cargo-mutants-amplihack-pr-YcCg5x.tmp/target/debug/deps/libserde_yaml-32f4debdc5c586ac.rlib --extern sha2=/tmp/cargo-mutants-amplihack-pr-YcCg5x.tmp/target/debug/deps/libsha2-9bd26e6f526c10f4.rlib --extern signal_hook=/tmp/cargo-mutants-amplihack-pr-YcCg5x.tmp/target/debug/deps/libsignal_hook-016995c66640b093.rlib --extern tar=/tmp/cargo-mutants-amplihack-pr-YcCg5x.tmp/target/debug/deps/libtar-739a95e6c50d0407.rlib --extern tempfile=/tmp/cargo-mutants-amplihack-pr-YcCg5x.tmp/target/debug/deps/libtempfile-5a176b43127bd653.rlib --extern thiserror=/tmp/cargo-mutants-amplihack-pr-YcCg5x.tmp/target/debug/deps/libthiserror-2e6c1412a455e99c.rlib --extern time=/tmp/cargo-mutants-amplihack-pr-YcCg5x.tmp/target/debug/deps/libtime-16367d88b56805ba.rlib --extern tokio=/tmp/cargo-mutants-amplihack-pr-YcCg5x.tmp/target/debug/deps/libtokio-72d59edba91c3e05.rlib --extern toml=/tmp/cargo-mutants-amplihack-pr-YcCg5x.tmp/target/debug/deps/libtoml-1a9bef83c37016d2.rlib --extern tracing=/tmp/cargo-mutants-amplihack-pr-YcCg5x.tmp/target/debug/deps/libtracing-c155b65c27f48072.rlib --extern tracing_subscriber=/tmp/cargo-mutants-amplihack-pr-YcCg5x.tmp/target/debug/deps/libtracing_subscriber-0a1c6037d6d0ddb6.rlib --extern ureq=/tmp/cargo-mutants-amplihack-pr-YcCg5x.tmp/target/debug/deps/libureq-a52054ce8bf46ff7.rlib --extern uuid=/tmp/cargo-mutants-amplihack-pr-YcCg5x.tmp/target/debug/deps/libuuid-d03d2fc21fd13b3e.rlib --extern zip=/tmp/cargo-mutants-amplihack-pr-YcCg5x.tmp/target/debug/deps/libzip-8228d34f1cec4b5d.rlib -L native=/tmp/cargo-mutants-amplihack-pr-YcCg5x.tmp/target/debug/build/lbug-c2061b4e8dfc1d6b/out/build/src -L native=/tmp/cargo-mutants-amplihack-pr-YcCg5x.tmp/target/debug/build/lbug-c2061b4e8dfc1d6b/out/build/third_party/utf8proc -L native=/tmp/cargo-mutants-amplihack-pr-YcCg5x.tmp/target/debug/build/lbug-c2061b4e8dfc1d6b/out/build/third_party/antlr4_cypher -L native=/tmp/cargo-mutants-amplihack-pr-YcCg5x.tmp/target/debug/build/lbug-c2061b4e8dfc1d6b/out/build/third_party/antlr4_runtime -L native=/tmp/cargo-mutants-amplihack-pr-YcCg5x.tmp/target/debug/build/lbug-c2061b4e8dfc1d6b/out/build/third_party/re2 -L native=/tmp/cargo-mutants-amplihack-pr-YcCg5x.tmp/target/debug/build/lbug-c2061b4e8dfc1d6b/out/build/third_party/brotli -L native=/tmp/cargo-mutants-amplihack-pr-YcCg5x.tmp/target/debug/build/lbug-c2061b4e8dfc1d6b/out/build/third_party/alp -L native=/tmp/cargo-mutants-amplihack-pr-YcCg5x.tmp/target/debug/build/lbug-c2061b4e8dfc1d6b/out/build/third_party/fastpfor -L native=/tmp/cargo-mutants-amplihack-pr-YcCg5x.tmp/target/debug/build/lbug-c2061b4e8dfc1d6b/out/build/third_party/parquet -L native=/tmp/cargo-mutants-amplihack-pr-YcCg5x.tmp/target/debug/build/lbug-c2061b4e8dfc1d6b/out/build/third_party/thrift -L native=/tmp/cargo-mutants-amplihack-pr-YcCg5x.tmp/target/debug/build/lbug-c2061b4e8dfc1d6b/out/build/third_party/snappy -L native=/tmp/cargo-mutants-amplihack-pr-YcCg5x.tmp/target/debug/build/lbug-c2061b4e8dfc1d6b/out/build/third_party/zstd -L native=/tmp/cargo-mutants-amplihack-pr-YcCg5x.tmp/target/debug/build/lbug-c2061b4e8dfc1d6b/out/build/third_party/miniz -L native=/tmp/cargo-mutants-amplihack-pr-YcCg5x.tmp/target/debug/build/lbug-c2061b4e8dfc1d6b/out/build/third_party/mbedtls -L native=/tmp/cargo-mutants-amplihack-pr-YcCg5x.tmp/target/debug/build/lbug-c2061b4e8dfc1d6b/out/build/third_party/lz4 -L native=/tmp/cargo-mutants-amplihack-pr-YcCg5x.tmp/target/debug/build/lbug-c2061b4e8dfc1d6b/out/build/third_party/roaring_bitmap -L native=/tmp/cargo-mutants-amplihack-pr-YcCg5x.tmp/target/debug/build/lbug-c2061b4e8dfc1d6b/out/build/third_party/simsimd -L native=/tmp/cargo-mutants-amplihack-pr-YcCg5x.tmp/target/debug/build/lbug-c2061b4e8dfc1d6b/out/build/third_party/yyjson -L native=/tmp/cargo-mutants-amplihack-pr-YcCg5x.tmp/target/debug/build/lbug-c2061b4e8dfc1d6b/out -L native=/tmp/cargo-mutants-amplihack-pr-YcCg5x.tmp/target/debug/build/cxx-3dafb46d76064c7e/out -L native=/tmp/cargo-mutants-amplihack-pr-YcCg5x.tmp/target/debug/build/link-cplusplus-99e4942e4cf65b7c/out -L native=/tmp/cargo-mutants-amplihack-pr-YcCg5x.tmp/target/debug/build/libsqlite3-sys-f4dcd415928f89cb/out -L native=/tmp/cargo-mutants-amplihack-pr-YcCg5x.tmp/target/debug/build/ring-439005edc122cf5b/out`
     Running `/home/azureuser/.rustup/toolchains/1.97.0-x86_64-unknown-linux-gnu/bin/rustc --crate-name issue_538_install_completeness --edition=2024 crates/amplihack-cli/tests/issue_538_install_completeness.rs --error-format=json --json=diagnostic-rendered-ansi,artifacts,future-incompat --emit=dep-info,link -C embed-bitcode=no -C debuginfo=line-tables-only --warn=unexpected_cfgs --check-cfg 'cfg(kani)' --test --cfg 'feature="default"' --check-cfg 'cfg(docsrs,test)' --check-cfg 'cfg(feature, values("default", "signal", "test-support"))' -C metadata=05342d768840f32f -C extra-filename=-f28f3bfc033c0f1c --out-dir /tmp/cargo-mutants-amplihack-pr-YcCg5x.tmp/target/debug/deps -C incremental=/tmp/cargo-mutants-amplihack-pr-YcCg5x.tmp/target/debug/incremental -L dependency=/tmp/cargo-mutants-amplihack-pr-YcCg5x.tmp/target/debug/deps --extern amplihack_builders=/tmp/cargo-mutants-amplihack-pr-YcCg5x.tmp/target/debug/deps/libamplihack_builders-03993fac7567dfac.rlib --extern amplihack_cli=/tmp/cargo-mutants-amplihack-pr-YcCg5x.tmp/target/debug/deps/libamplihack_cli-29d762ce3c0fd35c.rlib --extern amplihack_hive=/tmp/cargo-mutants-amplihack-pr-YcCg5x.tmp/target/debug/deps/libamplihack_hive-7dcf48bdaeaf754c.rlib --extern amplihack_launcher=/tmp/cargo-mutants-amplihack-pr-YcCg5x.tmp/target/debug/deps/libamplihack_launcher-a0b196619987966a.rlib --extern amplihack_memory=/tmp/cargo-mutants-amplihack-pr-YcCg5x.tmp/target/debug/deps/libamplihack_memory-52ac4db15a775e5a.rlib --extern amplihack_orchestration=/tmp/cargo-mutants-amplihack-pr-YcCg5x.tmp/target/debug/deps/libamplihack_orchestration-ed20700a2c166be7.rlib --extern amplihack_reflection=/tmp/cargo-mutants-amplihack-pr-YcCg5x.tmp/target/debug/deps/libamplihack_reflection-9fc868256a9530da.rlib --extern amplihack_remote=/tmp/cargo-mutants-amplihack-pr-YcCg5x.tmp/target/debug/deps/libamplihack_remote-bda9eaf1668cac2f.rlib --extern amplihack_signal=/tmp/cargo-mutants-amplihack-pr-YcCg5x.tmp/target/debug/deps/libamplihack_signal-12b09c972d1bf694.rlib --extern amplihack_state=/tmp/cargo-mutants-amplihack-pr-YcCg5x.tmp/target/debug/deps/libamplihack_state-5bfc4593aa3c2735.rlib --extern amplihack_turn=/tmp/cargo-mutants-amplihack-pr-YcCg5x.tmp/target/debug/deps/libamplihack_turn-bf066a2c4d2d9785.rlib --extern amplihack_types=/tmp/cargo-mutants-amplihack-pr-YcCg5x.tmp/target/debug/deps/libamplihack_types-5aa2c2ee7df7bcf4.rlib --extern amplihack_utils=/tmp/cargo-mutants-amplihack-pr-YcCg5x.tmp/target/debug/deps/libamplihack_utils-08a9c706cfc82cac.rlib --extern amplihack_workflows=/tmp/cargo-mutants-amplihack-pr-YcCg5x.tmp/target/debug/deps/libamplihack_workflows-15e51595127c129b.rlib --extern anyhow=/tmp/cargo-mutants-amplihack-pr-YcCg5x.tmp/target/debug/deps/libanyhow-aaead62bc88b9429.rlib --extern assert_cmd=/tmp/cargo-mutants-amplihack-pr-YcCg5x.tmp/target/debug/deps/libassert_cmd-7a96199b9b843959.rlib --extern async_trait=/tmp/cargo-mutants-amplihack-pr-YcCg5x.tmp/target/debug/deps/libasync_trait-601d0c3ace375beb.so --extern chrono=/tmp/cargo-mutants-amplihack-pr-YcCg5x.tmp/target/debug/deps/libchrono-698d0514bedff45c.rlib --extern clap=/tmp/cargo-mutants-amplihack-pr-YcCg5x.tmp/target/debug/deps/libclap-0a08011544f8a5b8.rlib --extern clap_complete=/tmp/cargo-mutants-amplihack-pr-YcCg5x.tmp/target/debug/deps/libclap_complete-037496bed915a9d8.rlib --extern dialoguer=/tmp/cargo-mutants-amplihack-pr-YcCg5x.tmp/target/debug/deps/libdialoguer-701eb5d666153ef9.rlib --extern flate2=/tmp/cargo-mutants-amplihack-pr-YcCg5x.tmp/target/debug/deps/libflate2-c3906d7a8bde7622.rlib --extern fs4=/tmp/cargo-mutants-amplihack-pr-YcCg5x.tmp/target/debug/deps/libfs4-5b0e4af1974bf2a4.rlib --extern lbug=/tmp/cargo-mutants-amplihack-pr-YcCg5x.tmp/target/debug/deps/liblbug-59cfc3aac2014f89.rlib --extern libc=/tmp/cargo-mutants-amplihack-pr-YcCg5x.tmp/target/debug/deps/liblibc-4d73f44b645ff25b.rlib --extern lru=/tmp/cargo-mutants-amplihack-pr-YcCg5x.tmp/target/debug/deps/liblru-7e6e70a4ddd6b98d.rlib --extern prost=/tmp/cargo-mutants-amplihack-pr-YcCg5x.tmp/target/debug/deps/libprost-add16c9af461c9ee.rlib --extern regex=/tmp/cargo-mutants-amplihack-pr-YcCg5x.tmp/target/debug/deps/libregex-03ca1be4cec3c16d.rlib --extern rexpect=/tmp/cargo-mutants-amplihack-pr-YcCg5x.tmp/target/debug/deps/librexpect-5a0111470db11a54.rlib --extern rusqlite=/tmp/cargo-mutants-amplihack-pr-YcCg5x.tmp/target/debug/deps/librusqlite-90f542ebc6046a0d.rlib --extern semver=/tmp/cargo-mutants-amplihack-pr-YcCg5x.tmp/target/debug/deps/libsemver-d1ac1c952db7cf2d.rlib --extern serde=/tmp/cargo-mutants-amplihack-pr-YcCg5x.tmp/target/debug/deps/libserde-9862aaefd1081862.rlib --extern serde_json=/tmp/cargo-mutants-amplihack-pr-YcCg5x.tmp/target/debug/deps/libserde_json-061c00ff3e9853d1.rlib --extern serde_yaml=/tmp/cargo-mutants-amplihack-pr-YcCg5x.tmp/target/debug/deps/libserde_yaml-32f4debdc5c586ac.rlib --extern sha2=/tmp/cargo-mutants-amplihack-pr-YcCg5x.tmp/target/debug/deps/libsha2-9bd26e6f526c10f4.rlib --extern signal_hook=/tmp/cargo-mutants-amplihack-pr-YcCg5x.tmp/target/debug/deps/libsignal_hook-016995c66640b093.rlib --extern tar=/tmp/cargo-mutants-amplihack-pr-YcCg5x.tmp/target/debug/deps/libtar-739a95e6c50d0407.rlib --extern tempfile=/tmp/cargo-mutants-amplihack-pr-YcCg5x.tmp/target/debug/deps/libtempfile-5a176b43127bd653.rlib --extern thiserror=/tmp/cargo-mutants-amplihack-pr-YcCg5x.tmp/target/debug/deps/libthiserror-2e6c1412a455e99c.rlib --extern time=/tmp/cargo-mutants-amplihack-pr-YcCg5x.tmp/target/debug/deps/libtime-16367d88b56805ba.rlib --extern tokio=/tmp/cargo-mutants-amplihack-pr-YcCg5x.tmp/target/debug/deps/libtokio-72d59edba91c3e05.rlib --extern toml=/tmp/cargo-mutants-amplihack-pr-YcCg5x.tmp/target/debug/deps/libtoml-1a9bef83c37016d2.rlib --extern tracing=/tmp/cargo-mutants-amplihack-pr-YcCg5x.tmp/target/debug/deps/libtracing-c155b65c27f48072.rlib --extern tracing_subscriber=/tmp/cargo-mutants-amplihack-pr-YcCg5x.tmp/target/debug/deps/libtracing_subscriber-0a1c6037d6d0ddb6.rlib --extern ureq=/tmp/cargo-mutants-amplihack-pr-YcCg5x.tmp/target/debug/deps/libureq-a52054ce8bf46ff7.rlib --extern uuid=/tmp/cargo-mutants-amplihack-pr-YcCg5x.tmp/target/debug/deps/libuuid-d03d2fc21fd13b3e.rlib --extern zip=/tmp/cargo-mutants-amplihack-pr-YcCg5x.tmp/target/debug/deps/libzip-8228d34f1cec4b5d.rlib -L native=/tmp/cargo-mutants-amplihack-pr-YcCg5x.tmp/target/debug/build/lbug-c2061b4e8dfc1d6b/out/build/src -L native=/tmp/cargo-mutants-amplihack-pr-YcCg5x.tmp/target/debug/build/lbug-c2061b4e8dfc1d6b/out/build/third_party/utf8proc -L native=/tmp/cargo-mutants-amplihack-pr-YcCg5x.tmp/target/debug/build/lbug-c2061b4e8dfc1d6b/out/build/third_party/antlr4_cypher -L native=/tmp/cargo-mutants-amplihack-pr-YcCg5x.tmp/target/debug/build/lbug-c2061b4e8dfc1d6b/out/build/third_party/antlr4_runtime -L native=/tmp/cargo-mutants-amplihack-pr-YcCg5x.tmp/target/debug/build/lbug-c2061b4e8dfc1d6b/out/build/third_party/re2 -L native=/tmp/cargo-mutants-amplihack-pr-YcCg5x.tmp/target/debug/build/lbug-c2061b4e8dfc1d6b/out/build/third_party/brotli -L native=/tmp/cargo-mutants-amplihack-pr-YcCg5x.tmp/target/debug/build/lbug-c2061b4e8dfc1d6b/out/build/third_party/alp -L native=/tmp/cargo-mutants-amplihack-pr-YcCg5x.tmp/target/debug/build/lbug-c2061b4e8dfc1d6b/out/build/third_party/fastpfor -L native=/tmp/cargo-mutants-amplihack-pr-YcCg5x.tmp/target/debug/build/lbug-c2061b4e8dfc1d6b/out/build/third_party/parquet -L native=/tmp/cargo-mutants-amplihack-pr-YcCg5x.tmp/target/debug/build/lbug-c2061b4e8dfc1d6b/out/build/third_party/thrift -L native=/tmp/cargo-mutants-amplihack-pr-YcCg5x.tmp/target/debug/build/lbug-c2061b4e8dfc1d6b/out/build/third_party/snappy -L native=/tmp/cargo-mutants-amplihack-pr-YcCg5x.tmp/target/debug/build/lbug-c2061b4e8dfc1d6b/out/build/third_party/zstd -L native=/tmp/cargo-mutants-amplihack-pr-YcCg5x.tmp/target/debug/build/lbug-c2061b4e8dfc1d6b/out/build/third_party/miniz -L native=/tmp/cargo-mutants-amplihack-pr-YcCg5x.tmp/target/debug/build/lbug-c2061b4e8dfc1d6b/out/build/third_party/mbedtls -L native=/tmp/cargo-mutants-amplihack-pr-YcCg5x.tmp/target/debug/build/lbug-c2061b4e8dfc1d6b/out/build/third_party/lz4 -L native=/tmp/cargo-mutants-amplihack-pr-YcCg5x.tmp/target/debug/build/lbug-c2061b4e8dfc1d6b/out/build/third_party/roaring_bitmap -L native=/tmp/cargo-mutants-amplihack-pr-YcCg5x.tmp/target/debug/build/lbug-c2061b4e8dfc1d6b/out/build/third_party/simsimd -L native=/tmp/cargo-mutants-amplihack-pr-YcCg5x.tmp/target/debug/build/lbug-c2061b4e8dfc1d6b/out/build/third_party/yyjson -L native=/tmp/cargo-mutants-amplihack-pr-YcCg5x.tmp/target/debug/build/lbug-c2061b4e8dfc1d6b/out -L native=/tmp/cargo-mutants-amplihack-pr-YcCg5x.tmp/target/debug/build/cxx-3dafb46d76064c7e/out -L native=/tmp/cargo-mutants-amplihack-pr-YcCg5x.tmp/target/debug/build/link-cplusplus-99e4942e4cf65b7c/out -L native=/tmp/cargo-mutants-amplihack-pr-YcCg5x.tmp/target/debug/build/libsqlite3-sys-f4dcd415928f89cb/out -L native=/tmp/cargo-mutants-amplihack-pr-YcCg5x.tmp/target/debug/build/ring-439005edc122cf5b/out`
     Running `/home/azureuser/.rustup/toolchains/1.97.0-x86_64-unknown-linux-gnu/bin/rustc --crate-name bugfix_install_tests --edition=2024 crates/amplihack-cli/tests/bugfix_install_tests.rs --error-format=json --json=diagnostic-rendered-ansi,artifacts,future-incompat --emit=dep-info,link -C embed-bitcode=no -C debuginfo=line-tables-only --warn=unexpected_cfgs --check-cfg 'cfg(kani)' --test --cfg 'feature="default"' --check-cfg 'cfg(docsrs,test)' --check-cfg 'cfg(feature, values("default", "signal", "test-support"))' -C metadata=46323e268c3623e6 -C extra-filename=-aeff7c66990b6816 --out-dir /tmp/cargo-mutants-amplihack-pr-YcCg5x.tmp/target/debug/deps -C incremental=/tmp/cargo-mutants-amplihack-pr-YcCg5x.tmp/target/debug/incremental -L dependency=/tmp/cargo-mutants-amplihack-pr-YcCg5x.tmp/target/debug/deps --extern amplihack_builders=/tmp/cargo-mutants-amplihack-pr-YcCg5x.tmp/target/debug/deps/libamplihack_builders-03993fac7567dfac.rlib --extern amplihack_cli=/tmp/cargo-mutants-amplihack-pr-YcCg5x.tmp/target/debug/deps/libamplihack_cli-29d762ce3c0fd35c.rlib --extern amplihack_hive=/tmp/cargo-mutants-amplihack-pr-YcCg5x.tmp/target/debug/deps/libamplihack_hive-7dcf48bdaeaf754c.rlib --extern amplihack_launcher=/tmp/cargo-mutants-amplihack-pr-YcCg5x.tmp/target/debug/deps/libamplihack_launcher-a0b196619987966a.rlib --extern amplihack_memory=/tmp/cargo-mutants-amplihack-pr-YcCg5x.tmp/target/debug/deps/libamplihack_memory-52ac4db15a775e5a.rlib --extern amplihack_orchestration=/tmp/cargo-mutants-amplihack-pr-YcCg5x.tmp/target/debug/deps/libamplihack_orchestration-ed20700a2c166be7.rlib --extern amplihack_reflection=/tmp/cargo-mutants-amplihack-pr-YcCg5x.tmp/target/debug/deps/libamplihack_reflection-9fc868256a9530da.rlib --extern amplihack_remote=/tmp/cargo-mutants-amplihack-pr-YcCg5x.tmp/target/debug/deps/libamplihack_remote-bda9eaf1668cac2f.rlib --extern amplihack_signal=/tmp/cargo-mutants-amplihack-pr-YcCg5x.tmp/target/debug/deps/libamplihack_signal-12b09c972d1bf694.rlib --extern amplihack_state=/tmp/cargo-mutants-amplihack-pr-YcCg5x.tmp/target/debug/deps/libamplihack_state-5bfc4593aa3c2735.rlib --extern amplihack_turn=/tmp/cargo-mutants-amplihack-pr-YcCg5x.tmp/target/debug/deps/libamplihack_turn-bf066a2c4d2d9785.rlib --extern amplihack_types=/tmp/cargo-mutants-amplihack-pr-YcCg5x.tmp/target/debug/deps/libamplihack_types-5aa2c2ee7df7bcf4.rlib --extern amplihack_utils=/tmp/cargo-mutants-amplihack-pr-YcCg5x.tmp/target/debug/deps/libamplihack_utils-08a9c706cfc82cac.rlib --extern amplihack_workflows=/tmp/cargo-mutants-amplihack-pr-YcCg5x.tmp/target/debug/deps/libamplihack_workflows-15e51595127c129b.rlib --extern anyhow=/tmp/cargo-mutants-amplihack-pr-YcCg5x.tmp/target/debug/deps/libanyhow-aaead62bc88b9429.rlib --extern assert_cmd=/tmp/cargo-mutants-amplihack-pr-YcCg5x.tmp/target/debug/deps/libassert_cmd-7a96199b9b843959.rlib --extern async_trait=/tmp/cargo-mutants-amplihack-pr-YcCg5x.tmp/target/debug/deps/libasync_trait-601d0c3ace375beb.so --extern chrono=/tmp/cargo-mutants-amplihack-pr-YcCg5x.tmp/target/debug/deps/libchrono-698d0514bedff45c.rlib --extern clap=/tmp/cargo-mutants-amplihack-pr-YcCg5x.tmp/target/debug/deps/libclap-0a08011544f8a5b8.rlib --extern clap_complete=/tmp/cargo-mutants-amplihack-pr-YcCg5x.tmp/target/debug/deps/libclap_complete-037496bed915a9d8.rlib --extern dialoguer=/tmp/cargo-mutants-amplihack-pr-YcCg5x.tmp/target/debug/deps/libdialoguer-701eb5d666153ef9.rlib --extern flate2=/tmp/cargo-mutants-amplihack-pr-YcCg5x.tmp/target/debug/deps/libflate2-c3906d7a8bde7622.rlib --extern fs4=/tmp/cargo-mutants-amplihack-pr-YcCg5x.tmp/target/debug/deps/libfs4-5b0e4af1974bf2a4.rlib --extern lbug=/tmp/cargo-mutants-amplihack-pr-YcCg5x.tmp/target/debug/deps/liblbug-59cfc3aac2014f89.rlib --extern libc=/tmp/cargo-mutants-amplihack-pr-YcCg5x.tmp/target/debug/deps/liblibc-4d73f44b645ff25b.rlib --extern lru=/tmp/cargo-mutants-amplihack-pr-YcCg5x.tmp/target/debug/deps/liblru-7e6e70a4ddd6b98d.rlib --extern prost=/tmp/cargo-mutants-amplihack-pr-YcCg5x.tmp/target/debug/deps/libprost-add16c9af461c9ee.rlib --extern regex=/tmp/cargo-mutants-amplihack-pr-YcCg5x.tmp/target/debug/deps/libregex-03ca1be4cec3c16d.rlib --extern rexpect=/tmp/cargo-mutants-amplihack-pr-YcCg5x.tmp/target/debug/deps/librexpect-5a0111470db11a54.rlib --extern rusqlite=/tmp/cargo-mutants-amplihack-pr-YcCg5x.tmp/target/debug/deps/librusqlite-90f542ebc6046a0d.rlib --extern semver=/tmp/cargo-mutants-amplihack-pr-YcCg5x.tmp/target/debug/deps/libsemver-d1ac1c952db7cf2d.rlib --extern serde=/tmp/cargo-mutants-amplihack-pr-YcCg5x.tmp/target/debug/deps/libserde-9862aaefd1081862.rlib --extern serde_json=/tmp/cargo-mutants-amplihack-pr-YcCg5x.tmp/target/debug/deps/libserde_json-061c00ff3e9853d1.rlib --extern serde_yaml=/tmp/cargo-mutants-amplihack-pr-YcCg5x.tmp/target/debug/deps/libserde_yaml-32f4debdc5c586ac.rlib --extern sha2=/tmp/cargo-mutants-amplihack-pr-YcCg5x.tmp/target/debug/deps/libsha2-9bd26e6f526c10f4.rlib --extern signal_hook=/tmp/cargo-mutants-amplihack-pr-YcCg5x.tmp/target/debug/deps/libsignal_hook-016995c66640b093.rlib --extern tar=/tmp/cargo-mutants-amplihack-pr-YcCg5x.tmp/target/debug/deps/libtar-739a95e6c50d0407.rlib --extern tempfile=/tmp/cargo-mutants-amplihack-pr-YcCg5x.tmp/target/debug/deps/libtempfile-5a176b43127bd653.rlib --extern thiserror=/tmp/cargo-mutants-amplihack-pr-YcCg5x.tmp/target/debug/deps/libthiserror-2e6c1412a455e99c.rlib --extern time=/tmp/cargo-mutants-amplihack-pr-YcCg5x.tmp/target/debug/deps/libtime-16367d88b56805ba.rlib --extern tokio=/tmp/cargo-mutants-amplihack-pr-YcCg5x.tmp/target/debug/deps/libtokio-72d59edba91c3e05.rlib --extern toml=/tmp/cargo-mutants-amplihack-pr-YcCg5x.tmp/target/debug/deps/libtoml-1a9bef83c37016d2.rlib --extern tracing=/tmp/cargo-mutants-amplihack-pr-YcCg5x.tmp/target/debug/deps/libtracing-c155b65c27f48072.rlib --extern tracing_subscriber=/tmp/cargo-mutants-amplihack-pr-YcCg5x.tmp/target/debug/deps/libtracing_subscriber-0a1c6037d6d0ddb6.rlib --extern ureq=/tmp/cargo-mutants-amplihack-pr-YcCg5x.tmp/target/debug/deps/libureq-a52054ce8bf46ff7.rlib --extern uuid=/tmp/cargo-mutants-amplihack-pr-YcCg5x.tmp/target/debug/deps/libuuid-d03d2fc21fd13b3e.rlib --extern zip=/tmp/cargo-mutants-amplihack-pr-YcCg5x.tmp/target/debug/deps/libzip-8228d34f1cec4b5d.rlib -L native=/tmp/cargo-mutants-amplihack-pr-YcCg5x.tmp/target/debug/build/lbug-c2061b4e8dfc1d6b/out/build/src -L native=/tmp/cargo-mutants-amplihack-pr-YcCg5x.tmp/target/debug/build/lbug-c2061b4e8dfc1d6b/out/build/third_party/utf8proc -L native=/tmp/cargo-mutants-amplihack-pr-YcCg5x.tmp/target/debug/build/lbug-c2061b4e8dfc1d6b/out/build/third_party/antlr4_cypher -L native=/tmp/cargo-mutants-amplihack-pr-YcCg5x.tmp/target/debug/build/lbug-c2061b4e8dfc1d6b/out/build/third_party/antlr4_runtime -L native=/tmp/cargo-mutants-amplihack-pr-YcCg5x.tmp/target/debug/build/lbug-c2061b4e8dfc1d6b/out/build/third_party/re2 -L native=/tmp/cargo-mutants-amplihack-pr-YcCg5x.tmp/target/debug/build/lbug-c2061b4e8dfc1d6b/out/build/third_party/brotli -L native=/tmp/cargo-mutants-amplihack-pr-YcCg5x.tmp/target/debug/build/lbug-c2061b4e8dfc1d6b/out/build/third_party/alp -L native=/tmp/cargo-mutants-amplihack-pr-YcCg5x.tmp/target/debug/build/lbug-c2061b4e8dfc1d6b/out/build/third_party/fastpfor -L native=/tmp/cargo-mutants-amplihack-pr-YcCg5x.tmp/target/debug/build/lbug-c2061b4e8dfc1d6b/out/build/third_party/parquet -L native=/tmp/cargo-mutants-amplihack-pr-YcCg5x.tmp/target/debug/build/lbug-c2061b4e8dfc1d6b/out/build/third_party/thrift -L native=/tmp/cargo-mutants-amplihack-pr-YcCg5x.tmp/target/debug/build/lbug-c2061b4e8dfc1d6b/out/build/third_party/snappy -L native=/tmp/cargo-mutants-amplihack-pr-YcCg5x.tmp/target/debug/build/lbug-c2061b4e8dfc1d6b/out/build/third_party/zstd -L native=/tmp/cargo-mutants-amplihack-pr-YcCg5x.tmp/target/debug/build/lbug-c2061b4e8dfc1d6b/out/build/third_party/miniz -L native=/tmp/cargo-mutants-amplihack-pr-YcCg5x.tmp/target/debug/build/lbug-c2061b4e8dfc1d6b/out/build/third_party/mbedtls -L native=/tmp/cargo-mutants-amplihack-pr-YcCg5x.tmp/target/debug/build/lbug-c2061b4e8dfc1d6b/out/build/third_party/lz4 -L native=/tmp/cargo-mutants-amplihack-pr-YcCg5x.tmp/target/debug/build/lbug-c2061b4e8dfc1d6b/out/build/third_party/roaring_bitmap -L native=/tmp/cargo-mutants-amplihack-pr-YcCg5x.tmp/target/debug/build/lbug-c2061b4e8dfc1d6b/out/build/third_party/simsimd -L native=/tmp/cargo-mutants-amplihack-pr-YcCg5x.tmp/target/debug/build/lbug-c2061b4e8dfc1d6b/out/build/third_party/yyjson -L native=/tmp/cargo-mutants-amplihack-pr-YcCg5x.tmp/target/debug/build/lbug-c2061b4e8dfc1d6b/out -L native=/tmp/cargo-mutants-amplihack-pr-YcCg5x.tmp/target/debug/build/cxx-3dafb46d76064c7e/out -L native=/tmp/cargo-mutants-amplihack-pr-YcCg5x.tmp/target/debug/build/link-cplusplus-99e4942e4cf65b7c/out -L native=/tmp/cargo-mutants-amplihack-pr-YcCg5x.tmp/target/debug/build/libsqlite3-sys-f4dcd415928f89cb/out -L native=/tmp/cargo-mutants-amplihack-pr-YcCg5x.tmp/target/debug/build/ring-439005edc122cf5b/out`
     Running `/home/azureuser/.rustup/toolchains/1.97.0-x86_64-unknown-linux-gnu/bin/rustc --crate-name issue_820_merge_validations_mixed_output --edition=2024 crates/amplihack-cli/tests/issue_820_merge_validations_mixed_output.rs --error-format=json --json=diagnostic-rendered-ansi,artifacts,future-incompat --emit=dep-info,link -C embed-bitcode=no -C debuginfo=line-tables-only --warn=unexpected_cfgs --check-cfg 'cfg(kani)' --test --cfg 'feature="default"' --check-cfg 'cfg(docsrs,test)' --check-cfg 'cfg(feature, values("default", "signal", "test-support"))' -C metadata=fedc36fbb073b95e -C extra-filename=-da2592b7abb30107 --out-dir /tmp/cargo-mutants-amplihack-pr-YcCg5x.tmp/target/debug/deps -C incremental=/tmp/cargo-mutants-amplihack-pr-YcCg5x.tmp/target/debug/incremental -L dependency=/tmp/cargo-mutants-amplihack-pr-YcCg5x.tmp/target/debug/deps --extern amplihack_builders=/tmp/cargo-mutants-amplihack-pr-YcCg5x.tmp/target/debug/deps/libamplihack_builders-03993fac7567dfac.rlib --extern amplihack_cli=/tmp/cargo-mutants-amplihack-pr-YcCg5x.tmp/target/debug/deps/libamplihack_cli-29d762ce3c0fd35c.rlib --extern amplihack_hive=/tmp/cargo-mutants-amplihack-pr-YcCg5x.tmp/target/debug/deps/libamplihack_hive-7dcf48bdaeaf754c.rlib --extern amplihack_launcher=/tmp/cargo-mutants-amplihack-pr-YcCg5x.tmp/target/debug/deps/libamplihack_launcher-a0b196619987966a.rlib --extern amplihack_memory=/tmp/cargo-mutants-amplihack-pr-YcCg5x.tmp/target/debug/deps/libamplihack_memory-52ac4db15a775e5a.rlib --extern amplihack_orchestration=/tmp/cargo-mutants-amplihack-pr-YcCg5x.tmp/target/debug/deps/libamplihack_orchestration-ed20700a2c166be7.rlib --extern amplihack_reflection=/tmp/cargo-mutants-amplihack-pr-YcCg5x.tmp/target/debug/deps/libamplihack_reflection-9fc868256a9530da.rlib --extern amplihack_remote=/tmp/cargo-mutants-amplihack-pr-YcCg5x.tmp/target/debug/deps/libamplihack_remote-bda9eaf1668cac2f.rlib --extern amplihack_signal=/tmp/cargo-mutants-amplihack-pr-YcCg5x.tmp/target/debug/deps/libamplihack_signal-12b09c972d1bf694.rlib --extern amplihack_state=/tmp/cargo-mutants-amplihack-pr-YcCg5x.tmp/target/debug/deps/libamplihack_state-5bfc4593aa3c2735.rlib --extern amplihack_turn=/tmp/cargo-mutants-amplihack-pr-YcCg5x.tmp/target/debug/deps/libamplihack_turn-bf066a2c4d2d9785.rlib --extern amplihack_types=/tmp/cargo-mutants-amplihack-pr-YcCg5x.tmp/target/debug/deps/libamplihack_types-5aa2c2ee7df7bcf4.rlib --extern amplihack_utils=/tmp/cargo-mutants-amplihack-pr-YcCg5x.tmp/target/debug/deps/libamplihack_utils-08a9c706cfc82cac.rlib --extern amplihack_workflows=/tmp/cargo-mutants-amplihack-pr-YcCg5x.tmp/target/debug/deps/libamplihack_workflows-15e51595127c129b.rlib --extern anyhow=/tmp/cargo-mutants-amplihack-pr-YcCg5x.tmp/target/debug/deps/libanyhow-aaead62bc88b9429.rlib --extern assert_cmd=/tmp/cargo-mutants-amplihack-pr-YcCg5x.tmp/target/debug/deps/libassert_cmd-7a96199b9b843959.rlib --extern async_trait=/tmp/cargo-mutants-amplihack-pr-YcCg5x.tmp/target/debug/deps/libasync_trait-601d0c3ace375beb.so --extern chrono=/tmp/cargo-mutants-amplihack-pr-YcCg5x.tmp/target/debug/deps/libchrono-698d0514bedff45c.rlib --extern clap=/tmp/cargo-mutants-amplihack-pr-YcCg5x.tmp/target/debug/deps/libclap-0a08011544f8a5b8.rlib --extern clap_complete=/tmp/cargo-mutants-amplihack-pr-YcCg5x.tmp/target/debug/deps/libclap_complete-037496bed915a9d8.rlib --extern dialoguer=/tmp/cargo-mutants-amplihack-pr-YcCg5x.tmp/target/debug/deps/libdialoguer-701eb5d666153ef9.rlib --extern flate2=/tmp/cargo-mutants-amplihack-pr-YcCg5x.tmp/target/debug/deps/libflate2-c3906d7a8bde7622.rlib --extern fs4=/tmp/cargo-mutants-amplihack-pr-YcCg5x.tmp/target/debug/deps/libfs4-5b0e4af1974bf2a4.rlib --extern lbug=/tmp/cargo-mutants-amplihack-pr-YcCg5x.tmp/target/debug/deps/liblbug-59cfc3aac2014f89.rlib --extern libc=/tmp/cargo-mutants-amplihack-pr-YcCg5x.tmp/target/debug/deps/liblibc-4d73f44b645ff25b.rlib --extern lru=/tmp/cargo-mutants-amplihack-pr-YcCg5x.tmp/target/debug/deps/liblru-7e6e70a4ddd6b98d.rlib --extern prost=/tmp/cargo-mutants-amplihack-pr-YcCg5x.tmp/target/debug/deps/libprost-add16c9af461c9ee.rlib --extern regex=/tmp/cargo-mutants-amplihack-pr-YcCg5x.tmp/target/debug/deps/libregex-03ca1be4cec3c16d.rlib --extern rexpect=/tmp/cargo-mutants-amplihack-pr-YcCg5x.tmp/target/debug/deps/librexpect-5a0111470db11a54.rlib --extern rusqlite=/tmp/cargo-mutants-amplihack-pr-YcCg5x.tmp/target/debug/deps/librusqlite-90f542ebc6046a0d.rlib --extern semver=/tmp/cargo-mutants-amplihack-pr-YcCg5x.tmp/target/debug/deps/libsemver-d1ac1c952db7cf2d.rlib --extern serde=/tmp/cargo-mutants-amplihack-pr-YcCg5x.tmp/target/debug/deps/libserde-9862aaefd1081862.rlib --extern serde_json=/tmp/cargo-mutants-amplihack-pr-YcCg5x.tmp/target/debug/deps/libserde_json-061c00ff3e9853d1.rlib --extern serde_yaml=/tmp/cargo-mutants-amplihack-pr-YcCg5x.tmp/target/debug/deps/libserde_yaml-32f4debdc5c586ac.rlib --extern sha2=/tmp/cargo-mutants-amplihack-pr-YcCg5x.tmp/target/debug/deps/libsha2-9bd26e6f526c10f4.rlib --extern signal_hook=/tmp/cargo-mutants-amplihack-pr-YcCg5x.tmp/target/debug/deps/libsignal_hook-016995c66640b093.rlib --extern tar=/tmp/cargo-mutants-amplihack-pr-YcCg5x.tmp/target/debug/deps/libtar-739a95e6c50d0407.rlib --extern tempfile=/tmp/cargo-mutants-amplihack-pr-YcCg5x.tmp/target/debug/deps/libtempfile-5a176b43127bd653.rlib --extern thiserror=/tmp/cargo-mutants-amplihack-pr-YcCg5x.tmp/target/debug/deps/libthiserror-2e6c1412a455e99c.rlib --extern time=/tmp/cargo-mutants-amplihack-pr-YcCg5x.tmp/target/debug/deps/libtime-16367d88b56805ba.rlib --extern tokio=/tmp/cargo-mutants-amplihack-pr-YcCg5x.tmp/target/debug/deps/libtokio-72d59edba91c3e05.rlib --extern toml=/tmp/cargo-mutants-amplihack-pr-YcCg5x.tmp/target/debug/deps/libtoml-1a9bef83c37016d2.rlib --extern tracing=/tmp/cargo-mutants-amplihack-pr-YcCg5x.tmp/target/debug/deps/libtracing-c155b65c27f48072.rlib --extern tracing_subscriber=/tmp/cargo-mutants-amplihack-pr-YcCg5x.tmp/target/debug/deps/libtracing_subscriber-0a1c6037d6d0ddb6.rlib --extern ureq=/tmp/cargo-mutants-amplihack-pr-YcCg5x.tmp/target/debug/deps/libureq-a52054ce8bf46ff7.rlib --extern uuid=/tmp/cargo-mutants-amplihack-pr-YcCg5x.tmp/target/debug/deps/libuuid-d03d2fc21fd13b3e.rlib --extern zip=/tmp/cargo-mutants-amplihack-pr-YcCg5x.tmp/target/debug/deps/libzip-8228d34f1cec4b5d.rlib -L native=/tmp/cargo-mutants-amplihack-pr-YcCg5x.tmp/target/debug/build/lbug-c2061b4e8dfc1d6b/out/build/src -L native=/tmp/cargo-mutants-amplihack-pr-YcCg5x.tmp/target/debug/build/lbug-c2061b4e8dfc1d6b/out/build/third_party/utf8proc -L native=/tmp/cargo-mutants-amplihack-pr-YcCg5x.tmp/target/debug/build/lbug-c2061b4e8dfc1d6b/out/build/third_party/antlr4_cypher -L native=/tmp/cargo-mutants-amplihack-pr-YcCg5x.tmp/target/debug/build/lbug-c2061b4e8dfc1d6b/out/build/third_party/antlr4_runtime -L native=/tmp/cargo-mutants-amplihack-pr-YcCg5x.tmp/target/debug/build/lbug-c2061b4e8dfc1d6b/out/build/third_party/re2 -L native=/tmp/cargo-mutants-amplihack-pr-YcCg5x.tmp/target/debug/build/lbug-c2061b4e8dfc1d6b/out/build/third_party/brotli -L native=/tmp/cargo-mutants-amplihack-pr-YcCg5x.tmp/target/debug/build/lbug-c2061b4e8dfc1d6b/out/build/third_party/alp -L native=/tmp/cargo-mutants-amplihack-pr-YcCg5x.tmp/target/debug/build/lbug-c2061b4e8dfc1d6b/out/build/third_party/fastpfor -L native=/tmp/cargo-mutants-amplihack-pr-YcCg5x.tmp/target/debug/build/lbug-c2061b4e8dfc1d6b/out/build/third_party/parquet -L native=/tmp/cargo-mutants-amplihack-pr-YcCg5x.tmp/target/debug/build/lbug-c2061b4e8dfc1d6b/out/build/third_party/thrift -L native=/tmp/cargo-mutants-amplihack-pr-YcCg5x.tmp/target/debug/build/lbug-c2061b4e8dfc1d6b/out/build/third_party/snappy -L native=/tmp/cargo-mutants-amplihack-pr-YcCg5x.tmp/target/debug/build/lbug-c2061b4e8dfc1d6b/out/build/third_party/zstd -L native=/tmp/cargo-mutants-amplihack-pr-YcCg5x.tmp/target/debug/build/lbug-c2061b4e8dfc1d6b/out/build/third_party/miniz -L native=/tmp/cargo-mutants-amplihack-pr-YcCg5x.tmp/target/debug/build/lbug-c2061b4e8dfc1d6b/out/build/third_party/mbedtls -L native=/tmp/cargo-mutants-amplihack-pr-YcCg5x.tmp/target/debug/build/lbug-c2061b4e8dfc1d6b/out/build/third_party/lz4 -L native=/tmp/cargo-mutants-amplihack-pr-YcCg5x.tmp/target/debug/build/lbug-c2061b4e8dfc1d6b/out/build/third_party/roaring_bitmap -L native=/tmp/cargo-mutants-amplihack-pr-YcCg5x.tmp/target/debug/build/lbug-c2061b4e8dfc1d6b/out/build/third_party/simsimd -L native=/tmp/cargo-mutants-amplihack-pr-YcCg5x.tmp/target/debug/build/lbug-c2061b4e8dfc1d6b/out/build/third_party/yyjson -L native=/tmp/cargo-mutants-amplihack-pr-YcCg5x.tmp/target/debug/build/lbug-c2061b4e8dfc1d6b/out -L native=/tmp/cargo-mutants-amplihack-pr-YcCg5x.tmp/target/debug/build/cxx-3dafb46d76064c7e/out -L native=/tmp/cargo-mutants-amplihack-pr-YcCg5x.tmp/target/debug/build/link-cplusplus-99e4942e4cf65b7c/out -L native=/tmp/cargo-mutants-amplihack-pr-YcCg5x.tmp/target/debug/build/libsqlite3-sys-f4dcd415928f89cb/out -L native=/tmp/cargo-mutants-amplihack-pr-YcCg5x.tmp/target/debug/build/ring-439005edc122cf5b/out`
     Running `/home/azureuser/.rustup/toolchains/1.97.0-x86_64-unknown-linux-gnu/bin/rustc --crate-name claude_install_contract --edition=2024 crates/amplihack-cli/tests/claude_install_contract.rs --error-format=json --json=diagnostic-rendered-ansi,artifacts,future-incompat --emit=dep-info,link -C embed-bitcode=no -C debuginfo=line-tables-only --warn=unexpected_cfgs --check-cfg 'cfg(kani)' --test --cfg 'feature="default"' --check-cfg 'cfg(docsrs,test)' --check-cfg 'cfg(feature, values("default", "signal", "test-support"))' -C metadata=2d56b15866ad1b38 -C extra-filename=-4b076b0c025c0c1d --out-dir /tmp/cargo-mutants-amplihack-pr-YcCg5x.tmp/target/debug/deps -C incremental=/tmp/cargo-mutants-amplihack-pr-YcCg5x.tmp/target/debug/incremental -L dependency=/tmp/cargo-mutants-amplihack-pr-YcCg5x.tmp/target/debug/deps --extern amplihack_builders=/tmp/cargo-mutants-amplihack-pr-YcCg5x.tmp/target/debug/deps/libamplihack_builders-03993fac7567dfac.rlib --extern amplihack_cli=/tmp/cargo-mutants-amplihack-pr-YcCg5x.tmp/target/debug/deps/libamplihack_cli-29d762ce3c0fd35c.rlib --extern amplihack_hive=/tmp/cargo-mutants-amplihack-pr-YcCg5x.tmp/target/debug/deps/libamplihack_hive-7dcf48bdaeaf754c.rlib --extern amplihack_launcher=/tmp/cargo-mutants-amplihack-pr-YcCg5x.tmp/target/debug/deps/libamplihack_launcher-a0b196619987966a.rlib --extern amplihack_memory=/tmp/cargo-mutants-amplihack-pr-YcCg5x.tmp/target/debug/deps/libamplihack_memory-52ac4db15a775e5a.rlib --extern amplihack_orchestration=/tmp/cargo-mutants-amplihack-pr-YcCg5x.tmp/target/debug/deps/libamplihack_orchestration-ed20700a2c166be7.rlib --extern amplihack_reflection=/tmp/cargo-mutants-amplihack-pr-YcCg5x.tmp/target/debug/deps/libamplihack_reflection-9fc868256a9530da.rlib --extern amplihack_remote=/tmp/cargo-mutants-amplihack-pr-YcCg5x.tmp/target/debug/deps/libamplihack_remote-bda9eaf1668cac2f.rlib --extern amplihack_signal=/tmp/cargo-mutants-amplihack-pr-YcCg5x.tmp/target/debug/deps/libamplihack_signal-12b09c972d1bf694.rlib --extern amplihack_state=/tmp/cargo-mutants-amplihack-pr-YcCg5x.tmp/target/debug/deps/libamplihack_state-5bfc4593aa3c2735.rlib --extern amplihack_turn=/tmp/cargo-mutants-amplihack-pr-YcCg5x.tmp/target/debug/deps/libamplihack_turn-bf066a2c4d2d9785.rlib --extern amplihack_types=/tmp/cargo-mutants-amplihack-pr-YcCg5x.tmp/target/debug/deps/libamplihack_types-5aa2c2ee7df7bcf4.rlib --extern amplihack_utils=/tmp/cargo-mutants-amplihack-pr-YcCg5x.tmp/target/debug/deps/libamplihack_utils-08a9c706cfc82cac.rlib --extern amplihack_workflows=/tmp/cargo-mutants-amplihack-pr-YcCg5x.tmp/target/debug/deps/libamplihack_workflows-15e51595127c129b.rlib --extern anyhow=/tmp/cargo-mutants-amplihack-pr-YcCg5x.tmp/target/debug/deps/libanyhow-aaead62bc88b9429.rlib --extern assert_cmd=/tmp/cargo-mutants-amplihack-pr-YcCg5x.tmp/target/debug/deps/libassert_cmd-7a96199b9b843959.rlib --extern async_trait=/tmp/cargo-mutants-amplihack-pr-YcCg5x.tmp/target/debug/deps/libasync_trait-601d0c3ace375beb.so --extern chrono=/tmp/cargo-mutants-amplihack-pr-YcCg5x.tmp/target/debug/deps/libchrono-698d0514bedff45c.rlib --extern clap=/tmp/cargo-mutants-amplihack-pr-YcCg5x.tmp/target/debug/deps/libclap-0a08011544f8a5b8.rlib --extern clap_complete=/tmp/cargo-mutants-amplihack-pr-YcCg5x.tmp/target/debug/deps/libclap_complete-037496bed915a9d8.rlib --extern dialoguer=/tmp/cargo-mutants-amplihack-pr-YcCg5x.tmp/target/debug/deps/libdialoguer-701eb5d666153ef9.rlib --extern flate2=/tmp/cargo-mutants-amplihack-pr-YcCg5x.tmp/target/debug/deps/libflate2-c3906d7a8bde7622.rlib --extern fs4=/tmp/cargo-mutants-amplihack-pr-YcCg5x.tmp/target/debug/deps/libfs4-5b0e4af1974bf2a4.rlib --extern lbug=/tmp/cargo-mutants-amplihack-pr-YcCg5x.tmp/target/debug/deps/liblbug-59cfc3aac2014f89.rlib --extern libc=/tmp/cargo-mutants-amplihack-pr-YcCg5x.tmp/target/debug/deps/liblibc-4d73f44b645ff25b.rlib --extern lru=/tmp/cargo-mutants-amplihack-pr-YcCg5x.tmp/target/debug/deps/liblru-7e6e70a4ddd6b98d.rlib --extern prost=/tmp/cargo-mutants-amplihack-pr-YcCg5x.tmp/target/debug/deps/libprost-add16c9af461c9ee.rlib --extern regex=/tmp/cargo-mutants-amplihack-pr-YcCg5x.tmp/target/debug/deps/libregex-03ca1be4cec3c16d.rlib --extern rexpect=/tmp/cargo-mutants-amplihack-pr-YcCg5x.tmp/target/debug/deps/librexpect-5a0111470db11a54.rlib --extern rusqlite=/tmp/cargo-mutants-amplihack-pr-YcCg5x.tmp/target/debug/deps/librusqlite-90f542ebc6046a0d.rlib --extern semver=/tmp/cargo-mutants-amplihack-pr-YcCg5x.tmp/target/debug/deps/libsemver-d1ac1c952db7cf2d.rlib --extern serde=/tmp/cargo-mutants-amplihack-pr-YcCg5x.tmp/target/debug/deps/libserde-9862aaefd1081862.rlib --extern serde_json=/tmp/cargo-mutants-amplihack-pr-YcCg5x.tmp/target/debug/deps/libserde_json-061c00ff3e9853d1.rlib --extern serde_yaml=/tmp/cargo-mutants-amplihack-pr-YcCg5x.tmp/target/debug/deps/libserde_yaml-32f4debdc5c586ac.rlib --extern sha2=/tmp/cargo-mutants-amplihack-pr-YcCg5x.tmp/target/debug/deps/libsha2-9bd26e6f526c10f4.rlib --extern signal_hook=/tmp/cargo-mutants-amplihack-pr-YcCg5x.tmp/target/debug/deps/libsignal_hook-016995c66640b093.rlib --extern tar=/tmp/cargo-mutants-amplihack-pr-YcCg5x.tmp/target/debug/deps/libtar-739a95e6c50d0407.rlib --extern tempfile=/tmp/cargo-mutants-amplihack-pr-YcCg5x.tmp/target/debug/deps/libtempfile-5a176b43127bd653.rlib --extern thiserror=/tmp/cargo-mutants-amplihack-pr-YcCg5x.tmp/target/debug/deps/libthiserror-2e6c1412a455e99c.rlib --extern time=/tmp/cargo-mutants-amplihack-pr-YcCg5x.tmp/target/debug/deps/libtime-16367d88b56805ba.rlib --extern tokio=/tmp/cargo-mutants-amplihack-pr-YcCg5x.tmp/target/debug/deps/libtokio-72d59edba91c3e05.rlib --extern toml=/tmp/cargo-mutants-amplihack-pr-YcCg5x.tmp/target/debug/deps/libtoml-1a9bef83c37016d2.rlib --extern tracing=/tmp/cargo-mutants-amplihack-pr-YcCg5x.tmp/target/debug/deps/libtracing-c155b65c27f48072.rlib --extern tracing_subscriber=/tmp/cargo-mutants-amplihack-pr-YcCg5x.tmp/target/debug/deps/libtracing_subscriber-0a1c6037d6d0ddb6.rlib --extern ureq=/tmp/cargo-mutants-amplihack-pr-YcCg5x.tmp/target/debug/deps/libureq-a52054ce8bf46ff7.rlib --extern uuid=/tmp/cargo-mutants-amplihack-pr-YcCg5x.tmp/target/debug/deps/libuuid-d03d2fc21fd13b3e.rlib --extern zip=/tmp/cargo-mutants-amplihack-pr-YcCg5x.tmp/target/debug/deps/libzip-8228d34f1cec4b5d.rlib -L native=/tmp/cargo-mutants-amplihack-pr-YcCg5x.tmp/target/debug/build/lbug-c2061b4e8dfc1d6b/out/build/src -L native=/tmp/cargo-mutants-amplihack-pr-YcCg5x.tmp/target/debug/build/lbug-c2061b4e8dfc1d6b/out/build/third_party/utf8proc -L native=/tmp/cargo-mutants-amplihack-pr-YcCg5x.tmp/target/debug/build/lbug-c2061b4e8dfc1d6b/out/build/third_party/antlr4_cypher -L native=/tmp/cargo-mutants-amplihack-pr-YcCg5x.tmp/target/debug/build/lbug-c2061b4e8dfc1d6b/out/build/third_party/antlr4_runtime -L native=/tmp/cargo-mutants-amplihack-pr-YcCg5x.tmp/target/debug/build/lbug-c2061b4e8dfc1d6b/out/build/third_party/re2 -L native=/tmp/cargo-mutants-amplihack-pr-YcCg5x.tmp/target/debug/build/lbug-c2061b4e8dfc1d6b/out/build/third_party/brotli -L native=/tmp/cargo-mutants-amplihack-pr-YcCg5x.tmp/target/debug/build/lbug-c2061b4e8dfc1d6b/out/build/third_party/alp -L native=/tmp/cargo-mutants-amplihack-pr-YcCg5x.tmp/target/debug/build/lbug-c2061b4e8dfc1d6b/out/build/third_party/fastpfor -L native=/tmp/cargo-mutants-amplihack-pr-YcCg5x.tmp/target/debug/build/lbug-c2061b4e8dfc1d6b/out/build/third_party/parquet -L native=/tmp/cargo-mutants-amplihack-pr-YcCg5x.tmp/target/debug/build/lbug-c2061b4e8dfc1d6b/out/build/third_party/thrift -L native=/tmp/cargo-mutants-amplihack-pr-YcCg5x.tmp/target/debug/build/lbug-c2061b4e8dfc1d6b/out/build/third_party/snappy -L native=/tmp/cargo-mutants-amplihack-pr-YcCg5x.tmp/target/debug/build/lbug-c2061b4e8dfc1d6b/out/build/third_party/zstd -L native=/tmp/cargo-mutants-amplihack-pr-YcCg5x.tmp/target/debug/build/lbug-c2061b4e8dfc1d6b/out/build/third_party/miniz -L native=/tmp/cargo-mutants-amplihack-pr-YcCg5x.tmp/target/debug/build/lbug-c2061b4e8dfc1d6b/out/build/third_party/mbedtls -L native=/tmp/cargo-mutants-amplihack-pr-YcCg5x.tmp/target/debug/build/lbug-c2061b4e8dfc1d6b/out/build/third_party/lz4 -L native=/tmp/cargo-mutants-amplihack-pr-YcCg5x.tmp/target/debug/build/lbug-c2061b4e8dfc1d6b/out/build/third_party/roaring_bitmap -L native=/tmp/cargo-mutants-amplihack-pr-YcCg5x.tmp/target/debug/build/lbug-c2061b4e8dfc1d6b/out/build/third_party/simsimd -L native=/tmp/cargo-mutants-amplihack-pr-YcCg5x.tmp/target/debug/build/lbug-c2061b4e8dfc1d6b/out/build/third_party/yyjson -L native=/tmp/cargo-mutants-amplihack-pr-YcCg5x.tmp/target/debug/build/lbug-c2061b4e8dfc1d6b/out -L native=/tmp/cargo-mutants-amplihack-pr-YcCg5x.tmp/target/debug/build/cxx-3dafb46d76064c7e/out -L native=/tmp/cargo-mutants-amplihack-pr-YcCg5x.tmp/target/debug/build/link-cplusplus-99e4942e4cf65b7c/out -L native=/tmp/cargo-mutants-amplihack-pr-YcCg5x.tmp/target/debug/build/libsqlite3-sys-f4dcd415928f89cb/out -L native=/tmp/cargo-mutants-amplihack-pr-YcCg5x.tmp/target/debug/build/ring-439005edc122cf5b/out`
     Running `/home/azureuser/.rustup/toolchains/1.97.0-x86_64-unknown-linux-gnu/bin/rustc --crate-name issue_646_quality_audit_cycle_bugs --edition=2024 crates/amplihack-cli/tests/issue_646_quality_audit_cycle_bugs.rs --error-format=json --json=diagnostic-rendered-ansi,artifacts,future-incompat --emit=dep-info,link -C embed-bitcode=no -C debuginfo=line-tables-only --warn=unexpected_cfgs --check-cfg 'cfg(kani)' --test --cfg 'feature="default"' --check-cfg 'cfg(docsrs,test)' --check-cfg 'cfg(feature, values("default", "signal", "test-support"))' -C metadata=2203210188468849 -C extra-filename=-2c787350d92ed478 --out-dir /tmp/cargo-mutants-amplihack-pr-YcCg5x.tmp/target/debug/deps -C incremental=/tmp/cargo-mutants-amplihack-pr-YcCg5x.tmp/target/debug/incremental -L dependency=/tmp/cargo-mutants-amplihack-pr-YcCg5x.tmp/target/debug/deps --extern amplihack_builders=/tmp/cargo-mutants-amplihack-pr-YcCg5x.tmp/target/debug/deps/libamplihack_builders-03993fac7567dfac.rlib --extern amplihack_cli=/tmp/cargo-mutants-amplihack-pr-YcCg5x.tmp/target/debug/deps/libamplihack_cli-29d762ce3c0fd35c.rlib --extern amplihack_hive=/tmp/cargo-mutants-amplihack-pr-YcCg5x.tmp/target/debug/deps/libamplihack_hive-7dcf48bdaeaf754c.rlib --extern amplihack_launcher=/tmp/cargo-mutants-amplihack-pr-YcCg5x.tmp/target/debug/deps/libamplihack_launcher-a0b196619987966a.rlib --extern amplihack_memory=/tmp/cargo-mutants-amplihack-pr-YcCg5x.tmp/target/debug/deps/libamplihack_memory-52ac4db15a775e5a.rlib --extern amplihack_orchestration=/tmp/cargo-mutants-amplihack-pr-YcCg5x.tmp/target/debug/deps/libamplihack_orchestration-ed20700a2c166be7.rlib --extern amplihack_reflection=/tmp/cargo-mutants-amplihack-pr-YcCg5x.tmp/target/debug/deps/libamplihack_reflection-9fc868256a9530da.rlib --extern amplihack_remote=/tmp/cargo-mutants-amplihack-pr-YcCg5x.tmp/target/debug/deps/libamplihack_remote-bda9eaf1668cac2f.rlib --extern amplihack_signal=/tmp/cargo-mutants-amplihack-pr-YcCg5x.tmp/target/debug/deps/libamplihack_signal-12b09c972d1bf694.rlib --extern amplihack_state=/tmp/cargo-mutants-amplihack-pr-YcCg5x.tmp/target/debug/deps/libamplihack_state-5bfc4593aa3c2735.rlib --extern amplihack_turn=/tmp/cargo-mutants-amplihack-pr-YcCg5x.tmp/target/debug/deps/libamplihack_turn-bf066a2c4d2d9785.rlib --extern amplihack_types=/tmp/cargo-mutants-amplihack-pr-YcCg5x.tmp/target/debug/deps/libamplihack_types-5aa2c2ee7df7bcf4.rlib --extern amplihack_utils=/tmp/cargo-mutants-amplihack-pr-YcCg5x.tmp/target/debug/deps/libamplihack_utils-08a9c706cfc82cac.rlib --extern amplihack_workflows=/tmp/cargo-mutants-amplihack-pr-YcCg5x.tmp/target/debug/deps/libamplihack_workflows-15e51595127c129b.rlib --extern anyhow=/tmp/cargo-mutants-amplihack-pr-YcCg5x.tmp/target/debug/deps/libanyhow-aaead62bc88b9429.rlib --extern assert_cmd=/tmp/cargo-mutants-amplihack-pr-YcCg5x.tmp/target/debug/deps/libassert_cmd-7a96199b9b843959.rlib --extern async_trait=/tmp/cargo-mutants-amplihack-pr-YcCg5x.tmp/target/debug/deps/libasync_trait-601d0c3ace375beb.so --extern chrono=/tmp/cargo-mutants-amplihack-pr-YcCg5x.tmp/target/debug/deps/libchrono-698d0514bedff45c.rlib --extern clap=/tmp/cargo-mutants-amplihack-pr-YcCg5x.tmp/target/debug/deps/libclap-0a08011544f8a5b8.rlib --extern clap_complete=/tmp/cargo-mutants-amplihack-pr-YcCg5x.tmp/target/debug/deps/libclap_complete-037496bed915a9d8.rlib --extern dialoguer=/tmp/cargo-mutants-amplihack-pr-YcCg5x.tmp/target/debug/deps/libdialoguer-701eb5d666153ef9.rlib --extern flate2=/tmp/cargo-mutants-amplihack-pr-YcCg5x.tmp/target/debug/deps/libflate2-c3906d7a8bde7622.rlib --extern fs4=/tmp/cargo-mutants-amplihack-pr-YcCg5x.tmp/target/debug/deps/libfs4-5b0e4af1974bf2a4.rlib --extern lbug=/tmp/cargo-mutants-amplihack-pr-YcCg5x.tmp/target/debug/deps/liblbug-59cfc3aac2014f89.rlib --extern libc=/tmp/cargo-mutants-amplihack-pr-YcCg5x.tmp/target/debug/deps/liblibc-4d73f44b645ff25b.rlib --extern lru=/tmp/cargo-mutants-amplihack-pr-YcCg5x.tmp/target/debug/deps/liblru-7e6e70a4ddd6b98d.rlib --extern prost=/tmp/cargo-mutants-amplihack-pr-YcCg5x.tmp/target/debug/deps/libprost-add16c9af461c9ee.rlib --extern regex=/tmp/cargo-mutants-amplihack-pr-YcCg5x.tmp/target/debug/deps/libregex-03ca1be4cec3c16d.rlib --extern rexpect=/tmp/cargo-mutants-amplihack-pr-YcCg5x.tmp/target/debug/deps/librexpect-5a0111470db11a54.rlib --extern rusqlite=/tmp/cargo-mutants-amplihack-pr-YcCg5x.tmp/target/debug/deps/librusqlite-90f542ebc6046a0d.rlib --extern semver=/tmp/cargo-mutants-amplihack-pr-YcCg5x.tmp/target/debug/deps/libsemver-d1ac1c952db7cf2d.rlib --extern serde=/tmp/cargo-mutants-amplihack-pr-YcCg5x.tmp/target/debug/deps/libserde-9862aaefd1081862.rlib --extern serde_json=/tmp/cargo-mutants-amplihack-pr-YcCg5x.tmp/target/debug/deps/libserde_json-061c00ff3e9853d1.rlib --extern serde_yaml=/tmp/cargo-mutants-amplihack-pr-YcCg5x.tmp/target/debug/deps/libserde_yaml-32f4debdc5c586ac.rlib --extern sha2=/tmp/cargo-mutants-amplihack-pr-YcCg5x.tmp/target/debug/deps/libsha2-9bd26e6f526c10f4.rlib --extern signal_hook=/tmp/cargo-mutants-amplihack-pr-YcCg5x.tmp/target/debug/deps/libsignal_hook-016995c66640b093.rlib --extern tar=/tmp/cargo-mutants-amplihack-pr-YcCg5x.tmp/target/debug/deps/libtar-739a95e6c50d0407.rlib --extern tempfile=/tmp/cargo-mutants-amplihack-pr-YcCg5x.tmp/target/debug/deps/libtempfile-5a176b43127bd653.rlib --extern thiserror=/tmp/cargo-mutants-amplihack-pr-YcCg5x.tmp/target/debug/deps/libthiserror-2e6c1412a455e99c.rlib --extern time=/tmp/cargo-mutants-amplihack-pr-YcCg5x.tmp/target/debug/deps/libtime-16367d88b56805ba.rlib --extern tokio=/tmp/cargo-mutants-amplihack-pr-YcCg5x.tmp/target/debug/deps/libtokio-72d59edba91c3e05.rlib --extern toml=/tmp/cargo-mutants-amplihack-pr-YcCg5x.tmp/target/debug/deps/libtoml-1a9bef83c37016d2.rlib --extern tracing=/tmp/cargo-mutants-amplihack-pr-YcCg5x.tmp/target/debug/deps/libtracing-c155b65c27f48072.rlib --extern tracing_subscriber=/tmp/cargo-mutants-amplihack-pr-YcCg5x.tmp/target/debug/deps/libtracing_subscriber-0a1c6037d6d0ddb6.rlib --extern ureq=/tmp/cargo-mutants-amplihack-pr-YcCg5x.tmp/target/debug/deps/libureq-a52054ce8bf46ff7.rlib --extern uuid=/tmp/cargo-mutants-amplihack-pr-YcCg5x.tmp/target/debug/deps/libuuid-d03d2fc21fd13b3e.rlib --extern zip=/tmp/cargo-mutants-amplihack-pr-YcCg5x.tmp/target/debug/deps/libzip-8228d34f1cec4b5d.rlib -L native=/tmp/cargo-mutants-amplihack-pr-YcCg5x.tmp/target/debug/build/lbug-c2061b4e8dfc1d6b/out/build/src -L native=/tmp/cargo-mutants-amplihack-pr-YcCg5x.tmp/target/debug/build/lbug-c2061b4e8dfc1d6b/out/build/third_party/utf8proc -L native=/tmp/cargo-mutants-amplihack-pr-YcCg5x.tmp/target/debug/build/lbug-c2061b4e8dfc1d6b/out/build/third_party/antlr4_cypher -L native=/tmp/cargo-mutants-amplihack-pr-YcCg5x.tmp/target/debug/build/lbug-c2061b4e8dfc1d6b/out/build/third_party/antlr4_runtime -L native=/tmp/cargo-mutants-amplihack-pr-YcCg5x.tmp/target/debug/build/lbug-c2061b4e8dfc1d6b/out/build/third_party/re2 -L native=/tmp/cargo-mutants-amplihack-pr-YcCg5x.tmp/target/debug/build/lbug-c2061b4e8dfc1d6b/out/build/third_party/brotli -L native=/tmp/cargo-mutants-amplihack-pr-YcCg5x.tmp/target/debug/build/lbug-c2061b4e8dfc1d6b/out/build/third_party/alp -L native=/tmp/cargo-mutants-amplihack-pr-YcCg5x.tmp/target/debug/build/lbug-c2061b4e8dfc1d6b/out/build/third_party/fastpfor -L native=/tmp/cargo-mutants-amplihack-pr-YcCg5x.tmp/target/debug/build/lbug-c2061b4e8dfc1d6b/out/build/third_party/parquet -L native=/tmp/cargo-mutants-amplihack-pr-YcCg5x.tmp/target/debug/build/lbug-c2061b4e8dfc1d6b/out/build/third_party/thrift -L native=/tmp/cargo-mutants-amplihack-pr-YcCg5x.tmp/target/debug/build/lbug-c2061b4e8dfc1d6b/out/build/third_party/snappy -L native=/tmp/cargo-mutants-amplihack-pr-YcCg5x.tmp/target/debug/build/lbug-c2061b4e8dfc1d6b/out/build/third_party/zstd -L native=/tmp/cargo-mutants-amplihack-pr-YcCg5x.tmp/target/debug/build/lbug-c2061b4e8dfc1d6b/out/build/third_party/miniz -L native=/tmp/cargo-mutants-amplihack-pr-YcCg5x.tmp/target/debug/build/lbug-c2061b4e8dfc1d6b/out/build/third_party/mbedtls -L native=/tmp/cargo-mutants-amplihack-pr-YcCg5x.tmp/target/debug/build/lbug-c2061b4e8dfc1d6b/out/build/third_party/lz4 -L native=/tmp/cargo-mutants-amplihack-pr-YcCg5x.tmp/target/debug/build/lbug-c2061b4e8dfc1d6b/out/build/third_party/roaring_bitmap -L native=/tmp/cargo-mutants-amplihack-pr-YcCg5x.tmp/target/debug/build/lbug-c2061b4e8dfc1d6b/out/build/third_party/simsimd -L native=/tmp/cargo-mutants-amplihack-pr-YcCg5x.tmp/target/debug/build/lbug-c2061b4e8dfc1d6b/out/build/third_party/yyjson -L native=/tmp/cargo-mutants-amplihack-pr-YcCg5x.tmp/target/debug/build/lbug-c2061b4e8dfc1d6b/out -L native=/tmp/cargo-mutants-amplihack-pr-YcCg5x.tmp/target/debug/build/cxx-3dafb46d76064c7e/out -L native=/tmp/cargo-mutants-amplihack-pr-YcCg5x.tmp/target/debug/build/link-cplusplus-99e4942e4cf65b7c/out -L native=/tmp/cargo-mutants-amplihack-pr-YcCg5x.tmp/target/debug/build/libsqlite3-sys-f4dcd415928f89cb/out -L native=/tmp/cargo-mutants-amplihack-pr-YcCg5x.tmp/target/debug/build/ring-439005edc122cf5b/out`
     Running `/home/azureuser/.rustup/toolchains/1.97.0-x86_64-unknown-linux-gnu/bin/rustc --crate-name bootstrap_claude_plugin --edition=2024 crates/amplihack-cli/examples/bootstrap_claude_plugin.rs --error-format=json --json=diagnostic-rendered-ansi,artifacts,future-incompat --crate-type bin --emit=dep-info,link -C embed-bitcode=no -C debuginfo=line-tables-only --warn=unexpected_cfgs --check-cfg 'cfg(kani)' --cfg 'feature="default"' --check-cfg 'cfg(docsrs,test)' --check-cfg 'cfg(feature, values("default", "signal", "test-support"))' -C metadata=3d85c93774e90741 -C extra-filename=-d9e205803ba82bff --out-dir /tmp/cargo-mutants-amplihack-pr-YcCg5x.tmp/target/debug/examples -C incremental=/tmp/cargo-mutants-amplihack-pr-YcCg5x.tmp/target/debug/incremental -L dependency=/tmp/cargo-mutants-amplihack-pr-YcCg5x.tmp/target/debug/deps --extern amplihack_builders=/tmp/cargo-mutants-amplihack-pr-YcCg5x.tmp/target/debug/deps/libamplihack_builders-03993fac7567dfac.rlib --extern amplihack_cli=/tmp/cargo-mutants-amplihack-pr-YcCg5x.tmp/target/debug/deps/libamplihack_cli-29d762ce3c0fd35c.rlib --extern amplihack_hive=/tmp/cargo-mutants-amplihack-pr-YcCg5x.tmp/target/debug/deps/libamplihack_hive-7dcf48bdaeaf754c.rlib --extern amplihack_launcher=/tmp/cargo-mutants-amplihack-pr-YcCg5x.tmp/target/debug/deps/libamplihack_launcher-a0b196619987966a.rlib --extern amplihack_memory=/tmp/cargo-mutants-amplihack-pr-YcCg5x.tmp/target/debug/deps/libamplihack_memory-52ac4db15a775e5a.rlib --extern amplihack_orchestration=/tmp/cargo-mutants-amplihack-pr-YcCg5x.tmp/target/debug/deps/libamplihack_orchestration-ed20700a2c166be7.rlib --extern amplihack_reflection=/tmp/cargo-mutants-amplihack-pr-YcCg5x.tmp/target/debug/deps/libamplihack_reflection-9fc868256a9530da.rlib --extern amplihack_remote=/tmp/cargo-mutants-amplihack-pr-YcCg5x.tmp/target/debug/deps/libamplihack_remote-bda9eaf1668cac2f.rlib --extern amplihack_signal=/tmp/cargo-mutants-amplihack-pr-YcCg5x.tmp/target/debug/deps/libamplihack_signal-12b09c972d1bf694.rlib --extern amplihack_state=/tmp/cargo-mutants-amplihack-pr-YcCg5x.tmp/target/debug/deps/libamplihack_state-5bfc4593aa3c2735.rlib --extern amplihack_turn=/tmp/cargo-mutants-amplihack-pr-YcCg5x.tmp/target/debug/deps/libamplihack_turn-bf066a2c4d2d9785.rlib --extern amplihack_types=/tmp/cargo-mutants-amplihack-pr-YcCg5x.tmp/target/debug/deps/libamplihack_types-5aa2c2ee7df7bcf4.rlib --extern amplihack_utils=/tmp/cargo-mutants-amplihack-pr-YcCg5x.tmp/target/debug/deps/libamplihack_utils-08a9c706cfc82cac.rlib --extern amplihack_workflows=/tmp/cargo-mutants-amplihack-pr-YcCg5x.tmp/target/debug/deps/libamplihack_workflows-15e51595127c129b.rlib --extern anyhow=/tmp/cargo-mutants-amplihack-pr-YcCg5x.tmp/target/debug/deps/libanyhow-aaead62bc88b9429.rlib --extern assert_cmd=/tmp/cargo-mutants-amplihack-pr-YcCg5x.tmp/target/debug/deps/libassert_cmd-7a96199b9b843959.rlib --extern async_trait=/tmp/cargo-mutants-amplihack-pr-YcCg5x.tmp/target/debug/deps/libasync_trait-601d0c3ace375beb.so --extern chrono=/tmp/cargo-mutants-amplihack-pr-YcCg5x.tmp/target/debug/deps/libchrono-698d0514bedff45c.rlib --extern clap=/tmp/cargo-mutants-amplihack-pr-YcCg5x.tmp/target/debug/deps/libclap-0a08011544f8a5b8.rlib --extern clap_complete=/tmp/cargo-mutants-amplihack-pr-YcCg5x.tmp/target/debug/deps/libclap_complete-037496bed915a9d8.rlib --extern dialoguer=/tmp/cargo-mutants-amplihack-pr-YcCg5x.tmp/target/debug/deps/libdialoguer-701eb5d666153ef9.rlib --extern flate2=/tmp/cargo-mutants-amplihack-pr-YcCg5x.tmp/target/debug/deps/libflate2-c3906d7a8bde7622.rlib --extern fs4=/tmp/cargo-mutants-amplihack-pr-YcCg5x.tmp/target/debug/deps/libfs4-5b0e4af1974bf2a4.rlib --extern lbug=/tmp/cargo-mutants-amplihack-pr-YcCg5x.tmp/target/debug/deps/liblbug-59cfc3aac2014f89.rlib --extern libc=/tmp/cargo-mutants-amplihack-pr-YcCg5x.tmp/target/debug/deps/liblibc-4d73f44b645ff25b.rlib --extern lru=/tmp/cargo-mutants-amplihack-pr-YcCg5x.tmp/target/debug/deps/liblru-7e6e70a4ddd6b98d.rlib --extern prost=/tmp/cargo-mutants-amplihack-pr-YcCg5x.tmp/target/debug/deps/libprost-add16c9af461c9ee.rlib --extern regex=/tmp/cargo-mutants-amplihack-pr-YcCg5x.tmp/target/debug/deps/libregex-03ca1be4cec3c16d.rlib --extern rexpect=/tmp/cargo-mutants-amplihack-pr-YcCg5x.tmp/target/debug/deps/librexpect-5a0111470db11a54.rlib --extern rusqlite=/tmp/cargo-mutants-amplihack-pr-YcCg5x.tmp/target/debug/deps/librusqlite-90f542ebc6046a0d.rlib --extern semver=/tmp/cargo-mutants-amplihack-pr-YcCg5x.tmp/target/debug/deps/libsemver-d1ac1c952db7cf2d.rlib --extern serde=/tmp/cargo-mutants-amplihack-pr-YcCg5x.tmp/target/debug/deps/libserde-9862aaefd1081862.rlib --extern serde_json=/tmp/cargo-mutants-amplihack-pr-YcCg5x.tmp/target/debug/deps/libserde_json-061c00ff3e9853d1.rlib --extern serde_yaml=/tmp/cargo-mutants-amplihack-pr-YcCg5x.tmp/target/debug/deps/libserde_yaml-32f4debdc5c586ac.rlib --extern sha2=/tmp/cargo-mutants-amplihack-pr-YcCg5x.tmp/target/debug/deps/libsha2-9bd26e6f526c10f4.rlib --extern signal_hook=/tmp/cargo-mutants-amplihack-pr-YcCg5x.tmp/target/debug/deps/libsignal_hook-016995c66640b093.rlib --extern tar=/tmp/cargo-mutants-amplihack-pr-YcCg5x.tmp/target/debug/deps/libtar-739a95e6c50d0407.rlib --extern tempfile=/tmp/cargo-mutants-amplihack-pr-YcCg5x.tmp/target/debug/deps/libtempfile-5a176b43127bd653.rlib --extern thiserror=/tmp/cargo-mutants-amplihack-pr-YcCg5x.tmp/target/debug/deps/libthiserror-2e6c1412a455e99c.rlib --extern time=/tmp/cargo-mutants-amplihack-pr-YcCg5x.tmp/target/debug/deps/libtime-16367d88b56805ba.rlib --extern tokio=/tmp/cargo-mutants-amplihack-pr-YcCg5x.tmp/target/debug/deps/libtokio-72d59edba91c3e05.rlib --extern toml=/tmp/cargo-mutants-amplihack-pr-YcCg5x.tmp/target/debug/deps/libtoml-1a9bef83c37016d2.rlib --extern tracing=/tmp/cargo-mutants-amplihack-pr-YcCg5x.tmp/target/debug/deps/libtracing-c155b65c27f48072.rlib --extern tracing_subscriber=/tmp/cargo-mutants-amplihack-pr-YcCg5x.tmp/target/debug/deps/libtracing_subscriber-0a1c6037d6d0ddb6.rlib --extern ureq=/tmp/cargo-mutants-amplihack-pr-YcCg5x.tmp/target/debug/deps/libureq-a52054ce8bf46ff7.rlib --extern uuid=/tmp/cargo-mutants-amplihack-pr-YcCg5x.tmp/target/debug/deps/libuuid-d03d2fc21fd13b3e.rlib --extern zip=/tmp/cargo-mutants-amplihack-pr-YcCg5x.tmp/target/debug/deps/libzip-8228d34f1cec4b5d.rlib -L native=/tmp/cargo-mutants-amplihack-pr-YcCg5x.tmp/target/debug/build/lbug-c2061b4e8dfc1d6b/out/build/src -L native=/tmp/cargo-mutants-amplihack-pr-YcCg5x.tmp/target/debug/build/lbug-c2061b4e8dfc1d6b/out/build/third_party/utf8proc -L native=/tmp/cargo-mutants-amplihack-pr-YcCg5x.tmp/target/debug/build/lbug-c2061b4e8dfc1d6b/out/build/third_party/antlr4_cypher -L native=/tmp/cargo-mutants-amplihack-pr-YcCg5x.tmp/target/debug/build/lbug-c2061b4e8dfc1d6b/out/build/third_party/antlr4_runtime -L native=/tmp/cargo-mutants-amplihack-pr-YcCg5x.tmp/target/debug/build/lbug-c2061b4e8dfc1d6b/out/build/third_party/re2 -L native=/tmp/cargo-mutants-amplihack-pr-YcCg5x.tmp/target/debug/build/lbug-c2061b4e8dfc1d6b/out/build/third_party/brotli -L native=/tmp/cargo-mutants-amplihack-pr-YcCg5x.tmp/target/debug/build/lbug-c2061b4e8dfc1d6b/out/build/third_party/alp -L native=/tmp/cargo-mutants-amplihack-pr-YcCg5x.tmp/target/debug/build/lbug-c2061b4e8dfc1d6b/out/build/third_party/fastpfor -L native=/tmp/cargo-mutants-amplihack-pr-YcCg5x.tmp/target/debug/build/lbug-c2061b4e8dfc1d6b/out/build/third_party/parquet -L native=/tmp/cargo-mutants-amplihack-pr-YcCg5x.tmp/target/debug/build/lbug-c2061b4e8dfc1d6b/out/build/third_party/thrift -L native=/tmp/cargo-mutants-amplihack-pr-YcCg5x.tmp/target/debug/build/lbug-c2061b4e8dfc1d6b/out/build/third_party/snappy -L native=/tmp/cargo-mutants-amplihack-pr-YcCg5x.tmp/target/debug/build/lbug-c2061b4e8dfc1d6b/out/build/third_party/zstd -L native=/tmp/cargo-mutants-amplihack-pr-YcCg5x.tmp/target/debug/build/lbug-c2061b4e8dfc1d6b/out/build/third_party/miniz -L native=/tmp/cargo-mutants-amplihack-pr-YcCg5x.tmp/target/debug/build/lbug-c2061b4e8dfc1d6b/out/build/third_party/mbedtls -L native=/tmp/cargo-mutants-amplihack-pr-YcCg5x.tmp/target/debug/build/lbug-c2061b4e8dfc1d6b/out/build/third_party/lz4 -L native=/tmp/cargo-mutants-amplihack-pr-YcCg5x.tmp/target/debug/build/lbug-c2061b4e8dfc1d6b/out/build/third_party/roaring_bitmap -L native=/tmp/cargo-mutants-amplihack-pr-YcCg5x.tmp/target/debug/build/lbug-c2061b4e8dfc1d6b/out/build/third_party/simsimd -L native=/tmp/cargo-mutants-amplihack-pr-YcCg5x.tmp/target/debug/build/lbug-c2061b4e8dfc1d6b/out/build/third_party/yyjson -L native=/tmp/cargo-mutants-amplihack-pr-YcCg5x.tmp/target/debug/build/lbug-c2061b4e8dfc1d6b/out -L native=/tmp/cargo-mutants-amplihack-pr-YcCg5x.tmp/target/debug/build/cxx-3dafb46d76064c7e/out -L native=/tmp/cargo-mutants-amplihack-pr-YcCg5x.tmp/target/debug/build/link-cplusplus-99e4942e4cf65b7c/out -L native=/tmp/cargo-mutants-amplihack-pr-YcCg5x.tmp/target/debug/build/libsqlite3-sys-f4dcd415928f89cb/out -L native=/tmp/cargo-mutants-amplihack-pr-YcCg5x.tmp/target/debug/build/ring-439005edc122cf5b/out`
     Running `/home/azureuser/.rustup/toolchains/1.97.0-x86_64-unknown-linux-gnu/bin/rustc --crate-name cargo_cxx_pin_test --edition=2024 crates/amplihack-cli/tests/cargo_cxx_pin_test.rs --error-format=json --json=diagnostic-rendered-ansi,artifacts,future-incompat --emit=dep-info,link -C embed-bitcode=no -C debuginfo=line-tables-only --warn=unexpected_cfgs --check-cfg 'cfg(kani)' --test --cfg 'feature="default"' --check-cfg 'cfg(docsrs,test)' --check-cfg 'cfg(feature, values("default", "signal", "test-support"))' -C metadata=c7e82114e7de84d4 -C extra-filename=-d851212899a88581 --out-dir /tmp/cargo-mutants-amplihack-pr-YcCg5x.tmp/target/debug/deps -C incremental=/tmp/cargo-mutants-amplihack-pr-YcCg5x.tmp/target/debug/incremental -L dependency=/tmp/cargo-mutants-amplihack-pr-YcCg5x.tmp/target/debug/deps --extern amplihack_builders=/tmp/cargo-mutants-amplihack-pr-YcCg5x.tmp/target/debug/deps/libamplihack_builders-03993fac7567dfac.rlib --extern amplihack_cli=/tmp/cargo-mutants-amplihack-pr-YcCg5x.tmp/target/debug/deps/libamplihack_cli-29d762ce3c0fd35c.rlib --extern amplihack_hive=/tmp/cargo-mutants-amplihack-pr-YcCg5x.tmp/target/debug/deps/libamplihack_hive-7dcf48bdaeaf754c.rlib --extern amplihack_launcher=/tmp/cargo-mutants-amplihack-pr-YcCg5x.tmp/target/debug/deps/libamplihack_launcher-a0b196619987966a.rlib --extern amplihack_memory=/tmp/cargo-mutants-amplihack-pr-YcCg5x.tmp/target/debug/deps/libamplihack_memory-52ac4db15a775e5a.rlib --extern amplihack_orchestration=/tmp/cargo-mutants-amplihack-pr-YcCg5x.tmp/target/debug/deps/libamplihack_orchestration-ed20700a2c166be7.rlib --extern amplihack_reflection=/tmp/cargo-mutants-amplihack-pr-YcCg5x.tmp/target/debug/deps/libamplihack_reflection-9fc868256a9530da.rlib --extern amplihack_remote=/tmp/cargo-mutants-amplihack-pr-YcCg5x.tmp/target/debug/deps/libamplihack_remote-bda9eaf1668cac2f.rlib --extern amplihack_signal=/tmp/cargo-mutants-amplihack-pr-YcCg5x.tmp/target/debug/deps/libamplihack_signal-12b09c972d1bf694.rlib --extern amplihack_state=/tmp/cargo-mutants-amplihack-pr-YcCg5x.tmp/target/debug/deps/libamplihack_state-5bfc4593aa3c2735.rlib --extern amplihack_turn=/tmp/cargo-mutants-amplihack-pr-YcCg5x.tmp/target/debug/deps/libamplihack_turn-bf066a2c4d2d9785.rlib --extern amplihack_types=/tmp/cargo-mutants-amplihack-pr-YcCg5x.tmp/target/debug/deps/libamplihack_types-5aa2c2ee7df7bcf4.rlib --extern amplihack_utils=/tmp/cargo-mutants-amplihack-pr-YcCg5x.tmp/target/debug/deps/libamplihack_utils-08a9c706cfc82cac.rlib --extern amplihack_workflows=/tmp/cargo-mutants-amplihack-pr-YcCg5x.tmp/target/debug/deps/libamplihack_workflows-15e51595127c129b.rlib --extern anyhow=/tmp/cargo-mutants-amplihack-pr-YcCg5x.tmp/target/debug/deps/libanyhow-aaead62bc88b9429.rlib --extern assert_cmd=/tmp/cargo-mutants-amplihack-pr-YcCg5x.tmp/target/debug/deps/libassert_cmd-7a96199b9b843959.rlib --extern async_trait=/tmp/cargo-mutants-amplihack-pr-YcCg5x.tmp/target/debug/deps/libasync_trait-601d0c3ace375beb.so --extern chrono=/tmp/cargo-mutants-amplihack-pr-YcCg5x.tmp/target/debug/deps/libchrono-698d0514bedff45c.rlib --extern clap=/tmp/cargo-mutants-amplihack-pr-YcCg5x.tmp/target/debug/deps/libclap-0a08011544f8a5b8.rlib --extern clap_complete=/tmp/cargo-mutants-amplihack-pr-YcCg5x.tmp/target/debug/deps/libclap_complete-037496bed915a9d8.rlib --extern dialoguer=/tmp/cargo-mutants-amplihack-pr-YcCg5x.tmp/target/debug/deps/libdialoguer-701eb5d666153ef9.rlib --extern flate2=/tmp/cargo-mutants-amplihack-pr-YcCg5x.tmp/target/debug/deps/libflate2-c3906d7a8bde7622.rlib --extern fs4=/tmp/cargo-mutants-amplihack-pr-YcCg5x.tmp/target/debug/deps/libfs4-5b0e4af1974bf2a4.rlib --extern lbug=/tmp/cargo-mutants-amplihack-pr-YcCg5x.tmp/target/debug/deps/liblbug-59cfc3aac2014f89.rlib --extern libc=/tmp/cargo-mutants-amplihack-pr-YcCg5x.tmp/target/debug/deps/liblibc-4d73f44b645ff25b.rlib --extern lru=/tmp/cargo-mutants-amplihack-pr-YcCg5x.tmp/target/debug/deps/liblru-7e6e70a4ddd6b98d.rlib --extern prost=/tmp/cargo-mutants-amplihack-pr-YcCg5x.tmp/target/debug/deps/libprost-add16c9af461c9ee.rlib --extern regex=/tmp/cargo-mutants-amplihack-pr-YcCg5x.tmp/target/debug/deps/libregex-03ca1be4cec3c16d.rlib --extern rexpect=/tmp/cargo-mutants-amplihack-pr-YcCg5x.tmp/target/debug/deps/librexpect-5a0111470db11a54.rlib --extern rusqlite=/tmp/cargo-mutants-amplihack-pr-YcCg5x.tmp/target/debug/deps/librusqlite-90f542ebc6046a0d.rlib --extern semver=/tmp/cargo-mutants-amplihack-pr-YcCg5x.tmp/target/debug/deps/libsemver-d1ac1c952db7cf2d.rlib --extern serde=/tmp/cargo-mutants-amplihack-pr-YcCg5x.tmp/target/debug/deps/libserde-9862aaefd1081862.rlib --extern serde_json=/tmp/cargo-mutants-amplihack-pr-YcCg5x.tmp/target/debug/deps/libserde_json-061c00ff3e9853d1.rlib --extern serde_yaml=/tmp/cargo-mutants-amplihack-pr-YcCg5x.tmp/target/debug/deps/libserde_yaml-32f4debdc5c586ac.rlib --extern sha2=/tmp/cargo-mutants-amplihack-pr-YcCg5x.tmp/target/debug/deps/libsha2-9bd26e6f526c10f4.rlib --extern signal_hook=/tmp/cargo-mutants-amplihack-pr-YcCg5x.tmp/target/debug/deps/libsignal_hook-016995c66640b093.rlib --extern tar=/tmp/cargo-mutants-amplihack-pr-YcCg5x.tmp/target/debug/deps/libtar-739a95e6c50d0407.rlib --extern tempfile=/tmp/cargo-mutants-amplihack-pr-YcCg5x.tmp/target/debug/deps/libtempfile-5a176b43127bd653.rlib --extern thiserror=/tmp/cargo-mutants-amplihack-pr-YcCg5x.tmp/target/debug/deps/libthiserror-2e6c1412a455e99c.rlib --extern time=/tmp/cargo-mutants-amplihack-pr-YcCg5x.tmp/target/debug/deps/libtime-16367d88b56805ba.rlib --extern tokio=/tmp/cargo-mutants-amplihack-pr-YcCg5x.tmp/target/debug/deps/libtokio-72d59edba91c3e05.rlib --extern toml=/tmp/cargo-mutants-amplihack-pr-YcCg5x.tmp/target/debug/deps/libtoml-1a9bef83c37016d2.rlib --extern tracing=/tmp/cargo-mutants-amplihack-pr-YcCg5x.tmp/target/debug/deps/libtracing-c155b65c27f48072.rlib --extern tracing_subscriber=/tmp/cargo-mutants-amplihack-pr-YcCg5x.tmp/target/debug/deps/libtracing_subscriber-0a1c6037d6d0ddb6.rlib --extern ureq=/tmp/cargo-mutants-amplihack-pr-YcCg5x.tmp/target/debug/deps/libureq-a52054ce8bf46ff7.rlib --extern uuid=/tmp/cargo-mutants-amplihack-pr-YcCg5x.tmp/target/debug/deps/libuuid-d03d2fc21fd13b3e.rlib --extern zip=/tmp/cargo-mutants-amplihack-pr-YcCg5x.tmp/target/debug/deps/libzip-8228d34f1cec4b5d.rlib -L native=/tmp/cargo-mutants-amplihack-pr-YcCg5x.tmp/target/debug/build/lbug-c2061b4e8dfc1d6b/out/build/src -L native=/tmp/cargo-mutants-amplihack-pr-YcCg5x.tmp/target/debug/build/lbug-c2061b4e8dfc1d6b/out/build/third_party/utf8proc -L native=/tmp/cargo-mutants-amplihack-pr-YcCg5x.tmp/target/debug/build/lbug-c2061b4e8dfc1d6b/out/build/third_party/antlr4_cypher -L native=/tmp/cargo-mutants-amplihack-pr-YcCg5x.tmp/target/debug/build/lbug-c2061b4e8dfc1d6b/out/build/third_party/antlr4_runtime -L native=/tmp/cargo-mutants-amplihack-pr-YcCg5x.tmp/target/debug/build/lbug-c2061b4e8dfc1d6b/out/build/third_party/re2 -L native=/tmp/cargo-mutants-amplihack-pr-YcCg5x.tmp/target/debug/build/lbug-c2061b4e8dfc1d6b/out/build/third_party/brotli -L native=/tmp/cargo-mutants-amplihack-pr-YcCg5x.tmp/target/debug/build/lbug-c2061b4e8dfc1d6b/out/build/third_party/alp -L native=/tmp/cargo-mutants-amplihack-pr-YcCg5x.tmp/target/debug/build/lbug-c2061b4e8dfc1d6b/out/build/third_party/fastpfor -L native=/tmp/cargo-mutants-amplihack-pr-YcCg5x.tmp/target/debug/build/lbug-c2061b4e8dfc1d6b/out/build/third_party/parquet -L native=/tmp/cargo-mutants-amplihack-pr-YcCg5x.tmp/target/debug/build/lbug-c2061b4e8dfc1d6b/out/build/third_party/thrift -L native=/tmp/cargo-mutants-amplihack-pr-YcCg5x.tmp/target/debug/build/lbug-c2061b4e8dfc1d6b/out/build/third_party/snappy -L native=/tmp/cargo-mutants-amplihack-pr-YcCg5x.tmp/target/debug/build/lbug-c2061b4e8dfc1d6b/out/build/third_party/zstd -L native=/tmp/cargo-mutants-amplihack-pr-YcCg5x.tmp/target/debug/build/lbug-c2061b4e8dfc1d6b/out/build/third_party/miniz -L native=/tmp/cargo-mutants-amplihack-pr-YcCg5x.tmp/target/debug/build/lbug-c2061b4e8dfc1d6b/out/build/third_party/mbedtls -L native=/tmp/cargo-mutants-amplihack-pr-YcCg5x.tmp/target/debug/build/lbug-c2061b4e8dfc1d6b/out/build/third_party/lz4 -L native=/tmp/cargo-mutants-amplihack-pr-YcCg5x.tmp/target/debug/build/lbug-c2061b4e8dfc1d6b/out/build/third_party/roaring_bitmap -L native=/tmp/cargo-mutants-amplihack-pr-YcCg5x.tmp/target/debug/build/lbug-c2061b4e8dfc1d6b/out/build/third_party/simsimd -L native=/tmp/cargo-mutants-amplihack-pr-YcCg5x.tmp/target/debug/build/lbug-c2061b4e8dfc1d6b/out/build/third_party/yyjson -L native=/tmp/cargo-mutants-amplihack-pr-YcCg5x.tmp/target/debug/build/lbug-c2061b4e8dfc1d6b/out -L native=/tmp/cargo-mutants-amplihack-pr-YcCg5x.tmp/target/debug/build/cxx-3dafb46d76064c7e/out -L native=/tmp/cargo-mutants-amplihack-pr-YcCg5x.tmp/target/debug/build/link-cplusplus-99e4942e4cf65b7c/out -L native=/tmp/cargo-mutants-amplihack-pr-YcCg5x.tmp/target/debug/build/libsqlite3-sys-f4dcd415928f89cb/out -L native=/tmp/cargo-mutants-amplihack-pr-YcCg5x.tmp/target/debug/build/ring-439005edc122cf5b/out`
     Running `/home/azureuser/.rustup/toolchains/1.97.0-x86_64-unknown-linux-gnu/bin/rustc --crate-name issue_585_copilot_npm_hang --edition=2024 crates/amplihack-cli/tests/issue_585_copilot_npm_hang.rs --error-format=json --json=diagnostic-rendered-ansi,artifacts,future-incompat --emit=dep-info,link -C embed-bitcode=no -C debuginfo=line-tables-only --warn=unexpected_cfgs --check-cfg 'cfg(kani)' --test --cfg 'feature="default"' --check-cfg 'cfg(docsrs,test)' --check-cfg 'cfg(feature, values("default", "signal", "test-support"))' -C metadata=8af174f28ed1140f -C extra-filename=-8e48db654ef5b514 --out-dir /tmp/cargo-mutants-amplihack-pr-YcCg5x.tmp/target/debug/deps -C incremental=/tmp/cargo-mutants-amplihack-pr-YcCg5x.tmp/target/debug/incremental -L dependency=/tmp/cargo-mutants-amplihack-pr-YcCg5x.tmp/target/debug/deps --extern amplihack_builders=/tmp/cargo-mutants-amplihack-pr-YcCg5x.tmp/target/debug/deps/libamplihack_builders-03993fac7567dfac.rlib --extern amplihack_cli=/tmp/cargo-mutants-amplihack-pr-YcCg5x.tmp/target/debug/deps/libamplihack_cli-29d762ce3c0fd35c.rlib --extern amplihack_hive=/tmp/cargo-mutants-amplihack-pr-YcCg5x.tmp/target/debug/deps/libamplihack_hive-7dcf48bdaeaf754c.rlib --extern amplihack_launcher=/tmp/cargo-mutants-amplihack-pr-YcCg5x.tmp/target/debug/deps/libamplihack_launcher-a0b196619987966a.rlib --extern amplihack_memory=/tmp/cargo-mutants-amplihack-pr-YcCg5x.tmp/target/debug/deps/libamplihack_memory-52ac4db15a775e5a.rlib --extern amplihack_orchestration=/tmp/cargo-mutants-amplihack-pr-YcCg5x.tmp/target/debug/deps/libamplihack_orchestration-ed20700a2c166be7.rlib --extern amplihack_reflection=/tmp/cargo-mutants-amplihack-pr-YcCg5x.tmp/target/debug/deps/libamplihack_reflection-9fc868256a9530da.rlib --extern amplihack_remote=/tmp/cargo-mutants-amplihack-pr-YcCg5x.tmp/target/debug/deps/libamplihack_remote-bda9eaf1668cac2f.rlib --extern amplihack_signal=/tmp/cargo-mutants-amplihack-pr-YcCg5x.tmp/target/debug/deps/libamplihack_signal-12b09c972d1bf694.rlib --extern amplihack_state=/tmp/cargo-mutants-amplihack-pr-YcCg5x.tmp/target/debug/deps/libamplihack_state-5bfc4593aa3c2735.rlib --extern amplihack_turn=/tmp/cargo-mutants-amplihack-pr-YcCg5x.tmp/target/debug/deps/libamplihack_turn-bf066a2c4d2d9785.rlib --extern amplihack_types=/tmp/cargo-mutants-amplihack-pr-YcCg5x.tmp/target/debug/deps/libamplihack_types-5aa2c2ee7df7bcf4.rlib --extern amplihack_utils=/tmp/cargo-mutants-amplihack-pr-YcCg5x.tmp/target/debug/deps/libamplihack_utils-08a9c706cfc82cac.rlib --extern amplihack_workflows=/tmp/cargo-mutants-amplihack-pr-YcCg5x.tmp/target/debug/deps/libamplihack_workflows-15e51595127c129b.rlib --extern anyhow=/tmp/cargo-mutants-amplihack-pr-YcCg5x.tmp/target/debug/deps/libanyhow-aaead62bc88b9429.rlib --extern assert_cmd=/tmp/cargo-mutants-amplihack-pr-YcCg5x.tmp/target/debug/deps/libassert_cmd-7a96199b9b843959.rlib --extern async_trait=/tmp/cargo-mutants-amplihack-pr-YcCg5x.tmp/target/debug/deps/libasync_trait-601d0c3ace375beb.so --extern chrono=/tmp/cargo-mutants-amplihack-pr-YcCg5x.tmp/target/debug/deps/libchrono-698d0514bedff45c.rlib --extern clap=/tmp/cargo-mutants-amplihack-pr-YcCg5x.tmp/target/debug/deps/libclap-0a08011544f8a5b8.rlib --extern clap_complete=/tmp/cargo-mutants-amplihack-pr-YcCg5x.tmp/target/debug/deps/libclap_complete-037496bed915a9d8.rlib --extern dialoguer=/tmp/cargo-mutants-amplihack-pr-YcCg5x.tmp/target/debug/deps/libdialoguer-701eb5d666153ef9.rlib --extern flate2=/tmp/cargo-mutants-amplihack-pr-YcCg5x.tmp/target/debug/deps/libflate2-c3906d7a8bde7622.rlib --extern fs4=/tmp/cargo-mutants-amplihack-pr-YcCg5x.tmp/target/debug/deps/libfs4-5b0e4af1974bf2a4.rlib --extern lbug=/tmp/cargo-mutants-amplihack-pr-YcCg5x.tmp/target/debug/deps/liblbug-59cfc3aac2014f89.rlib --extern libc=/tmp/cargo-mutants-amplihack-pr-YcCg5x.tmp/target/debug/deps/liblibc-4d73f44b645ff25b.rlib --extern lru=/tmp/cargo-mutants-amplihack-pr-YcCg5x.tmp/target/debug/deps/liblru-7e6e70a4ddd6b98d.rlib --extern prost=/tmp/cargo-mutants-amplihack-pr-YcCg5x.tmp/target/debug/deps/libprost-add16c9af461c9ee.rlib --extern regex=/tmp/cargo-mutants-amplihack-pr-YcCg5x.tmp/target/debug/deps/libregex-03ca1be4cec3c16d.rlib --extern rexpect=/tmp/cargo-mutants-amplihack-pr-YcCg5x.tmp/target/debug/deps/librexpect-5a0111470db11a54.rlib --extern rusqlite=/tmp/cargo-mutants-amplihack-pr-YcCg5x.tmp/target/debug/deps/librusqlite-90f542ebc6046a0d.rlib --extern semver=/tmp/cargo-mutants-amplihack-pr-YcCg5x.tmp/target/debug/deps/libsemver-d1ac1c952db7cf2d.rlib --extern serde=/tmp/cargo-mutants-amplihack-pr-YcCg5x.tmp/target/debug/deps/libserde-9862aaefd1081862.rlib --extern serde_json=/tmp/cargo-mutants-amplihack-pr-YcCg5x.tmp/target/debug/deps/libserde_json-061c00ff3e9853d1.rlib --extern serde_yaml=/tmp/cargo-mutants-amplihack-pr-YcCg5x.tmp/target/debug/deps/libserde_yaml-32f4debdc5c586ac.rlib --extern sha2=/tmp/cargo-mutants-amplihack-pr-YcCg5x.tmp/target/debug/deps/libsha2-9bd26e6f526c10f4.rlib --extern signal_hook=/tmp/cargo-mutants-amplihack-pr-YcCg5x.tmp/target/debug/deps/libsignal_hook-016995c66640b093.rlib --extern tar=/tmp/cargo-mutants-amplihack-pr-YcCg5x.tmp/target/debug/deps/libtar-739a95e6c50d0407.rlib --extern tempfile=/tmp/cargo-mutants-amplihack-pr-YcCg5x.tmp/target/debug/deps/libtempfile-5a176b43127bd653.rlib --extern thiserror=/tmp/cargo-mutants-amplihack-pr-YcCg5x.tmp/target/debug/deps/libthiserror-2e6c1412a455e99c.rlib --extern time=/tmp/cargo-mutants-amplihack-pr-YcCg5x.tmp/target/debug/deps/libtime-16367d88b56805ba.rlib --extern tokio=/tmp/cargo-mutants-amplihack-pr-YcCg5x.tmp/target/debug/deps/libtokio-72d59edba91c3e05.rlib --extern toml=/tmp/cargo-mutants-amplihack-pr-YcCg5x.tmp/target/debug/deps/libtoml-1a9bef83c37016d2.rlib --extern tracing=/tmp/cargo-mutants-amplihack-pr-YcCg5x.tmp/target/debug/deps/libtracing-c155b65c27f48072.rlib --extern tracing_subscriber=/tmp/cargo-mutants-amplihack-pr-YcCg5x.tmp/target/debug/deps/libtracing_subscriber-0a1c6037d6d0ddb6.rlib --extern ureq=/tmp/cargo-mutants-amplihack-pr-YcCg5x.tmp/target/debug/deps/libureq-a52054ce8bf46ff7.rlib --extern uuid=/tmp/cargo-mutants-amplihack-pr-YcCg5x.tmp/target/debug/deps/libuuid-d03d2fc21fd13b3e.rlib --extern zip=/tmp/cargo-mutants-amplihack-pr-YcCg5x.tmp/target/debug/deps/libzip-8228d34f1cec4b5d.rlib -L native=/tmp/cargo-mutants-amplihack-pr-YcCg5x.tmp/target/debug/build/lbug-c2061b4e8dfc1d6b/out/build/src -L native=/tmp/cargo-mutants-amplihack-pr-YcCg5x.tmp/target/debug/build/lbug-c2061b4e8dfc1d6b/out/build/third_party/utf8proc -L native=/tmp/cargo-mutants-amplihack-pr-YcCg5x.tmp/target/debug/build/lbug-c2061b4e8dfc1d6b/out/build/third_party/antlr4_cypher -L native=/tmp/cargo-mutants-amplihack-pr-YcCg5x.tmp/target/debug/build/lbug-c2061b4e8dfc1d6b/out/build/third_party/antlr4_runtime -L native=/tmp/cargo-mutants-amplihack-pr-YcCg5x.tmp/target/debug/build/lbug-c2061b4e8dfc1d6b/out/build/third_party/re2 -L native=/tmp/cargo-mutants-amplihack-pr-YcCg5x.tmp/target/debug/build/lbug-c2061b4e8dfc1d6b/out/build/third_party/brotli -L native=/tmp/cargo-mutants-amplihack-pr-YcCg5x.tmp/target/debug/build/lbug-c2061b4e8dfc1d6b/out/build/third_party/alp -L native=/tmp/cargo-mutants-amplihack-pr-YcCg5x.tmp/target/debug/build/lbug-c2061b4e8dfc1d6b/out/build/third_party/fastpfor -L native=/tmp/cargo-mutants-amplihack-pr-YcCg5x.tmp/target/debug/build/lbug-c2061b4e8dfc1d6b/out/build/third_party/parquet -L native=/tmp/cargo-mutants-amplihack-pr-YcCg5x.tmp/target/debug/build/lbug-c2061b4e8dfc1d6b/out/build/third_party/thrift -L native=/tmp/cargo-mutants-amplihack-pr-YcCg5x.tmp/target/debug/build/lbug-c2061b4e8dfc1d6b/out/build/third_party/snappy -L native=/tmp/cargo-mutants-amplihack-pr-YcCg5x.tmp/target/debug/build/lbug-c2061b4e8dfc1d6b/out/build/third_party/zstd -L native=/tmp/cargo-mutants-amplihack-pr-YcCg5x.tmp/target/debug/build/lbug-c2061b4e8dfc1d6b/out/build/third_party/miniz -L native=/tmp/cargo-mutants-amplihack-pr-YcCg5x.tmp/target/debug/build/lbug-c2061b4e8dfc1d6b/out/build/third_party/mbedtls -L native=/tmp/cargo-mutants-amplihack-pr-YcCg5x.tmp/target/debug/build/lbug-c2061b4e8dfc1d6b/out/build/third_party/lz4 -L native=/tmp/cargo-mutants-amplihack-pr-YcCg5x.tmp/target/debug/build/lbug-c2061b4e8dfc1d6b/out/build/third_party/roaring_bitmap -L native=/tmp/cargo-mutants-amplihack-pr-YcCg5x.tmp/target/debug/build/lbug-c2061b4e8dfc1d6b/out/build/third_party/simsimd -L native=/tmp/cargo-mutants-amplihack-pr-YcCg5x.tmp/target/debug/build/lbug-c2061b4e8dfc1d6b/out/build/third_party/yyjson -L native=/tmp/cargo-mutants-amplihack-pr-YcCg5x.tmp/target/debug/build/lbug-c2061b4e8dfc1d6b/out -L native=/tmp/cargo-mutants-amplihack-pr-YcCg5x.tmp/target/debug/build/cxx-3dafb46d76064c7e/out -L native=/tmp/cargo-mutants-amplihack-pr-YcCg5x.tmp/target/debug/build/link-cplusplus-99e4942e4cf65b7c/out -L native=/tmp/cargo-mutants-amplihack-pr-YcCg5x.tmp/target/debug/build/libsqlite3-sys-f4dcd415928f89cb/out -L native=/tmp/cargo-mutants-amplihack-pr-YcCg5x.tmp/target/debug/build/ring-439005edc122cf5b/out`
     Running `/home/azureuser/.rustup/toolchains/1.97.0-x86_64-unknown-linux-gnu/bin/rustc --crate-name signal_seams_injection --edition=2024 crates/amplihack-cli/tests/signal_seams_injection.rs --error-format=json --json=diagnostic-rendered-ansi,artifacts,future-incompat --emit=dep-info,link -C embed-bitcode=no -C debuginfo=line-tables-only --warn=unexpected_cfgs --check-cfg 'cfg(kani)' --test --cfg 'feature="default"' --check-cfg 'cfg(docsrs,test)' --check-cfg 'cfg(feature, values("default", "signal", "test-support"))' -C metadata=26e868728fe15097 -C extra-filename=-86fc41089ff4dd64 --out-dir /tmp/cargo-mutants-amplihack-pr-YcCg5x.tmp/target/debug/deps -C incremental=/tmp/cargo-mutants-amplihack-pr-YcCg5x.tmp/target/debug/incremental -L dependency=/tmp/cargo-mutants-amplihack-pr-YcCg5x.tmp/target/debug/deps --extern amplihack_builders=/tmp/cargo-mutants-amplihack-pr-YcCg5x.tmp/target/debug/deps/libamplihack_builders-03993fac7567dfac.rlib --extern amplihack_cli=/tmp/cargo-mutants-amplihack-pr-YcCg5x.tmp/target/debug/deps/libamplihack_cli-29d762ce3c0fd35c.rlib --extern amplihack_hive=/tmp/cargo-mutants-amplihack-pr-YcCg5x.tmp/target/debug/deps/libamplihack_hive-7dcf48bdaeaf754c.rlib --extern amplihack_launcher=/tmp/cargo-mutants-amplihack-pr-YcCg5x.tmp/target/debug/deps/libamplihack_launcher-a0b196619987966a.rlib --extern amplihack_memory=/tmp/cargo-mutants-amplihack-pr-YcCg5x.tmp/target/debug/deps/libamplihack_memory-52ac4db15a775e5a.rlib --extern amplihack_orchestration=/tmp/cargo-mutants-amplihack-pr-YcCg5x.tmp/target/debug/deps/libamplihack_orchestration-ed20700a2c166be7.rlib --extern amplihack_reflection=/tmp/cargo-mutants-amplihack-pr-YcCg5x.tmp/target/debug/deps/libamplihack_reflection-9fc868256a9530da.rlib --extern amplihack_remote=/tmp/cargo-mutants-amplihack-pr-YcCg5x.tmp/target/debug/deps/libamplihack_remote-bda9eaf1668cac2f.rlib --extern amplihack_signal=/tmp/cargo-mutants-amplihack-pr-YcCg5x.tmp/target/debug/deps/libamplihack_signal-12b09c972d1bf694.rlib --extern amplihack_state=/tmp/cargo-mutants-amplihack-pr-YcCg5x.tmp/target/debug/deps/libamplihack_state-5bfc4593aa3c2735.rlib --extern amplihack_turn=/tmp/cargo-mutants-amplihack-pr-YcCg5x.tmp/target/debug/deps/libamplihack_turn-bf066a2c4d2d9785.rlib --extern amplihack_types=/tmp/cargo-mutants-amplihack-pr-YcCg5x.tmp/target/debug/deps/libamplihack_types-5aa2c2ee7df7bcf4.rlib --extern amplihack_utils=/tmp/cargo-mutants-amplihack-pr-YcCg5x.tmp/target/debug/deps/libamplihack_utils-08a9c706cfc82cac.rlib --extern amplihack_workflows=/tmp/cargo-mutants-amplihack-pr-YcCg5x.tmp/target/debug/deps/libamplihack_workflows-15e51595127c129b.rlib --extern anyhow=/tmp/cargo-mutants-amplihack-pr-YcCg5x.tmp/target/debug/deps/libanyhow-aaead62bc88b9429.rlib --extern assert_cmd=/tmp/cargo-mutants-amplihack-pr-YcCg5x.tmp/target/debug/deps/libassert_cmd-7a96199b9b843959.rlib --extern async_trait=/tmp/cargo-mutants-amplihack-pr-YcCg5x.tmp/target/debug/deps/libasync_trait-601d0c3ace375beb.so --extern chrono=/tmp/cargo-mutants-amplihack-pr-YcCg5x.tmp/target/debug/deps/libchrono-698d0514bedff45c.rlib --extern clap=/tmp/cargo-mutants-amplihack-pr-YcCg5x.tmp/target/debug/deps/libclap-0a08011544f8a5b8.rlib --extern clap_complete=/tmp/cargo-mutants-amplihack-pr-YcCg5x.tmp/target/debug/deps/libclap_complete-037496bed915a9d8.rlib --extern dialoguer=/tmp/cargo-mutants-amplihack-pr-YcCg5x.tmp/target/debug/deps/libdialoguer-701eb5d666153ef9.rlib --extern flate2=/tmp/cargo-mutants-amplihack-pr-YcCg5x.tmp/target/debug/deps/libflate2-c3906d7a8bde7622.rlib --extern fs4=/tmp/cargo-mutants-amplihack-pr-YcCg5x.tmp/target/debug/deps/libfs4-5b0e4af1974bf2a4.rlib --extern lbug=/tmp/cargo-mutants-amplihack-pr-YcCg5x.tmp/target/debug/deps/liblbug-59cfc3aac2014f89.rlib --extern libc=/tmp/cargo-mutants-amplihack-pr-YcCg5x.tmp/target/debug/deps/liblibc-4d73f44b645ff25b.rlib --extern lru=/tmp/cargo-mutants-amplihack-pr-YcCg5x.tmp/target/debug/deps/liblru-7e6e70a4ddd6b98d.rlib --extern prost=/tmp/cargo-mutants-amplihack-pr-YcCg5x.tmp/target/debug/deps/libprost-add16c9af461c9ee.rlib --extern regex=/tmp/cargo-mutants-amplihack-pr-YcCg5x.tmp/target/debug/deps/libregex-03ca1be4cec3c16d.rlib --extern rexpect=/tmp/cargo-mutants-amplihack-pr-YcCg5x.tmp/target/debug/deps/librexpect-5a0111470db11a54.rlib --extern rusqlite=/tmp/cargo-mutants-amplihack-pr-YcCg5x.tmp/target/debug/deps/librusqlite-90f542ebc6046a0d.rlib --extern semver=/tmp/cargo-mutants-amplihack-pr-YcCg5x.tmp/target/debug/deps/libsemver-d1ac1c952db7cf2d.rlib --extern serde=/tmp/cargo-mutants-amplihack-pr-YcCg5x.tmp/target/debug/deps/libserde-9862aaefd1081862.rlib --extern serde_json=/tmp/cargo-mutants-amplihack-pr-YcCg5x.tmp/target/debug/deps/libserde_json-061c00ff3e9853d1.rlib --extern serde_yaml=/tmp/cargo-mutants-amplihack-pr-YcCg5x.tmp/target/debug/deps/libserde_yaml-32f4debdc5c586ac.rlib --extern sha2=/tmp/cargo-mutants-amplihack-pr-YcCg5x.tmp/target/debug/deps/libsha2-9bd26e6f526c10f4.rlib --extern signal_hook=/tmp/cargo-mutants-amplihack-pr-YcCg5x.tmp/target/debug/deps/libsignal_hook-016995c66640b093.rlib --extern tar=/tmp/cargo-mutants-amplihack-pr-YcCg5x.tmp/target/debug/deps/libtar-739a95e6c50d0407.rlib --extern tempfile=/tmp/cargo-mutants-amplihack-pr-YcCg5x.tmp/target/debug/deps/libtempfile-5a176b43127bd653.rlib --extern thiserror=/tmp/cargo-mutants-amplihack-pr-YcCg5x.tmp/target/debug/deps/libthiserror-2e6c1412a455e99c.rlib --extern time=/tmp/cargo-mutants-amplihack-pr-YcCg5x.tmp/target/debug/deps/libtime-16367d88b56805ba.rlib --extern tokio=/tmp/cargo-mutants-amplihack-pr-YcCg5x.tmp/target/debug/deps/libtokio-72d59edba91c3e05.rlib --extern toml=/tmp/cargo-mutants-amplihack-pr-YcCg5x.tmp/target/debug/deps/libtoml-1a9bef83c37016d2.rlib --extern tracing=/tmp/cargo-mutants-amplihack-pr-YcCg5x.tmp/target/debug/deps/libtracing-c155b65c27f48072.rlib --extern tracing_subscriber=/tmp/cargo-mutants-amplihack-pr-YcCg5x.tmp/target/debug/deps/libtracing_subscriber-0a1c6037d6d0ddb6.rlib --extern ureq=/tmp/cargo-mutants-amplihack-pr-YcCg5x.tmp/target/debug/deps/libureq-a52054ce8bf46ff7.rlib --extern uuid=/tmp/cargo-mutants-amplihack-pr-YcCg5x.tmp/target/debug/deps/libuuid-d03d2fc21fd13b3e.rlib --extern zip=/tmp/cargo-mutants-amplihack-pr-YcCg5x.tmp/target/debug/deps/libzip-8228d34f1cec4b5d.rlib -L native=/tmp/cargo-mutants-amplihack-pr-YcCg5x.tmp/target/debug/build/lbug-c2061b4e8dfc1d6b/out/build/src -L native=/tmp/cargo-mutants-amplihack-pr-YcCg5x.tmp/target/debug/build/lbug-c2061b4e8dfc1d6b/out/build/third_party/utf8proc -L native=/tmp/cargo-mutants-amplihack-pr-YcCg5x.tmp/target/debug/build/lbug-c2061b4e8dfc1d6b/out/build/third_party/antlr4_cypher -L native=/tmp/cargo-mutants-amplihack-pr-YcCg5x.tmp/target/debug/build/lbug-c2061b4e8dfc1d6b/out/build/third_party/antlr4_runtime -L native=/tmp/cargo-mutants-amplihack-pr-YcCg5x.tmp/target/debug/build/lbug-c2061b4e8dfc1d6b/out/build/third_party/re2 -L native=/tmp/cargo-mutants-amplihack-pr-YcCg5x.tmp/target/debug/build/lbug-c2061b4e8dfc1d6b/out/build/third_party/brotli -L native=/tmp/cargo-mutants-amplihack-pr-YcCg5x.tmp/target/debug/build/lbug-c2061b4e8dfc1d6b/out/build/third_party/alp -L native=/tmp/cargo-mutants-amplihack-pr-YcCg5x.tmp/target/debug/build/lbug-c2061b4e8dfc1d6b/out/build/third_party/fastpfor -L native=/tmp/cargo-mutants-amplihack-pr-YcCg5x.tmp/target/debug/build/lbug-c2061b4e8dfc1d6b/out/build/third_party/parquet -L native=/tmp/cargo-mutants-amplihack-pr-YcCg5x.tmp/target/debug/build/lbug-c2061b4e8dfc1d6b/out/build/third_party/thrift -L native=/tmp/cargo-mutants-amplihack-pr-YcCg5x.tmp/target/debug/build/lbug-c2061b4e8dfc1d6b/out/build/third_party/snappy -L native=/tmp/cargo-mutants-amplihack-pr-YcCg5x.tmp/target/debug/build/lbug-c2061b4e8dfc1d6b/out/build/third_party/zstd -L native=/tmp/cargo-mutants-amplihack-pr-YcCg5x.tmp/target/debug/build/lbug-c2061b4e8dfc1d6b/out/build/third_party/miniz -L native=/tmp/cargo-mutants-amplihack-pr-YcCg5x.tmp/target/debug/build/lbug-c2061b4e8dfc1d6b/out/build/third_party/mbedtls -L native=/tmp/cargo-mutants-amplihack-pr-YcCg5x.tmp/target/debug/build/lbug-c2061b4e8dfc1d6b/out/build/third_party/lz4 -L native=/tmp/cargo-mutants-amplihack-pr-YcCg5x.tmp/target/debug/build/lbug-c2061b4e8dfc1d6b/out/build/third_party/roaring_bitmap -L native=/tmp/cargo-mutants-amplihack-pr-YcCg5x.tmp/target/debug/build/lbug-c2061b4e8dfc1d6b/out/build/third_party/simsimd -L native=/tmp/cargo-mutants-amplihack-pr-YcCg5x.tmp/target/debug/build/lbug-c2061b4e8dfc1d6b/out/build/third_party/yyjson -L native=/tmp/cargo-mutants-amplihack-pr-YcCg5x.tmp/target/debug/build/lbug-c2061b4e8dfc1d6b/out -L native=/tmp/cargo-mutants-amplihack-pr-YcCg5x.tmp/target/debug/build/cxx-3dafb46d76064c7e/out -L native=/tmp/cargo-mutants-amplihack-pr-YcCg5x.tmp/target/debug/build/link-cplusplus-99e4942e4cf65b7c/out -L native=/tmp/cargo-mutants-amplihack-pr-YcCg5x.tmp/target/debug/build/libsqlite3-sys-f4dcd415928f89cb/out -L native=/tmp/cargo-mutants-amplihack-pr-YcCg5x.tmp/target/debug/build/ring-439005edc122cf5b/out`
     Running `/home/azureuser/.rustup/toolchains/1.97.0-x86_64-unknown-linux-gnu/bin/rustc --crate-name issue_833_merge_validations_json_tolerance --edition=2024 crates/amplihack-cli/tests/issue_833_merge_validations_json_tolerance.rs --error-format=json --json=diagnostic-rendered-ansi,artifacts,future-incompat --emit=dep-info,link -C embed-bitcode=no -C debuginfo=line-tables-only --warn=unexpected_cfgs --check-cfg 'cfg(kani)' --test --cfg 'feature="default"' --check-cfg 'cfg(docsrs,test)' --check-cfg 'cfg(feature, values("default", "signal", "test-support"))' -C metadata=59a52181369041f8 -C extra-filename=-243620fdaf474eba --out-dir /tmp/cargo-mutants-amplihack-pr-YcCg5x.tmp/target/debug/deps -C incremental=/tmp/cargo-mutants-amplihack-pr-YcCg5x.tmp/target/debug/incremental -L dependency=/tmp/cargo-mutants-amplihack-pr-YcCg5x.tmp/target/debug/deps --extern amplihack_builders=/tmp/cargo-mutants-amplihack-pr-YcCg5x.tmp/target/debug/deps/libamplihack_builders-03993fac7567dfac.rlib --extern amplihack_cli=/tmp/cargo-mutants-amplihack-pr-YcCg5x.tmp/target/debug/deps/libamplihack_cli-29d762ce3c0fd35c.rlib --extern amplihack_hive=/tmp/cargo-mutants-amplihack-pr-YcCg5x.tmp/target/debug/deps/libamplihack_hive-7dcf48bdaeaf754c.rlib --extern amplihack_launcher=/tmp/cargo-mutants-amplihack-pr-YcCg5x.tmp/target/debug/deps/libamplihack_launcher-a0b196619987966a.rlib --extern amplihack_memory=/tmp/cargo-mutants-amplihack-pr-YcCg5x.tmp/target/debug/deps/libamplihack_memory-52ac4db15a775e5a.rlib --extern amplihack_orchestration=/tmp/cargo-mutants-amplihack-pr-YcCg5x.tmp/target/debug/deps/libamplihack_orchestration-ed20700a2c166be7.rlib --extern amplihack_reflection=/tmp/cargo-mutants-amplihack-pr-YcCg5x.tmp/target/debug/deps/libamplihack_reflection-9fc868256a9530da.rlib --extern amplihack_remote=/tmp/cargo-mutants-amplihack-pr-YcCg5x.tmp/target/debug/deps/libamplihack_remote-bda9eaf1668cac2f.rlib --extern amplihack_signal=/tmp/cargo-mutants-amplihack-pr-YcCg5x.tmp/target/debug/deps/libamplihack_signal-12b09c972d1bf694.rlib --extern amplihack_state=/tmp/cargo-mutants-amplihack-pr-YcCg5x.tmp/target/debug/deps/libamplihack_state-5bfc4593aa3c2735.rlib --extern amplihack_turn=/tmp/cargo-mutants-amplihack-pr-YcCg5x.tmp/target/debug/deps/libamplihack_turn-bf066a2c4d2d9785.rlib --extern amplihack_types=/tmp/cargo-mutants-amplihack-pr-YcCg5x.tmp/target/debug/deps/libamplihack_types-5aa2c2ee7df7bcf4.rlib --extern amplihack_utils=/tmp/cargo-mutants-amplihack-pr-YcCg5x.tmp/target/debug/deps/libamplihack_utils-08a9c706cfc82cac.rlib --extern amplihack_workflows=/tmp/cargo-mutants-amplihack-pr-YcCg5x.tmp/target/debug/deps/libamplihack_workflows-15e51595127c129b.rlib --extern anyhow=/tmp/cargo-mutants-amplihack-pr-YcCg5x.tmp/target/debug/deps/libanyhow-aaead62bc88b9429.rlib --extern assert_cmd=/tmp/cargo-mutants-amplihack-pr-YcCg5x.tmp/target/debug/deps/libassert_cmd-7a96199b9b843959.rlib --extern async_trait=/tmp/cargo-mutants-amplihack-pr-YcCg5x.tmp/target/debug/deps/libasync_trait-601d0c3ace375beb.so --extern chrono=/tmp/cargo-mutants-amplihack-pr-YcCg5x.tmp/target/debug/deps/libchrono-698d0514bedff45c.rlib --extern clap=/tmp/cargo-mutants-amplihack-pr-YcCg5x.tmp/target/debug/deps/libclap-0a08011544f8a5b8.rlib --extern clap_complete=/tmp/cargo-mutants-amplihack-pr-YcCg5x.tmp/target/debug/deps/libclap_complete-037496bed915a9d8.rlib --extern dialoguer=/tmp/cargo-mutants-amplihack-pr-YcCg5x.tmp/target/debug/deps/libdialoguer-701eb5d666153ef9.rlib --extern flate2=/tmp/cargo-mutants-amplihack-pr-YcCg5x.tmp/target/debug/deps/libflate2-c3906d7a8bde7622.rlib --extern fs4=/tmp/cargo-mutants-amplihack-pr-YcCg5x.tmp/target/debug/deps/libfs4-5b0e4af1974bf2a4.rlib --extern lbug=/tmp/cargo-mutants-amplihack-pr-YcCg5x.tmp/target/debug/deps/liblbug-59cfc3aac2014f89.rlib --extern libc=/tmp/cargo-mutants-amplihack-pr-YcCg5x.tmp/target/debug/deps/liblibc-4d73f44b645ff25b.rlib --extern lru=/tmp/cargo-mutants-amplihack-pr-YcCg5x.tmp/target/debug/deps/liblru-7e6e70a4ddd6b98d.rlib --extern prost=/tmp/cargo-mutants-amplihack-pr-YcCg5x.tmp/target/debug/deps/libprost-add16c9af461c9ee.rlib --extern regex=/tmp/cargo-mutants-amplihack-pr-YcCg5x.tmp/target/debug/deps/libregex-03ca1be4cec3c16d.rlib --extern rexpect=/tmp/cargo-mutants-amplihack-pr-YcCg5x.tmp/target/debug/deps/librexpect-5a0111470db11a54.rlib --extern rusqlite=/tmp/cargo-mutants-amplihack-pr-YcCg5x.tmp/target/debug/deps/librusqlite-90f542ebc6046a0d.rlib --extern semver=/tmp/cargo-mutants-amplihack-pr-YcCg5x.tmp/target/debug/deps/libsemver-d1ac1c952db7cf2d.rlib --extern serde=/tmp/cargo-mutants-amplihack-pr-YcCg5x.tmp/target/debug/deps/libserde-9862aaefd1081862.rlib --extern serde_json=/tmp/cargo-mutants-amplihack-pr-YcCg5x.tmp/target/debug/deps/libserde_json-061c00ff3e9853d1.rlib --extern serde_yaml=/tmp/cargo-mutants-amplihack-pr-YcCg5x.tmp/target/debug/deps/libserde_yaml-32f4debdc5c586ac.rlib --extern sha2=/tmp/cargo-mutants-amplihack-pr-YcCg5x.tmp/target/debug/deps/libsha2-9bd26e6f526c10f4.rlib --extern signal_hook=/tmp/cargo-mutants-amplihack-pr-YcCg5x.tmp/target/debug/deps/libsignal_hook-016995c66640b093.rlib --extern tar=/tmp/cargo-mutants-amplihack-pr-YcCg5x.tmp/target/debug/deps/libtar-739a95e6c50d0407.rlib --extern tempfile=/tmp/cargo-mutants-amplihack-pr-YcCg5x.tmp/target/debug/deps/libtempfile-5a176b43127bd653.rlib --extern thiserror=/tmp/cargo-mutants-amplihack-pr-YcCg5x.tmp/target/debug/deps/libthiserror-2e6c1412a455e99c.rlib --extern time=/tmp/cargo-mutants-amplihack-pr-YcCg5x.tmp/target/debug/deps/libtime-16367d88b56805ba.rlib --extern tokio=/tmp/cargo-mutants-amplihack-pr-YcCg5x.tmp/target/debug/deps/libtokio-72d59edba91c3e05.rlib --extern toml=/tmp/cargo-mutants-amplihack-pr-YcCg5x.tmp/target/debug/deps/libtoml-1a9bef83c37016d2.rlib --extern tracing=/tmp/cargo-mutants-amplihack-pr-YcCg5x.tmp/target/debug/deps/libtracing-c155b65c27f48072.rlib --extern tracing_subscriber=/tmp/cargo-mutants-amplihack-pr-YcCg5x.tmp/target/debug/deps/libtracing_subscriber-0a1c6037d6d0ddb6.rlib --extern ureq=/tmp/cargo-mutants-amplihack-pr-YcCg5x.tmp/target/debug/deps/libureq-a52054ce8bf46ff7.rlib --extern uuid=/tmp/cargo-mutants-amplihack-pr-YcCg5x.tmp/target/debug/deps/libuuid-d03d2fc21fd13b3e.rlib --extern zip=/tmp/cargo-mutants-amplihack-pr-YcCg5x.tmp/target/debug/deps/libzip-8228d34f1cec4b5d.rlib -L native=/tmp/cargo-mutants-amplihack-pr-YcCg5x.tmp/target/debug/build/lbug-c2061b4e8dfc1d6b/out/build/src -L native=/tmp/cargo-mutants-amplihack-pr-YcCg5x.tmp/target/debug/build/lbug-c2061b4e8dfc1d6b/out/build/third_party/utf8proc -L native=/tmp/cargo-mutants-amplihack-pr-YcCg5x.tmp/target/debug/build/lbug-c2061b4e8dfc1d6b/out/build/third_party/antlr4_cypher -L native=/tmp/cargo-mutants-amplihack-pr-YcCg5x.tmp/target/debug/build/lbug-c2061b4e8dfc1d6b/out/build/third_party/antlr4_runtime -L native=/tmp/cargo-mutants-amplihack-pr-YcCg5x.tmp/target/debug/build/lbug-c2061b4e8dfc1d6b/out/build/third_party/re2 -L native=/tmp/cargo-mutants-amplihack-pr-YcCg5x.tmp/target/debug/build/lbug-c2061b4e8dfc1d6b/out/build/third_party/brotli -L native=/tmp/cargo-mutants-amplihack-pr-YcCg5x.tmp/target/debug/build/lbug-c2061b4e8dfc1d6b/out/build/third_party/alp -L native=/tmp/cargo-mutants-amplihack-pr-YcCg5x.tmp/target/debug/build/lbug-c2061b4e8dfc1d6b/out/build/third_party/fastpfor -L native=/tmp/cargo-mutants-amplihack-pr-YcCg5x.tmp/target/debug/build/lbug-c2061b4e8dfc1d6b/out/build/third_party/parquet -L native=/tmp/cargo-mutants-amplihack-pr-YcCg5x.tmp/target/debug/build/lbug-c2061b4e8dfc1d6b/out/build/third_party/thrift -L native=/tmp/cargo-mutants-amplihack-pr-YcCg5x.tmp/target/debug/build/lbug-c2061b4e8dfc1d6b/out/build/third_party/snappy -L native=/tmp/cargo-mutants-amplihack-pr-YcCg5x.tmp/target/debug/build/lbug-c2061b4e8dfc1d6b/out/build/third_party/zstd -L native=/tmp/cargo-mutants-amplihack-pr-YcCg5x.tmp/target/debug/build/lbug-c2061b4e8dfc1d6b/out/build/third_party/miniz -L native=/tmp/cargo-mutants-amplihack-pr-YcCg5x.tmp/target/debug/build/lbug-c2061b4e8dfc1d6b/out/build/third_party/mbedtls -L native=/tmp/cargo-mutants-amplihack-pr-YcCg5x.tmp/target/debug/build/lbug-c2061b4e8dfc1d6b/out/build/third_party/lz4 -L native=/tmp/cargo-mutants-amplihack-pr-YcCg5x.tmp/target/debug/build/lbug-c2061b4e8dfc1d6b/out/build/third_party/roaring_bitmap -L native=/tmp/cargo-mutants-amplihack-pr-YcCg5x.tmp/target/debug/build/lbug-c2061b4e8dfc1d6b/out/build/third_party/simsimd -L native=/tmp/cargo-mutants-amplihack-pr-YcCg5x.tmp/target/debug/build/lbug-c2061b4e8dfc1d6b/out/build/third_party/yyjson -L native=/tmp/cargo-mutants-amplihack-pr-YcCg5x.tmp/target/debug/build/lbug-c2061b4e8dfc1d6b/out -L native=/tmp/cargo-mutants-amplihack-pr-YcCg5x.tmp/target/debug/build/cxx-3dafb46d76064c7e/out -L native=/tmp/cargo-mutants-amplihack-pr-YcCg5x.tmp/target/debug/build/link-cplusplus-99e4942e4cf65b7c/out -L native=/tmp/cargo-mutants-amplihack-pr-YcCg5x.tmp/target/debug/build/libsqlite3-sys-f4dcd415928f89cb/out -L native=/tmp/cargo-mutants-amplihack-pr-YcCg5x.tmp/target/debug/build/ring-439005edc122cf5b/out`
     Running `/home/azureuser/.rustup/toolchains/1.97.0-x86_64-unknown-linux-gnu/bin/rustc --crate-name signal_render --edition=2024 crates/amplihack-cli/tests/signal_render.rs --error-format=json --json=diagnostic-rendered-ansi,artifacts,future-incompat --emit=dep-info,link -C embed-bitcode=no -C debuginfo=line-tables-only --warn=unexpected_cfgs --check-cfg 'cfg(kani)' --test --cfg 'feature="default"' --check-cfg 'cfg(docsrs,test)' --check-cfg 'cfg(feature, values("default", "signal", "test-support"))' -C metadata=b5a69e5ed93110bc -C extra-filename=-cf9702c85be0d720 --out-dir /tmp/cargo-mutants-amplihack-pr-YcCg5x.tmp/target/debug/deps -C incremental=/tmp/cargo-mutants-amplihack-pr-YcCg5x.tmp/target/debug/incremental -L dependency=/tmp/cargo-mutants-amplihack-pr-YcCg5x.tmp/target/debug/deps --extern amplihack_builders=/tmp/cargo-mutants-amplihack-pr-YcCg5x.tmp/target/debug/deps/libamplihack_builders-03993fac7567dfac.rlib --extern amplihack_cli=/tmp/cargo-mutants-amplihack-pr-YcCg5x.tmp/target/debug/deps/libamplihack_cli-29d762ce3c0fd35c.rlib --extern amplihack_hive=/tmp/cargo-mutants-amplihack-pr-YcCg5x.tmp/target/debug/deps/libamplihack_hive-7dcf48bdaeaf754c.rlib --extern amplihack_launcher=/tmp/cargo-mutants-amplihack-pr-YcCg5x.tmp/target/debug/deps/libamplihack_launcher-a0b196619987966a.rlib --extern amplihack_memory=/tmp/cargo-mutants-amplihack-pr-YcCg5x.tmp/target/debug/deps/libamplihack_memory-52ac4db15a775e5a.rlib --extern amplihack_orchestration=/tmp/cargo-mutants-amplihack-pr-YcCg5x.tmp/target/debug/deps/libamplihack_orchestration-ed20700a2c166be7.rlib --extern amplihack_reflection=/tmp/cargo-mutants-amplihack-pr-YcCg5x.tmp/target/debug/deps/libamplihack_reflection-9fc868256a9530da.rlib --extern amplihack_remote=/tmp/cargo-mutants-amplihack-pr-YcCg5x.tmp/target/debug/deps/libamplihack_remote-bda9eaf1668cac2f.rlib --extern amplihack_signal=/tmp/cargo-mutants-amplihack-pr-YcCg5x.tmp/target/debug/deps/libamplihack_signal-12b09c972d1bf694.rlib --extern amplihack_state=/tmp/cargo-mutants-amplihack-pr-YcCg5x.tmp/target/debug/deps/libamplihack_state-5bfc4593aa3c2735.rlib --extern amplihack_turn=/tmp/cargo-mutants-amplihack-pr-YcCg5x.tmp/target/debug/deps/libamplihack_turn-bf066a2c4d2d9785.rlib --extern amplihack_types=/tmp/cargo-mutants-amplihack-pr-YcCg5x.tmp/target/debug/deps/libamplihack_types-5aa2c2ee7df7bcf4.rlib --extern amplihack_utils=/tmp/cargo-mutants-amplihack-pr-YcCg5x.tmp/target/debug/deps/libamplihack_utils-08a9c706cfc82cac.rlib --extern amplihack_workflows=/tmp/cargo-mutants-amplihack-pr-YcCg5x.tmp/target/debug/deps/libamplihack_workflows-15e51595127c129b.rlib --extern anyhow=/tmp/cargo-mutants-amplihack-pr-YcCg5x.tmp/target/debug/deps/libanyhow-aaead62bc88b9429.rlib --extern assert_cmd=/tmp/cargo-mutants-amplihack-pr-YcCg5x.tmp/target/debug/deps/libassert_cmd-7a96199b9b843959.rlib --extern async_trait=/tmp/cargo-mutants-amplihack-pr-YcCg5x.tmp/target/debug/deps/libasync_trait-601d0c3ace375beb.so --extern chrono=/tmp/cargo-mutants-amplihack-pr-YcCg5x.tmp/target/debug/deps/libchrono-698d0514bedff45c.rlib --extern clap=/tmp/cargo-mutants-amplihack-pr-YcCg5x.tmp/target/debug/deps/libclap-0a08011544f8a5b8.rlib --extern clap_complete=/tmp/cargo-mutants-amplihack-pr-YcCg5x.tmp/target/debug/deps/libclap_complete-037496bed915a9d8.rlib --extern dialoguer=/tmp/cargo-mutants-amplihack-pr-YcCg5x.tmp/target/debug/deps/libdialoguer-701eb5d666153ef9.rlib --extern flate2=/tmp/cargo-mutants-amplihack-pr-YcCg5x.tmp/target/debug/deps/libflate2-c3906d7a8bde7622.rlib --extern fs4=/tmp/cargo-mutants-amplihack-pr-YcCg5x.tmp/target/debug/deps/libfs4-5b0e4af1974bf2a4.rlib --extern lbug=/tmp/cargo-mutants-amplihack-pr-YcCg5x.tmp/target/debug/deps/liblbug-59cfc3aac2014f89.rlib --extern libc=/tmp/cargo-mutants-amplihack-pr-YcCg5x.tmp/target/debug/deps/liblibc-4d73f44b645ff25b.rlib --extern lru=/tmp/cargo-mutants-amplihack-pr-YcCg5x.tmp/target/debug/deps/liblru-7e6e70a4ddd6b98d.rlib --extern prost=/tmp/cargo-mutants-amplihack-pr-YcCg5x.tmp/target/debug/deps/libprost-add16c9af461c9ee.rlib --extern regex=/tmp/cargo-mutants-amplihack-pr-YcCg5x.tmp/target/debug/deps/libregex-03ca1be4cec3c16d.rlib --extern rexpect=/tmp/cargo-mutants-amplihack-pr-YcCg5x.tmp/target/debug/deps/librexpect-5a0111470db11a54.rlib --extern rusqlite=/tmp/cargo-mutants-amplihack-pr-YcCg5x.tmp/target/debug/deps/librusqlite-90f542ebc6046a0d.rlib --extern semver=/tmp/cargo-mutants-amplihack-pr-YcCg5x.tmp/target/debug/deps/libsemver-d1ac1c952db7cf2d.rlib --extern serde=/tmp/cargo-mutants-amplihack-pr-YcCg5x.tmp/target/debug/deps/libserde-9862aaefd1081862.rlib --extern serde_json=/tmp/cargo-mutants-amplihack-pr-YcCg5x.tmp/target/debug/deps/libserde_json-061c00ff3e9853d1.rlib --extern serde_yaml=/tmp/cargo-mutants-amplihack-pr-YcCg5x.tmp/target/debug/deps/libserde_yaml-32f4debdc5c586ac.rlib --extern sha2=/tmp/cargo-mutants-amplihack-pr-YcCg5x.tmp/target/debug/deps/libsha2-9bd26e6f526c10f4.rlib --extern signal_hook=/tmp/cargo-mutants-amplihack-pr-YcCg5x.tmp/target/debug/deps/libsignal_hook-016995c66640b093.rlib --extern tar=/tmp/cargo-mutants-amplihack-pr-YcCg5x.tmp/target/debug/deps/libtar-739a95e6c50d0407.rlib --extern tempfile=/tmp/cargo-mutants-amplihack-pr-YcCg5x.tmp/target/debug/deps/libtempfile-5a176b43127bd653.rlib --extern thiserror=/tmp/cargo-mutants-amplihack-pr-YcCg5x.tmp/target/debug/deps/libthiserror-2e6c1412a455e99c.rlib --extern time=/tmp/cargo-mutants-amplihack-pr-YcCg5x.tmp/target/debug/deps/libtime-16367d88b56805ba.rlib --extern tokio=/tmp/cargo-mutants-amplihack-pr-YcCg5x.tmp/target/debug/deps/libtokio-72d59edba91c3e05.rlib --extern toml=/tmp/cargo-mutants-amplihack-pr-YcCg5x.tmp/target/debug/deps/libtoml-1a9bef83c37016d2.rlib --extern tracing=/tmp/cargo-mutants-amplihack-pr-YcCg5x.tmp/target/debug/deps/libtracing-c155b65c27f48072.rlib --extern tracing_subscriber=/tmp/cargo-mutants-amplihack-pr-YcCg5x.tmp/target/debug/deps/libtracing_subscriber-0a1c6037d6d0ddb6.rlib --extern ureq=/tmp/cargo-mutants-amplihack-pr-YcCg5x.tmp/target/debug/deps/libureq-a52054ce8bf46ff7.rlib --extern uuid=/tmp/cargo-mutants-amplihack-pr-YcCg5x.tmp/target/debug/deps/libuuid-d03d2fc21fd13b3e.rlib --extern zip=/tmp/cargo-mutants-amplihack-pr-YcCg5x.tmp/target/debug/deps/libzip-8228d34f1cec4b5d.rlib -L native=/tmp/cargo-mutants-amplihack-pr-YcCg5x.tmp/target/debug/build/lbug-c2061b4e8dfc1d6b/out/build/src -L native=/tmp/cargo-mutants-amplihack-pr-YcCg5x.tmp/target/debug/build/lbug-c2061b4e8dfc1d6b/out/build/third_party/utf8proc -L native=/tmp/cargo-mutants-amplihack-pr-YcCg5x.tmp/target/debug/build/lbug-c2061b4e8dfc1d6b/out/build/third_party/antlr4_cypher -L native=/tmp/cargo-mutants-amplihack-pr-YcCg5x.tmp/target/debug/build/lbug-c2061b4e8dfc1d6b/out/build/third_party/antlr4_runtime -L native=/tmp/cargo-mutants-amplihack-pr-YcCg5x.tmp/target/debug/build/lbug-c2061b4e8dfc1d6b/out/build/third_party/re2 -L native=/tmp/cargo-mutants-amplihack-pr-YcCg5x.tmp/target/debug/build/lbug-c2061b4e8dfc1d6b/out/build/third_party/brotli -L native=/tmp/cargo-mutants-amplihack-pr-YcCg5x.tmp/target/debug/build/lbug-c2061b4e8dfc1d6b/out/build/third_party/alp -L native=/tmp/cargo-mutants-amplihack-pr-YcCg5x.tmp/target/debug/build/lbug-c2061b4e8dfc1d6b/out/build/third_party/fastpfor -L native=/tmp/cargo-mutants-amplihack-pr-YcCg5x.tmp/target/debug/build/lbug-c2061b4e8dfc1d6b/out/build/third_party/parquet -L native=/tmp/cargo-mutants-amplihack-pr-YcCg5x.tmp/target/debug/build/lbug-c2061b4e8dfc1d6b/out/build/third_party/thrift -L native=/tmp/cargo-mutants-amplihack-pr-YcCg5x.tmp/target/debug/build/lbug-c2061b4e8dfc1d6b/out/build/third_party/snappy -L native=/tmp/cargo-mutants-amplihack-pr-YcCg5x.tmp/target/debug/build/lbug-c2061b4e8dfc1d6b/out/build/third_party/zstd -L native=/tmp/cargo-mutants-amplihack-pr-YcCg5x.tmp/target/debug/build/lbug-c2061b4e8dfc1d6b/out/build/third_party/miniz -L native=/tmp/cargo-mutants-amplihack-pr-YcCg5x.tmp/target/debug/build/lbug-c2061b4e8dfc1d6b/out/build/third_party/mbedtls -L native=/tmp/cargo-mutants-amplihack-pr-YcCg5x.tmp/target/debug/build/lbug-c2061b4e8dfc1d6b/out/build/third_party/lz4 -L native=/tmp/cargo-mutants-amplihack-pr-YcCg5x.tmp/target/debug/build/lbug-c2061b4e8dfc1d6b/out/build/third_party/roaring_bitmap -L native=/tmp/cargo-mutants-amplihack-pr-YcCg5x.tmp/target/debug/build/lbug-c2061b4e8dfc1d6b/out/build/third_party/simsimd -L native=/tmp/cargo-mutants-amplihack-pr-YcCg5x.tmp/target/debug/build/lbug-c2061b4e8dfc1d6b/out/build/third_party/yyjson -L native=/tmp/cargo-mutants-amplihack-pr-YcCg5x.tmp/target/debug/build/lbug-c2061b4e8dfc1d6b/out -L native=/tmp/cargo-mutants-amplihack-pr-YcCg5x.tmp/target/debug/build/cxx-3dafb46d76064c7e/out -L native=/tmp/cargo-mutants-amplihack-pr-YcCg5x.tmp/target/debug/build/link-cplusplus-99e4942e4cf65b7c/out -L native=/tmp/cargo-mutants-amplihack-pr-YcCg5x.tmp/target/debug/build/libsqlite3-sys-f4dcd415928f89cb/out -L native=/tmp/cargo-mutants-amplihack-pr-YcCg5x.tmp/target/debug/build/ring-439005edc122cf5b/out`
     Running `/home/azureuser/.rustup/toolchains/1.97.0-x86_64-unknown-linux-gnu/bin/rustc --crate-name issue_817_runtime_artifact_resolution --edition=2024 crates/amplihack-cli/tests/issue_817_runtime_artifact_resolution.rs --error-format=json --json=diagnostic-rendered-ansi,artifacts,future-incompat --emit=dep-info,link -C embed-bitcode=no -C debuginfo=line-tables-only --warn=unexpected_cfgs --check-cfg 'cfg(kani)' --test --cfg 'feature="default"' --check-cfg 'cfg(docsrs,test)' --check-cfg 'cfg(feature, values("default", "signal", "test-support"))' -C metadata=dd1a4452ba02545d -C extra-filename=-e6c688c4938bfb95 --out-dir /tmp/cargo-mutants-amplihack-pr-YcCg5x.tmp/target/debug/deps -C incremental=/tmp/cargo-mutants-amplihack-pr-YcCg5x.tmp/target/debug/incremental -L dependency=/tmp/cargo-mutants-amplihack-pr-YcCg5x.tmp/target/debug/deps --extern amplihack_builders=/tmp/cargo-mutants-amplihack-pr-YcCg5x.tmp/target/debug/deps/libamplihack_builders-03993fac7567dfac.rlib --extern amplihack_cli=/tmp/cargo-mutants-amplihack-pr-YcCg5x.tmp/target/debug/deps/libamplihack_cli-29d762ce3c0fd35c.rlib --extern amplihack_hive=/tmp/cargo-mutants-amplihack-pr-YcCg5x.tmp/target/debug/deps/libamplihack_hive-7dcf48bdaeaf754c.rlib --extern amplihack_launcher=/tmp/cargo-mutants-amplihack-pr-YcCg5x.tmp/target/debug/deps/libamplihack_launcher-a0b196619987966a.rlib --extern amplihack_memory=/tmp/cargo-mutants-amplihack-pr-YcCg5x.tmp/target/debug/deps/libamplihack_memory-52ac4db15a775e5a.rlib --extern amplihack_orchestration=/tmp/cargo-mutants-amplihack-pr-YcCg5x.tmp/target/debug/deps/libamplihack_orchestration-ed20700a2c166be7.rlib --extern amplihack_reflection=/tmp/cargo-mutants-amplihack-pr-YcCg5x.tmp/target/debug/deps/libamplihack_reflection-9fc868256a9530da.rlib --extern amplihack_remote=/tmp/cargo-mutants-amplihack-pr-YcCg5x.tmp/target/debug/deps/libamplihack_remote-bda9eaf1668cac2f.rlib --extern amplihack_signal=/tmp/cargo-mutants-amplihack-pr-YcCg5x.tmp/target/debug/deps/libamplihack_signal-12b09c972d1bf694.rlib --extern amplihack_state=/tmp/cargo-mutants-amplihack-pr-YcCg5x.tmp/target/debug/deps/libamplihack_state-5bfc4593aa3c2735.rlib --extern amplihack_turn=/tmp/cargo-mutants-amplihack-pr-YcCg5x.tmp/target/debug/deps/libamplihack_turn-bf066a2c4d2d9785.rlib --extern amplihack_types=/tmp/cargo-mutants-amplihack-pr-YcCg5x.tmp/target/debug/deps/libamplihack_types-5aa2c2ee7df7bcf4.rlib --extern amplihack_utils=/tmp/cargo-mutants-amplihack-pr-YcCg5x.tmp/target/debug/deps/libamplihack_utils-08a9c706cfc82cac.rlib --extern amplihack_workflows=/tmp/cargo-mutants-amplihack-pr-YcCg5x.tmp/target/debug/deps/libamplihack_workflows-15e51595127c129b.rlib --extern anyhow=/tmp/cargo-mutants-amplihack-pr-YcCg5x.tmp/target/debug/deps/libanyhow-aaead62bc88b9429.rlib --extern assert_cmd=/tmp/cargo-mutants-amplihack-pr-YcCg5x.tmp/target/debug/deps/libassert_cmd-7a96199b9b843959.rlib --extern async_trait=/tmp/cargo-mutants-amplihack-pr-YcCg5x.tmp/target/debug/deps/libasync_trait-601d0c3ace375beb.so --extern chrono=/tmp/cargo-mutants-amplihack-pr-YcCg5x.tmp/target/debug/deps/libchrono-698d0514bedff45c.rlib --extern clap=/tmp/cargo-mutants-amplihack-pr-YcCg5x.tmp/target/debug/deps/libclap-0a08011544f8a5b8.rlib --extern clap_complete=/tmp/cargo-mutants-amplihack-pr-YcCg5x.tmp/target/debug/deps/libclap_complete-037496bed915a9d8.rlib --extern dialoguer=/tmp/cargo-mutants-amplihack-pr-YcCg5x.tmp/target/debug/deps/libdialoguer-701eb5d666153ef9.rlib --extern flate2=/tmp/cargo-mutants-amplihack-pr-YcCg5x.tmp/target/debug/deps/libflate2-c3906d7a8bde7622.rlib --extern fs4=/tmp/cargo-mutants-amplihack-pr-YcCg5x.tmp/target/debug/deps/libfs4-5b0e4af1974bf2a4.rlib --extern lbug=/tmp/cargo-mutants-amplihack-pr-YcCg5x.tmp/target/debug/deps/liblbug-59cfc3aac2014f89.rlib --extern libc=/tmp/cargo-mutants-amplihack-pr-YcCg5x.tmp/target/debug/deps/liblibc-4d73f44b645ff25b.rlib --extern lru=/tmp/cargo-mutants-amplihack-pr-YcCg5x.tmp/target/debug/deps/liblru-7e6e70a4ddd6b98d.rlib --extern prost=/tmp/cargo-mutants-amplihack-pr-YcCg5x.tmp/target/debug/deps/libprost-add16c9af461c9ee.rlib --extern regex=/tmp/cargo-mutants-amplihack-pr-YcCg5x.tmp/target/debug/deps/libregex-03ca1be4cec3c16d.rlib --extern rexpect=/tmp/cargo-mutants-amplihack-pr-YcCg5x.tmp/target/debug/deps/librexpect-5a0111470db11a54.rlib --extern rusqlite=/tmp/cargo-mutants-amplihack-pr-YcCg5x.tmp/target/debug/deps/librusqlite-90f542ebc6046a0d.rlib --extern semver=/tmp/cargo-mutants-amplihack-pr-YcCg5x.tmp/target/debug/deps/libsemver-d1ac1c952db7cf2d.rlib --extern serde=/tmp/cargo-mutants-amplihack-pr-YcCg5x.tmp/target/debug/deps/libserde-9862aaefd1081862.rlib --extern serde_json=/tmp/cargo-mutants-amplihack-pr-YcCg5x.tmp/target/debug/deps/libserde_json-061c00ff3e9853d1.rlib --extern serde_yaml=/tmp/cargo-mutants-amplihack-pr-YcCg5x.tmp/target/debug/deps/libserde_yaml-32f4debdc5c586ac.rlib --extern sha2=/tmp/cargo-mutants-amplihack-pr-YcCg5x.tmp/target/debug/deps/libsha2-9bd26e6f526c10f4.rlib --extern signal_hook=/tmp/cargo-mutants-amplihack-pr-YcCg5x.tmp/target/debug/deps/libsignal_hook-016995c66640b093.rlib --extern tar=/tmp/cargo-mutants-amplihack-pr-YcCg5x.tmp/target/debug/deps/libtar-739a95e6c50d0407.rlib --extern tempfile=/tmp/cargo-mutants-amplihack-pr-YcCg5x.tmp/target/debug/deps/libtempfile-5a176b43127bd653.rlib --extern thiserror=/tmp/cargo-mutants-amplihack-pr-YcCg5x.tmp/target/debug/deps/libthiserror-2e6c1412a455e99c.rlib --extern time=/tmp/cargo-mutants-amplihack-pr-YcCg5x.tmp/target/debug/deps/libtime-16367d88b56805ba.rlib --extern tokio=/tmp/cargo-mutants-amplihack-pr-YcCg5x.tmp/target/debug/deps/libtokio-72d59edba91c3e05.rlib --extern toml=/tmp/cargo-mutants-amplihack-pr-YcCg5x.tmp/target/debug/deps/libtoml-1a9bef83c37016d2.rlib --extern tracing=/tmp/cargo-mutants-amplihack-pr-YcCg5x.tmp/target/debug/deps/libtracing-c155b65c27f48072.rlib --extern tracing_subscriber=/tmp/cargo-mutants-amplihack-pr-YcCg5x.tmp/target/debug/deps/libtracing_subscriber-0a1c6037d6d0ddb6.rlib --extern ureq=/tmp/cargo-mutants-amplihack-pr-YcCg5x.tmp/target/debug/deps/libureq-a52054ce8bf46ff7.rlib --extern uuid=/tmp/cargo-mutants-amplihack-pr-YcCg5x.tmp/target/debug/deps/libuuid-d03d2fc21fd13b3e.rlib --extern zip=/tmp/cargo-mutants-amplihack-pr-YcCg5x.tmp/target/debug/deps/libzip-8228d34f1cec4b5d.rlib -L native=/tmp/cargo-mutants-amplihack-pr-YcCg5x.tmp/target/debug/build/lbug-c2061b4e8dfc1d6b/out/build/src -L native=/tmp/cargo-mutants-amplihack-pr-YcCg5x.tmp/target/debug/build/lbug-c2061b4e8dfc1d6b/out/build/third_party/utf8proc -L native=/tmp/cargo-mutants-amplihack-pr-YcCg5x.tmp/target/debug/build/lbug-c2061b4e8dfc1d6b/out/build/third_party/antlr4_cypher -L native=/tmp/cargo-mutants-amplihack-pr-YcCg5x.tmp/target/debug/build/lbug-c2061b4e8dfc1d6b/out/build/third_party/antlr4_runtime -L native=/tmp/cargo-mutants-amplihack-pr-YcCg5x.tmp/target/debug/build/lbug-c2061b4e8dfc1d6b/out/build/third_party/re2 -L native=/tmp/cargo-mutants-amplihack-pr-YcCg5x.tmp/target/debug/build/lbug-c2061b4e8dfc1d6b/out/build/third_party/brotli -L native=/tmp/cargo-mutants-amplihack-pr-YcCg5x.tmp/target/debug/build/lbug-c2061b4e8dfc1d6b/out/build/third_party/alp -L native=/tmp/cargo-mutants-amplihack-pr-YcCg5x.tmp/target/debug/build/lbug-c2061b4e8dfc1d6b/out/build/third_party/fastpfor -L native=/tmp/cargo-mutants-amplihack-pr-YcCg5x.tmp/target/debug/build/lbug-c2061b4e8dfc1d6b/out/build/third_party/parquet -L native=/tmp/cargo-mutants-amplihack-pr-YcCg5x.tmp/target/debug/build/lbug-c2061b4e8dfc1d6b/out/build/third_party/thrift -L native=/tmp/cargo-mutants-amplihack-pr-YcCg5x.tmp/target/debug/build/lbug-c2061b4e8dfc1d6b/out/build/third_party/snappy -L native=/tmp/cargo-mutants-amplihack-pr-YcCg5x.tmp/target/debug/build/lbug-c2061b4e8dfc1d6b/out/build/third_party/zstd -L native=/tmp/cargo-mutants-amplihack-pr-YcCg5x.tmp/target/debug/build/lbug-c2061b4e8dfc1d6b/out/build/third_party/miniz -L native=/tmp/cargo-mutants-amplihack-pr-YcCg5x.tmp/target/debug/build/lbug-c2061b4e8dfc1d6b/out/build/third_party/mbedtls -L native=/tmp/cargo-mutants-amplihack-pr-YcCg5x.tmp/target/debug/build/lbug-c2061b4e8dfc1d6b/out/build/third_party/lz4 -L native=/tmp/cargo-mutants-amplihack-pr-YcCg5x.tmp/target/debug/build/lbug-c2061b4e8dfc1d6b/out/build/third_party/roaring_bitmap -L native=/tmp/cargo-mutants-amplihack-pr-YcCg5x.tmp/target/debug/build/lbug-c2061b4e8dfc1d6b/out/build/third_party/simsimd -L native=/tmp/cargo-mutants-amplihack-pr-YcCg5x.tmp/target/debug/build/lbug-c2061b4e8dfc1d6b/out/build/third_party/yyjson -L native=/tmp/cargo-mutants-amplihack-pr-YcCg5x.tmp/target/debug/build/lbug-c2061b4e8dfc1d6b/out -L native=/tmp/cargo-mutants-amplihack-pr-YcCg5x.tmp/target/debug/build/cxx-3dafb46d76064c7e/out -L native=/tmp/cargo-mutants-amplihack-pr-YcCg5x.tmp/target/debug/build/link-cplusplus-99e4942e4cf65b7c/out -L native=/tmp/cargo-mutants-amplihack-pr-YcCg5x.tmp/target/debug/build/libsqlite3-sys-f4dcd415928f89cb/out -L native=/tmp/cargo-mutants-amplihack-pr-YcCg5x.tmp/target/debug/build/ring-439005edc122cf5b/out`
     Running `/home/azureuser/.rustup/toolchains/1.97.0-x86_64-unknown-linux-gnu/bin/rustc --crate-name issue_507_routing_question_passthrough --edition=2024 crates/amplihack-cli/tests/issue_507_routing_question_passthrough.rs --error-format=json --json=diagnostic-rendered-ansi,artifacts,future-incompat --emit=dep-info,link -C embed-bitcode=no -C debuginfo=line-tables-only --warn=unexpected_cfgs --check-cfg 'cfg(kani)' --test --cfg 'feature="default"' --check-cfg 'cfg(docsrs,test)' --check-cfg 'cfg(feature, values("default", "signal", "test-support"))' -C metadata=22ef9d351cab57cc -C extra-filename=-996a9e710e0d55e0 --out-dir /tmp/cargo-mutants-amplihack-pr-YcCg5x.tmp/target/debug/deps -C incremental=/tmp/cargo-mutants-amplihack-pr-YcCg5x.tmp/target/debug/incremental -L dependency=/tmp/cargo-mutants-amplihack-pr-YcCg5x.tmp/target/debug/deps --extern amplihack_builders=/tmp/cargo-mutants-amplihack-pr-YcCg5x.tmp/target/debug/deps/libamplihack_builders-03993fac7567dfac.rlib --extern amplihack_cli=/tmp/cargo-mutants-amplihack-pr-YcCg5x.tmp/target/debug/deps/libamplihack_cli-29d762ce3c0fd35c.rlib --extern amplihack_hive=/tmp/cargo-mutants-amplihack-pr-YcCg5x.tmp/target/debug/deps/libamplihack_hive-7dcf48bdaeaf754c.rlib --extern amplihack_launcher=/tmp/cargo-mutants-amplihack-pr-YcCg5x.tmp/target/debug/deps/libamplihack_launcher-a0b196619987966a.rlib --extern amplihack_memory=/tmp/cargo-mutants-amplihack-pr-YcCg5x.tmp/target/debug/deps/libamplihack_memory-52ac4db15a775e5a.rlib --extern amplihack_orchestration=/tmp/cargo-mutants-amplihack-pr-YcCg5x.tmp/target/debug/deps/libamplihack_orchestration-ed20700a2c166be7.rlib --extern amplihack_reflection=/tmp/cargo-mutants-amplihack-pr-YcCg5x.tmp/target/debug/deps/libamplihack_reflection-9fc868256a9530da.rlib --extern amplihack_remote=/tmp/cargo-mutants-amplihack-pr-YcCg5x.tmp/target/debug/deps/libamplihack_remote-bda9eaf1668cac2f.rlib --extern amplihack_signal=/tmp/cargo-mutants-amplihack-pr-YcCg5x.tmp/target/debug/deps/libamplihack_signal-12b09c972d1bf694.rlib --extern amplihack_state=/tmp/cargo-mutants-amplihack-pr-YcCg5x.tmp/target/debug/deps/libamplihack_state-5bfc4593aa3c2735.rlib --extern amplihack_turn=/tmp/cargo-mutants-amplihack-pr-YcCg5x.tmp/target/debug/deps/libamplihack_turn-bf066a2c4d2d9785.rlib --extern amplihack_types=/tmp/cargo-mutants-amplihack-pr-YcCg5x.tmp/target/debug/deps/libamplihack_types-5aa2c2ee7df7bcf4.rlib --extern amplihack_utils=/tmp/cargo-mutants-amplihack-pr-YcCg5x.tmp/target/debug/deps/libamplihack_utils-08a9c706cfc82cac.rlib --extern amplihack_workflows=/tmp/cargo-mutants-amplihack-pr-YcCg5x.tmp/target/debug/deps/libamplihack_workflows-15e51595127c129b.rlib --extern anyhow=/tmp/cargo-mutants-amplihack-pr-YcCg5x.tmp/target/debug/deps/libanyhow-aaead62bc88b9429.rlib --extern assert_cmd=/tmp/cargo-mutants-amplihack-pr-YcCg5x.tmp/target/debug/deps/libassert_cmd-7a96199b9b843959.rlib --extern async_trait=/tmp/cargo-mutants-amplihack-pr-YcCg5x.tmp/target/debug/deps/libasync_trait-601d0c3ace375beb.so --extern chrono=/tmp/cargo-mutants-amplihack-pr-YcCg5x.tmp/target/debug/deps/libchrono-698d0514bedff45c.rlib --extern clap=/tmp/cargo-mutants-amplihack-pr-YcCg5x.tmp/target/debug/deps/libclap-0a08011544f8a5b8.rlib --extern clap_complete=/tmp/cargo-mutants-amplihack-pr-YcCg5x.tmp/target/debug/deps/libclap_complete-037496bed915a9d8.rlib --extern dialoguer=/tmp/cargo-mutants-amplihack-pr-YcCg5x.tmp/target/debug/deps/libdialoguer-701eb5d666153ef9.rlib --extern flate2=/tmp/cargo-mutants-amplihack-pr-YcCg5x.tmp/target/debug/deps/libflate2-c3906d7a8bde7622.rlib --extern fs4=/tmp/cargo-mutants-amplihack-pr-YcCg5x.tmp/target/debug/deps/libfs4-5b0e4af1974bf2a4.rlib --extern lbug=/tmp/cargo-mutants-amplihack-pr-YcCg5x.tmp/target/debug/deps/liblbug-59cfc3aac2014f89.rlib --extern libc=/tmp/cargo-mutants-amplihack-pr-YcCg5x.tmp/target/debug/deps/liblibc-4d73f44b645ff25b.rlib --extern lru=/tmp/cargo-mutants-amplihack-pr-YcCg5x.tmp/target/debug/deps/liblru-7e6e70a4ddd6b98d.rlib --extern prost=/tmp/cargo-mutants-amplihack-pr-YcCg5x.tmp/target/debug/deps/libprost-add16c9af461c9ee.rlib --extern regex=/tmp/cargo-mutants-amplihack-pr-YcCg5x.tmp/target/debug/deps/libregex-03ca1be4cec3c16d.rlib --extern rexpect=/tmp/cargo-mutants-amplihack-pr-YcCg5x.tmp/target/debug/deps/librexpect-5a0111470db11a54.rlib --extern rusqlite=/tmp/cargo-mutants-amplihack-pr-YcCg5x.tmp/target/debug/deps/librusqlite-90f542ebc6046a0d.rlib --extern semver=/tmp/cargo-mutants-amplihack-pr-YcCg5x.tmp/target/debug/deps/libsemver-d1ac1c952db7cf2d.rlib --extern serde=/tmp/cargo-mutants-amplihack-pr-YcCg5x.tmp/target/debug/deps/libserde-9862aaefd1081862.rlib --extern serde_json=/tmp/cargo-mutants-amplihack-pr-YcCg5x.tmp/target/debug/deps/libserde_json-061c00ff3e9853d1.rlib --extern serde_yaml=/tmp/cargo-mutants-amplihack-pr-YcCg5x.tmp/target/debug/deps/libserde_yaml-32f4debdc5c586ac.rlib --extern sha2=/tmp/cargo-mutants-amplihack-pr-YcCg5x.tmp/target/debug/deps/libsha2-9bd26e6f526c10f4.rlib --extern signal_hook=/tmp/cargo-mutants-amplihack-pr-YcCg5x.tmp/target/debug/deps/libsignal_hook-016995c66640b093.rlib --extern tar=/tmp/cargo-mutants-amplihack-pr-YcCg5x.tmp/target/debug/deps/libtar-739a95e6c50d0407.rlib --extern tempfile=/tmp/cargo-mutants-amplihack-pr-YcCg5x.tmp/target/debug/deps/libtempfile-5a176b43127bd653.rlib --extern thiserror=/tmp/cargo-mutants-amplihack-pr-YcCg5x.tmp/target/debug/deps/libthiserror-2e6c1412a455e99c.rlib --extern time=/tmp/cargo-mutants-amplihack-pr-YcCg5x.tmp/target/debug/deps/libtime-16367d88b56805ba.rlib --extern tokio=/tmp/cargo-mutants-amplihack-pr-YcCg5x.tmp/target/debug/deps/libtokio-72d59edba91c3e05.rlib --extern toml=/tmp/cargo-mutants-amplihack-pr-YcCg5x.tmp/target/debug/deps/libtoml-1a9bef83c37016d2.rlib --extern tracing=/tmp/cargo-mutants-amplihack-pr-YcCg5x.tmp/target/debug/deps/libtracing-c155b65c27f48072.rlib --extern tracing_subscriber=/tmp/cargo-mutants-amplihack-pr-YcCg5x.tmp/target/debug/deps/libtracing_subscriber-0a1c6037d6d0ddb6.rlib --extern ureq=/tmp/cargo-mutants-amplihack-pr-YcCg5x.tmp/target/debug/deps/libureq-a52054ce8bf46ff7.rlib --extern uuid=/tmp/cargo-mutants-amplihack-pr-YcCg5x.tmp/target/debug/deps/libuuid-d03d2fc21fd13b3e.rlib --extern zip=/tmp/cargo-mutants-amplihack-pr-YcCg5x.tmp/target/debug/deps/libzip-8228d34f1cec4b5d.rlib -L native=/tmp/cargo-mutants-amplihack-pr-YcCg5x.tmp/target/debug/build/lbug-c2061b4e8dfc1d6b/out/build/src -L native=/tmp/cargo-mutants-amplihack-pr-YcCg5x.tmp/target/debug/build/lbug-c2061b4e8dfc1d6b/out/build/third_party/utf8proc -L native=/tmp/cargo-mutants-amplihack-pr-YcCg5x.tmp/target/debug/build/lbug-c2061b4e8dfc1d6b/out/build/third_party/antlr4_cypher -L native=/tmp/cargo-mutants-amplihack-pr-YcCg5x.tmp/target/debug/build/lbug-c2061b4e8dfc1d6b/out/build/third_party/antlr4_runtime -L native=/tmp/cargo-mutants-amplihack-pr-YcCg5x.tmp/target/debug/build/lbug-c2061b4e8dfc1d6b/out/build/third_party/re2 -L native=/tmp/cargo-mutants-amplihack-pr-YcCg5x.tmp/target/debug/build/lbug-c2061b4e8dfc1d6b/out/build/third_party/brotli -L native=/tmp/cargo-mutants-amplihack-pr-YcCg5x.tmp/target/debug/build/lbug-c2061b4e8dfc1d6b/out/build/third_party/alp -L native=/tmp/cargo-mutants-amplihack-pr-YcCg5x.tmp/target/debug/build/lbug-c2061b4e8dfc1d6b/out/build/third_party/fastpfor -L native=/tmp/cargo-mutants-amplihack-pr-YcCg5x.tmp/target/debug/build/lbug-c2061b4e8dfc1d6b/out/build/third_party/parquet -L native=/tmp/cargo-mutants-amplihack-pr-YcCg5x.tmp/target/debug/build/lbug-c2061b4e8dfc1d6b/out/build/third_party/thrift -L native=/tmp/cargo-mutants-amplihack-pr-YcCg5x.tmp/target/debug/build/lbug-c2061b4e8dfc1d6b/out/build/third_party/snappy -L native=/tmp/cargo-mutants-amplihack-pr-YcCg5x.tmp/target/debug/build/lbug-c2061b4e8dfc1d6b/out/build/third_party/zstd -L native=/tmp/cargo-mutants-amplihack-pr-YcCg5x.tmp/target/debug/build/lbug-c2061b4e8dfc1d6b/out/build/third_party/miniz -L native=/tmp/cargo-mutants-amplihack-pr-YcCg5x.tmp/target/debug/build/lbug-c2061b4e8dfc1d6b/out/build/third_party/mbedtls -L native=/tmp/cargo-mutants-amplihack-pr-YcCg5x.tmp/target/debug/build/lbug-c2061b4e8dfc1d6b/out/build/third_party/lz4 -L native=/tmp/cargo-mutants-amplihack-pr-YcCg5x.tmp/target/debug/build/lbug-c2061b4e8dfc1d6b/out/build/third_party/roaring_bitmap -L native=/tmp/cargo-mutants-amplihack-pr-YcCg5x.tmp/target/debug/build/lbug-c2061b4e8dfc1d6b/out/build/third_party/simsimd -L native=/tmp/cargo-mutants-amplihack-pr-YcCg5x.tmp/target/debug/build/lbug-c2061b4e8dfc1d6b/out/build/third_party/yyjson -L native=/tmp/cargo-mutants-amplihack-pr-YcCg5x.tmp/target/debug/build/lbug-c2061b4e8dfc1d6b/out -L native=/tmp/cargo-mutants-amplihack-pr-YcCg5x.tmp/target/debug/build/cxx-3dafb46d76064c7e/out -L native=/tmp/cargo-mutants-amplihack-pr-YcCg5x.tmp/target/debug/build/link-cplusplus-99e4942e4cf65b7c/out -L native=/tmp/cargo-mutants-amplihack-pr-YcCg5x.tmp/target/debug/build/libsqlite3-sys-f4dcd415928f89cb/out -L native=/tmp/cargo-mutants-amplihack-pr-YcCg5x.tmp/target/debug/build/ring-439005edc122cf5b/out`
     Running `/home/azureuser/.rustup/toolchains/1.97.0-x86_64-unknown-linux-gnu/bin/rustc --crate-name signal_error_taxonomy --edition=2024 crates/amplihack-cli/tests/signal_error_taxonomy.rs --error-format=json --json=diagnostic-rendered-ansi,artifacts,future-incompat --emit=dep-info,link -C embed-bitcode=no -C debuginfo=line-tables-only --warn=unexpected_cfgs --check-cfg 'cfg(kani)' --test --cfg 'feature="default"' --check-cfg 'cfg(docsrs,test)' --check-cfg 'cfg(feature, values("default", "signal", "test-support"))' -C metadata=65a8085e59b47016 -C extra-filename=-fbb45a5db9dcd15a --out-dir /tmp/cargo-mutants-amplihack-pr-YcCg5x.tmp/target/debug/deps -C incremental=/tmp/cargo-mutants-amplihack-pr-YcCg5x.tmp/target/debug/incremental -L dependency=/tmp/cargo-mutants-amplihack-pr-YcCg5x.tmp/target/debug/deps --extern amplihack_builders=/tmp/cargo-mutants-amplihack-pr-YcCg5x.tmp/target/debug/deps/libamplihack_builders-03993fac7567dfac.rlib --extern amplihack_cli=/tmp/cargo-mutants-amplihack-pr-YcCg5x.tmp/target/debug/deps/libamplihack_cli-29d762ce3c0fd35c.rlib --extern amplihack_hive=/tmp/cargo-mutants-amplihack-pr-YcCg5x.tmp/target/debug/deps/libamplihack_hive-7dcf48bdaeaf754c.rlib --extern amplihack_launcher=/tmp/cargo-mutants-amplihack-pr-YcCg5x.tmp/target/debug/deps/libamplihack_launcher-a0b196619987966a.rlib --extern amplihack_memory=/tmp/cargo-mutants-amplihack-pr-YcCg5x.tmp/target/debug/deps/libamplihack_memory-52ac4db15a775e5a.rlib --extern amplihack_orchestration=/tmp/cargo-mutants-amplihack-pr-YcCg5x.tmp/target/debug/deps/libamplihack_orchestration-ed20700a2c166be7.rlib --extern amplihack_reflection=/tmp/cargo-mutants-amplihack-pr-YcCg5x.tmp/target/debug/deps/libamplihack_reflection-9fc868256a9530da.rlib --extern amplihack_remote=/tmp/cargo-mutants-amplihack-pr-YcCg5x.tmp/target/debug/deps/libamplihack_remote-bda9eaf1668cac2f.rlib --extern amplihack_signal=/tmp/cargo-mutants-amplihack-pr-YcCg5x.tmp/target/debug/deps/libamplihack_signal-12b09c972d1bf694.rlib --extern amplihack_state=/tmp/cargo-mutants-amplihack-pr-YcCg5x.tmp/target/debug/deps/libamplihack_state-5bfc4593aa3c2735.rlib --extern amplihack_turn=/tmp/cargo-mutants-amplihack-pr-YcCg5x.tmp/target/debug/deps/libamplihack_turn-bf066a2c4d2d9785.rlib --extern amplihack_types=/tmp/cargo-mutants-amplihack-pr-YcCg5x.tmp/target/debug/deps/libamplihack_types-5aa2c2ee7df7bcf4.rlib --extern amplihack_utils=/tmp/cargo-mutants-amplihack-pr-YcCg5x.tmp/target/debug/deps/libamplihack_utils-08a9c706cfc82cac.rlib --extern amplihack_workflows=/tmp/cargo-mutants-amplihack-pr-YcCg5x.tmp/target/debug/deps/libamplihack_workflows-15e51595127c129b.rlib --extern anyhow=/tmp/cargo-mutants-amplihack-pr-YcCg5x.tmp/target/debug/deps/libanyhow-aaead62bc88b9429.rlib --extern assert_cmd=/tmp/cargo-mutants-amplihack-pr-YcCg5x.tmp/target/debug/deps/libassert_cmd-7a96199b9b843959.rlib --extern async_trait=/tmp/cargo-mutants-amplihack-pr-YcCg5x.tmp/target/debug/deps/libasync_trait-601d0c3ace375beb.so --extern chrono=/tmp/cargo-mutants-amplihack-pr-YcCg5x.tmp/target/debug/deps/libchrono-698d0514bedff45c.rlib --extern clap=/tmp/cargo-mutants-amplihack-pr-YcCg5x.tmp/target/debug/deps/libclap-0a08011544f8a5b8.rlib --extern clap_complete=/tmp/cargo-mutants-amplihack-pr-YcCg5x.tmp/target/debug/deps/libclap_complete-037496bed915a9d8.rlib --extern dialoguer=/tmp/cargo-mutants-amplihack-pr-YcCg5x.tmp/target/debug/deps/libdialoguer-701eb5d666153ef9.rlib --extern flate2=/tmp/cargo-mutants-amplihack-pr-YcCg5x.tmp/target/debug/deps/libflate2-c3906d7a8bde7622.rlib --extern fs4=/tmp/cargo-mutants-amplihack-pr-YcCg5x.tmp/target/debug/deps/libfs4-5b0e4af1974bf2a4.rlib --extern lbug=/tmp/cargo-mutants-amplihack-pr-YcCg5x.tmp/target/debug/deps/liblbug-59cfc3aac2014f89.rlib --extern libc=/tmp/cargo-mutants-amplihack-pr-YcCg5x.tmp/target/debug/deps/liblibc-4d73f44b645ff25b.rlib --extern lru=/tmp/cargo-mutants-amplihack-pr-YcCg5x.tmp/target/debug/deps/liblru-7e6e70a4ddd6b98d.rlib --extern prost=/tmp/cargo-mutants-amplihack-pr-YcCg5x.tmp/target/debug/deps/libprost-add16c9af461c9ee.rlib --extern regex=/tmp/cargo-mutants-amplihack-pr-YcCg5x.tmp/target/debug/deps/libregex-03ca1be4cec3c16d.rlib --extern rexpect=/tmp/cargo-mutants-amplihack-pr-YcCg5x.tmp/target/debug/deps/librexpect-5a0111470db11a54.rlib --extern rusqlite=/tmp/cargo-mutants-amplihack-pr-YcCg5x.tmp/target/debug/deps/librusqlite-90f542ebc6046a0d.rlib --extern semver=/tmp/cargo-mutants-amplihack-pr-YcCg5x.tmp/target/debug/deps/libsemver-d1ac1c952db7cf2d.rlib --extern serde=/tmp/cargo-mutants-amplihack-pr-YcCg5x.tmp/target/debug/deps/libserde-9862aaefd1081862.rlib --extern serde_json=/tmp/cargo-mutants-amplihack-pr-YcCg5x.tmp/target/debug/deps/libserde_json-061c00ff3e9853d1.rlib --extern serde_yaml=/tmp/cargo-mutants-amplihack-pr-YcCg5x.tmp/target/debug/deps/libserde_yaml-32f4debdc5c586ac.rlib --extern sha2=/tmp/cargo-mutants-amplihack-pr-YcCg5x.tmp/target/debug/deps/libsha2-9bd26e6f526c10f4.rlib --extern signal_hook=/tmp/cargo-mutants-amplihack-pr-YcCg5x.tmp/target/debug/deps/libsignal_hook-016995c66640b093.rlib --extern tar=/tmp/cargo-mutants-amplihack-pr-YcCg5x.tmp/target/debug/deps/libtar-739a95e6c50d0407.rlib --extern tempfile=/tmp/cargo-mutants-amplihack-pr-YcCg5x.tmp/target/debug/deps/libtempfile-5a176b43127bd653.rlib --extern thiserror=/tmp/cargo-mutants-amplihack-pr-YcCg5x.tmp/target/debug/deps/libthiserror-2e6c1412a455e99c.rlib --extern time=/tmp/cargo-mutants-amplihack-pr-YcCg5x.tmp/target/debug/deps/libtime-16367d88b56805ba.rlib --extern tokio=/tmp/cargo-mutants-amplihack-pr-YcCg5x.tmp/target/debug/deps/libtokio-72d59edba91c3e05.rlib --extern toml=/tmp/cargo-mutants-amplihack-pr-YcCg5x.tmp/target/debug/deps/libtoml-1a9bef83c37016d2.rlib --extern tracing=/tmp/cargo-mutants-amplihack-pr-YcCg5x.tmp/target/debug/deps/libtracing-c155b65c27f48072.rlib --extern tracing_subscriber=/tmp/cargo-mutants-amplihack-pr-YcCg5x.tmp/target/debug/deps/libtracing_subscriber-0a1c6037d6d0ddb6.rlib --extern ureq=/tmp/cargo-mutants-amplihack-pr-YcCg5x.tmp/target/debug/deps/libureq-a52054ce8bf46ff7.rlib --extern uuid=/tmp/cargo-mutants-amplihack-pr-YcCg5x.tmp/target/debug/deps/libuuid-d03d2fc21fd13b3e.rlib --extern zip=/tmp/cargo-mutants-amplihack-pr-YcCg5x.tmp/target/debug/deps/libzip-8228d34f1cec4b5d.rlib -L native=/tmp/cargo-mutants-amplihack-pr-YcCg5x.tmp/target/debug/build/lbug-c2061b4e8dfc1d6b/out/build/src -L native=/tmp/cargo-mutants-amplihack-pr-YcCg5x.tmp/target/debug/build/lbug-c2061b4e8dfc1d6b/out/build/third_party/utf8proc -L native=/tmp/cargo-mutants-amplihack-pr-YcCg5x.tmp/target/debug/build/lbug-c2061b4e8dfc1d6b/out/build/third_party/antlr4_cypher -L native=/tmp/cargo-mutants-amplihack-pr-YcCg5x.tmp/target/debug/build/lbug-c2061b4e8dfc1d6b/out/build/third_party/antlr4_runtime -L native=/tmp/cargo-mutants-amplihack-pr-YcCg5x.tmp/target/debug/build/lbug-c2061b4e8dfc1d6b/out/build/third_party/re2 -L native=/tmp/cargo-mutants-amplihack-pr-YcCg5x.tmp/target/debug/build/lbug-c2061b4e8dfc1d6b/out/build/third_party/brotli -L native=/tmp/cargo-mutants-amplihack-pr-YcCg5x.tmp/target/debug/build/lbug-c2061b4e8dfc1d6b/out/build/third_party/alp -L native=/tmp/cargo-mutants-amplihack-pr-YcCg5x.tmp/target/debug/build/lbug-c2061b4e8dfc1d6b/out/build/third_party/fastpfor -L native=/tmp/cargo-mutants-amplihack-pr-YcCg5x.tmp/target/debug/build/lbug-c2061b4e8dfc1d6b/out/build/third_party/parquet -L native=/tmp/cargo-mutants-amplihack-pr-YcCg5x.tmp/target/debug/build/lbug-c2061b4e8dfc1d6b/out/build/third_party/thrift -L native=/tmp/cargo-mutants-amplihack-pr-YcCg5x.tmp/target/debug/build/lbug-c2061b4e8dfc1d6b/out/build/third_party/snappy -L native=/tmp/cargo-mutants-amplihack-pr-YcCg5x.tmp/target/debug/build/lbug-c2061b4e8dfc1d6b/out/build/third_party/zstd -L native=/tmp/cargo-mutants-amplihack-pr-YcCg5x.tmp/target/debug/build/lbug-c2061b4e8dfc1d6b/out/build/third_party/miniz -L native=/tmp/cargo-mutants-amplihack-pr-YcCg5x.tmp/target/debug/build/lbug-c2061b4e8dfc1d6b/out/build/third_party/mbedtls -L native=/tmp/cargo-mutants-amplihack-pr-YcCg5x.tmp/target/debug/build/lbug-c2061b4e8dfc1d6b/out/build/third_party/lz4 -L native=/tmp/cargo-mutants-amplihack-pr-YcCg5x.tmp/target/debug/build/lbug-c2061b4e8dfc1d6b/out/build/third_party/roaring_bitmap -L native=/tmp/cargo-mutants-amplihack-pr-YcCg5x.tmp/target/debug/build/lbug-c2061b4e8dfc1d6b/out/build/third_party/simsimd -L native=/tmp/cargo-mutants-amplihack-pr-YcCg5x.tmp/target/debug/build/lbug-c2061b4e8dfc1d6b/out/build/third_party/yyjson -L native=/tmp/cargo-mutants-amplihack-pr-YcCg5x.tmp/target/debug/build/lbug-c2061b4e8dfc1d6b/out -L native=/tmp/cargo-mutants-amplihack-pr-YcCg5x.tmp/target/debug/build/cxx-3dafb46d76064c7e/out -L native=/tmp/cargo-mutants-amplihack-pr-YcCg5x.tmp/target/debug/build/link-cplusplus-99e4942e4cf65b7c/out -L native=/tmp/cargo-mutants-amplihack-pr-YcCg5x.tmp/target/debug/build/libsqlite3-sys-f4dcd415928f89cb/out -L native=/tmp/cargo-mutants-amplihack-pr-YcCg5x.tmp/target/debug/build/ring-439005edc122cf5b/out`
     Running `/home/azureuser/.rustup/toolchains/1.97.0-x86_64-unknown-linux-gnu/bin/rustc --crate-name signal_config_writer --edition=2024 crates/amplihack-cli/tests/signal_config_writer.rs --error-format=json --json=diagnostic-rendered-ansi,artifacts,future-incompat --emit=dep-info,link -C embed-bitcode=no -C debuginfo=line-tables-only --warn=unexpected_cfgs --check-cfg 'cfg(kani)' --test --cfg 'feature="default"' --check-cfg 'cfg(docsrs,test)' --check-cfg 'cfg(feature, values("default", "signal", "test-support"))' -C metadata=872b1f457072b93b -C extra-filename=-e09473b9f1b4b697 --out-dir /tmp/cargo-mutants-amplihack-pr-YcCg5x.tmp/target/debug/deps -C incremental=/tmp/cargo-mutants-amplihack-pr-YcCg5x.tmp/target/debug/incremental -L dependency=/tmp/cargo-mutants-amplihack-pr-YcCg5x.tmp/target/debug/deps --extern amplihack_builders=/tmp/cargo-mutants-amplihack-pr-YcCg5x.tmp/target/debug/deps/libamplihack_builders-03993fac7567dfac.rlib --extern amplihack_cli=/tmp/cargo-mutants-amplihack-pr-YcCg5x.tmp/target/debug/deps/libamplihack_cli-29d762ce3c0fd35c.rlib --extern amplihack_hive=/tmp/cargo-mutants-amplihack-pr-YcCg5x.tmp/target/debug/deps/libamplihack_hive-7dcf48bdaeaf754c.rlib --extern amplihack_launcher=/tmp/cargo-mutants-amplihack-pr-YcCg5x.tmp/target/debug/deps/libamplihack_launcher-a0b196619987966a.rlib --extern amplihack_memory=/tmp/cargo-mutants-amplihack-pr-YcCg5x.tmp/target/debug/deps/libamplihack_memory-52ac4db15a775e5a.rlib --extern amplihack_orchestration=/tmp/cargo-mutants-amplihack-pr-YcCg5x.tmp/target/debug/deps/libamplihack_orchestration-ed20700a2c166be7.rlib --extern amplihack_reflection=/tmp/cargo-mutants-amplihack-pr-YcCg5x.tmp/target/debug/deps/libamplihack_reflection-9fc868256a9530da.rlib --extern amplihack_remote=/tmp/cargo-mutants-amplihack-pr-YcCg5x.tmp/target/debug/deps/libamplihack_remote-bda9eaf1668cac2f.rlib --extern amplihack_signal=/tmp/cargo-mutants-amplihack-pr-YcCg5x.tmp/target/debug/deps/libamplihack_signal-12b09c972d1bf694.rlib --extern amplihack_state=/tmp/cargo-mutants-amplihack-pr-YcCg5x.tmp/target/debug/deps/libamplihack_state-5bfc4593aa3c2735.rlib --extern amplihack_turn=/tmp/cargo-mutants-amplihack-pr-YcCg5x.tmp/target/debug/deps/libamplihack_turn-bf066a2c4d2d9785.rlib --extern amplihack_types=/tmp/cargo-mutants-amplihack-pr-YcCg5x.tmp/target/debug/deps/libamplihack_types-5aa2c2ee7df7bcf4.rlib --extern amplihack_utils=/tmp/cargo-mutants-amplihack-pr-YcCg5x.tmp/target/debug/deps/libamplihack_utils-08a9c706cfc82cac.rlib --extern amplihack_workflows=/tmp/cargo-mutants-amplihack-pr-YcCg5x.tmp/target/debug/deps/libamplihack_workflows-15e51595127c129b.rlib --extern anyhow=/tmp/cargo-mutants-amplihack-pr-YcCg5x.tmp/target/debug/deps/libanyhow-aaead62bc88b9429.rlib --extern assert_cmd=/tmp/cargo-mutants-amplihack-pr-YcCg5x.tmp/target/debug/deps/libassert_cmd-7a96199b9b843959.rlib --extern async_trait=/tmp/cargo-mutants-amplihack-pr-YcCg5x.tmp/target/debug/deps/libasync_trait-601d0c3ace375beb.so --extern chrono=/tmp/cargo-mutants-amplihack-pr-YcCg5x.tmp/target/debug/deps/libchrono-698d0514bedff45c.rlib --extern clap=/tmp/cargo-mutants-amplihack-pr-YcCg5x.tmp/target/debug/deps/libclap-0a08011544f8a5b8.rlib --extern clap_complete=/tmp/cargo-mutants-amplihack-pr-YcCg5x.tmp/target/debug/deps/libclap_complete-037496bed915a9d8.rlib --extern dialoguer=/tmp/cargo-mutants-amplihack-pr-YcCg5x.tmp/target/debug/deps/libdialoguer-701eb5d666153ef9.rlib --extern flate2=/tmp/cargo-mutants-amplihack-pr-YcCg5x.tmp/target/debug/deps/libflate2-c3906d7a8bde7622.rlib --extern fs4=/tmp/cargo-mutants-amplihack-pr-YcCg5x.tmp/target/debug/deps/libfs4-5b0e4af1974bf2a4.rlib --extern lbug=/tmp/cargo-mutants-amplihack-pr-YcCg5x.tmp/target/debug/deps/liblbug-59cfc3aac2014f89.rlib --extern libc=/tmp/cargo-mutants-amplihack-pr-YcCg5x.tmp/target/debug/deps/liblibc-4d73f44b645ff25b.rlib --extern lru=/tmp/cargo-mutants-amplihack-pr-YcCg5x.tmp/target/debug/deps/liblru-7e6e70a4ddd6b98d.rlib --extern prost=/tmp/cargo-mutants-amplihack-pr-YcCg5x.tmp/target/debug/deps/libprost-add16c9af461c9ee.rlib --extern regex=/tmp/cargo-mutants-amplihack-pr-YcCg5x.tmp/target/debug/deps/libregex-03ca1be4cec3c16d.rlib --extern rexpect=/tmp/cargo-mutants-amplihack-pr-YcCg5x.tmp/target/debug/deps/librexpect-5a0111470db11a54.rlib --extern rusqlite=/tmp/cargo-mutants-amplihack-pr-YcCg5x.tmp/target/debug/deps/librusqlite-90f542ebc6046a0d.rlib --extern semver=/tmp/cargo-mutants-amplihack-pr-YcCg5x.tmp/target/debug/deps/libsemver-d1ac1c952db7cf2d.rlib --extern serde=/tmp/cargo-mutants-amplihack-pr-YcCg5x.tmp/target/debug/deps/libserde-9862aaefd1081862.rlib --extern serde_json=/tmp/cargo-mutants-amplihack-pr-YcCg5x.tmp/target/debug/deps/libserde_json-061c00ff3e9853d1.rlib --extern serde_yaml=/tmp/cargo-mutants-amplihack-pr-YcCg5x.tmp/target/debug/deps/libserde_yaml-32f4debdc5c586ac.rlib --extern sha2=/tmp/cargo-mutants-amplihack-pr-YcCg5x.tmp/target/debug/deps/libsha2-9bd26e6f526c10f4.rlib --extern signal_hook=/tmp/cargo-mutants-amplihack-pr-YcCg5x.tmp/target/debug/deps/libsignal_hook-016995c66640b093.rlib --extern tar=/tmp/cargo-mutants-amplihack-pr-YcCg5x.tmp/target/debug/deps/libtar-739a95e6c50d0407.rlib --extern tempfile=/tmp/cargo-mutants-amplihack-pr-YcCg5x.tmp/target/debug/deps/libtempfile-5a176b43127bd653.rlib --extern thiserror=/tmp/cargo-mutants-amplihack-pr-YcCg5x.tmp/target/debug/deps/libthiserror-2e6c1412a455e99c.rlib --extern time=/tmp/cargo-mutants-amplihack-pr-YcCg5x.tmp/target/debug/deps/libtime-16367d88b56805ba.rlib --extern tokio=/tmp/cargo-mutants-amplihack-pr-YcCg5x.tmp/target/debug/deps/libtokio-72d59edba91c3e05.rlib --extern toml=/tmp/cargo-mutants-amplihack-pr-YcCg5x.tmp/target/debug/deps/libtoml-1a9bef83c37016d2.rlib --extern tracing=/tmp/cargo-mutants-amplihack-pr-YcCg5x.tmp/target/debug/deps/libtracing-c155b65c27f48072.rlib --extern tracing_subscriber=/tmp/cargo-mutants-amplihack-pr-YcCg5x.tmp/target/debug/deps/libtracing_subscriber-0a1c6037d6d0ddb6.rlib --extern ureq=/tmp/cargo-mutants-amplihack-pr-YcCg5x.tmp/target/debug/deps/libureq-a52054ce8bf46ff7.rlib --extern uuid=/tmp/cargo-mutants-amplihack-pr-YcCg5x.tmp/target/debug/deps/libuuid-d03d2fc21fd13b3e.rlib --extern zip=/tmp/cargo-mutants-amplihack-pr-YcCg5x.tmp/target/debug/deps/libzip-8228d34f1cec4b5d.rlib -L native=/tmp/cargo-mutants-amplihack-pr-YcCg5x.tmp/target/debug/build/lbug-c2061b4e8dfc1d6b/out/build/src -L native=/tmp/cargo-mutants-amplihack-pr-YcCg5x.tmp/target/debug/build/lbug-c2061b4e8dfc1d6b/out/build/third_party/utf8proc -L native=/tmp/cargo-mutants-amplihack-pr-YcCg5x.tmp/target/debug/build/lbug-c2061b4e8dfc1d6b/out/build/third_party/antlr4_cypher -L native=/tmp/cargo-mutants-amplihack-pr-YcCg5x.tmp/target/debug/build/lbug-c2061b4e8dfc1d6b/out/build/third_party/antlr4_runtime -L native=/tmp/cargo-mutants-amplihack-pr-YcCg5x.tmp/target/debug/build/lbug-c2061b4e8dfc1d6b/out/build/third_party/re2 -L native=/tmp/cargo-mutants-amplihack-pr-YcCg5x.tmp/target/debug/build/lbug-c2061b4e8dfc1d6b/out/build/third_party/brotli -L native=/tmp/cargo-mutants-amplihack-pr-YcCg5x.tmp/target/debug/build/lbug-c2061b4e8dfc1d6b/out/build/third_party/alp -L native=/tmp/cargo-mutants-amplihack-pr-YcCg5x.tmp/target/debug/build/lbug-c2061b4e8dfc1d6b/out/build/third_party/fastpfor -L native=/tmp/cargo-mutants-amplihack-pr-YcCg5x.tmp/target/debug/build/lbug-c2061b4e8dfc1d6b/out/build/third_party/parquet -L native=/tmp/cargo-mutants-amplihack-pr-YcCg5x.tmp/target/debug/build/lbug-c2061b4e8dfc1d6b/out/build/third_party/thrift -L native=/tmp/cargo-mutants-amplihack-pr-YcCg5x.tmp/target/debug/build/lbug-c2061b4e8dfc1d6b/out/build/third_party/snappy -L native=/tmp/cargo-mutants-amplihack-pr-YcCg5x.tmp/target/debug/build/lbug-c2061b4e8dfc1d6b/out/build/third_party/zstd -L native=/tmp/cargo-mutants-amplihack-pr-YcCg5x.tmp/target/debug/build/lbug-c2061b4e8dfc1d6b/out/build/third_party/miniz -L native=/tmp/cargo-mutants-amplihack-pr-YcCg5x.tmp/target/debug/build/lbug-c2061b4e8dfc1d6b/out/build/third_party/mbedtls -L native=/tmp/cargo-mutants-amplihack-pr-YcCg5x.tmp/target/debug/build/lbug-c2061b4e8dfc1d6b/out/build/third_party/lz4 -L native=/tmp/cargo-mutants-amplihack-pr-YcCg5x.tmp/target/debug/build/lbug-c2061b4e8dfc1d6b/out/build/third_party/roaring_bitmap -L native=/tmp/cargo-mutants-amplihack-pr-YcCg5x.tmp/target/debug/build/lbug-c2061b4e8dfc1d6b/out/build/third_party/simsimd -L native=/tmp/cargo-mutants-amplihack-pr-YcCg5x.tmp/target/debug/build/lbug-c2061b4e8dfc1d6b/out/build/third_party/yyjson -L native=/tmp/cargo-mutants-amplihack-pr-YcCg5x.tmp/target/debug/build/lbug-c2061b4e8dfc1d6b/out -L native=/tmp/cargo-mutants-amplihack-pr-YcCg5x.tmp/target/debug/build/cxx-3dafb46d76064c7e/out -L native=/tmp/cargo-mutants-amplihack-pr-YcCg5x.tmp/target/debug/build/link-cplusplus-99e4942e4cf65b7c/out -L native=/tmp/cargo-mutants-amplihack-pr-YcCg5x.tmp/target/debug/build/libsqlite3-sys-f4dcd415928f89cb/out -L native=/tmp/cargo-mutants-amplihack-pr-YcCg5x.tmp/target/debug/build/ring-439005edc122cf5b/out`
     Running `/home/azureuser/.rustup/toolchains/1.97.0-x86_64-unknown-linux-gnu/bin/rustc --crate-name auto_mode_prompt_delivery --edition=2024 crates/amplihack-cli/tests/auto_mode_prompt_delivery.rs --error-format=json --json=diagnostic-rendered-ansi,artifacts,future-incompat --emit=dep-info,link -C embed-bitcode=no -C debuginfo=line-tables-only --warn=unexpected_cfgs --check-cfg 'cfg(kani)' --test --cfg 'feature="default"' --check-cfg 'cfg(docsrs,test)' --check-cfg 'cfg(feature, values("default", "signal", "test-support"))' -C metadata=42a91b5727473c18 -C extra-filename=-1e921c89fa9129ce --out-dir /tmp/cargo-mutants-amplihack-pr-YcCg5x.tmp/target/debug/deps -C incremental=/tmp/cargo-mutants-amplihack-pr-YcCg5x.tmp/target/debug/incremental -L dependency=/tmp/cargo-mutants-amplihack-pr-YcCg5x.tmp/target/debug/deps --extern amplihack_builders=/tmp/cargo-mutants-amplihack-pr-YcCg5x.tmp/target/debug/deps/libamplihack_builders-03993fac7567dfac.rlib --extern amplihack_cli=/tmp/cargo-mutants-amplihack-pr-YcCg5x.tmp/target/debug/deps/libamplihack_cli-29d762ce3c0fd35c.rlib --extern amplihack_hive=/tmp/cargo-mutants-amplihack-pr-YcCg5x.tmp/target/debug/deps/libamplihack_hive-7dcf48bdaeaf754c.rlib --extern amplihack_launcher=/tmp/cargo-mutants-amplihack-pr-YcCg5x.tmp/target/debug/deps/libamplihack_launcher-a0b196619987966a.rlib --extern amplihack_memory=/tmp/cargo-mutants-amplihack-pr-YcCg5x.tmp/target/debug/deps/libamplihack_memory-52ac4db15a775e5a.rlib --extern amplihack_orchestration=/tmp/cargo-mutants-amplihack-pr-YcCg5x.tmp/target/debug/deps/libamplihack_orchestration-ed20700a2c166be7.rlib --extern amplihack_reflection=/tmp/cargo-mutants-amplihack-pr-YcCg5x.tmp/target/debug/deps/libamplihack_reflection-9fc868256a9530da.rlib --extern amplihack_remote=/tmp/cargo-mutants-amplihack-pr-YcCg5x.tmp/target/debug/deps/libamplihack_remote-bda9eaf1668cac2f.rlib --extern amplihack_signal=/tmp/cargo-mutants-amplihack-pr-YcCg5x.tmp/target/debug/deps/libamplihack_signal-12b09c972d1bf694.rlib --extern amplihack_state=/tmp/cargo-mutants-amplihack-pr-YcCg5x.tmp/target/debug/deps/libamplihack_state-5bfc4593aa3c2735.rlib --extern amplihack_turn=/tmp/cargo-mutants-amplihack-pr-YcCg5x.tmp/target/debug/deps/libamplihack_turn-bf066a2c4d2d9785.rlib --extern amplihack_types=/tmp/cargo-mutants-amplihack-pr-YcCg5x.tmp/target/debug/deps/libamplihack_types-5aa2c2ee7df7bcf4.rlib --extern amplihack_utils=/tmp/cargo-mutants-amplihack-pr-YcCg5x.tmp/target/debug/deps/libamplihack_utils-08a9c706cfc82cac.rlib --extern amplihack_workflows=/tmp/cargo-mutants-amplihack-pr-YcCg5x.tmp/target/debug/deps/libamplihack_workflows-15e51595127c129b.rlib --extern anyhow=/tmp/cargo-mutants-amplihack-pr-YcCg5x.tmp/target/debug/deps/libanyhow-aaead62bc88b9429.rlib --extern assert_cmd=/tmp/cargo-mutants-amplihack-pr-YcCg5x.tmp/target/debug/deps/libassert_cmd-7a96199b9b843959.rlib --extern async_trait=/tmp/cargo-mutants-amplihack-pr-YcCg5x.tmp/target/debug/deps/libasync_trait-601d0c3ace375beb.so --extern chrono=/tmp/cargo-mutants-amplihack-pr-YcCg5x.tmp/target/debug/deps/libchrono-698d0514bedff45c.rlib --extern clap=/tmp/cargo-mutants-amplihack-pr-YcCg5x.tmp/target/debug/deps/libclap-0a08011544f8a5b8.rlib --extern clap_complete=/tmp/cargo-mutants-amplihack-pr-YcCg5x.tmp/target/debug/deps/libclap_complete-037496bed915a9d8.rlib --extern dialoguer=/tmp/cargo-mutants-amplihack-pr-YcCg5x.tmp/target/debug/deps/libdialoguer-701eb5d666153ef9.rlib --extern flate2=/tmp/cargo-mutants-amplihack-pr-YcCg5x.tmp/target/debug/deps/libflate2-c3906d7a8bde7622.rlib --extern fs4=/tmp/cargo-mutants-amplihack-pr-YcCg5x.tmp/target/debug/deps/libfs4-5b0e4af1974bf2a4.rlib --extern lbug=/tmp/cargo-mutants-amplihack-pr-YcCg5x.tmp/target/debug/deps/liblbug-59cfc3aac2014f89.rlib --extern libc=/tmp/cargo-mutants-amplihack-pr-YcCg5x.tmp/target/debug/deps/liblibc-4d73f44b645ff25b.rlib --extern lru=/tmp/cargo-mutants-amplihack-pr-YcCg5x.tmp/target/debug/deps/liblru-7e6e70a4ddd6b98d.rlib --extern prost=/tmp/cargo-mutants-amplihack-pr-YcCg5x.tmp/target/debug/deps/libprost-add16c9af461c9ee.rlib --extern regex=/tmp/cargo-mutants-amplihack-pr-YcCg5x.tmp/target/debug/deps/libregex-03ca1be4cec3c16d.rlib --extern rexpect=/tmp/cargo-mutants-amplihack-pr-YcCg5x.tmp/target/debug/deps/librexpect-5a0111470db11a54.rlib --extern rusqlite=/tmp/cargo-mutants-amplihack-pr-YcCg5x.tmp/target/debug/deps/librusqlite-90f542ebc6046a0d.rlib --extern semver=/tmp/cargo-mutants-amplihack-pr-YcCg5x.tmp/target/debug/deps/libsemver-d1ac1c952db7cf2d.rlib --extern serde=/tmp/cargo-mutants-amplihack-pr-YcCg5x.tmp/target/debug/deps/libserde-9862aaefd1081862.rlib --extern serde_json=/tmp/cargo-mutants-amplihack-pr-YcCg5x.tmp/target/debug/deps/libserde_json-061c00ff3e9853d1.rlib --extern serde_yaml=/tmp/cargo-mutants-amplihack-pr-YcCg5x.tmp/target/debug/deps/libserde_yaml-32f4debdc5c586ac.rlib --extern sha2=/tmp/cargo-mutants-amplihack-pr-YcCg5x.tmp/target/debug/deps/libsha2-9bd26e6f526c10f4.rlib --extern signal_hook=/tmp/cargo-mutants-amplihack-pr-YcCg5x.tmp/target/debug/deps/libsignal_hook-016995c66640b093.rlib --extern tar=/tmp/cargo-mutants-amplihack-pr-YcCg5x.tmp/target/debug/deps/libtar-739a95e6c50d0407.rlib --extern tempfile=/tmp/cargo-mutants-amplihack-pr-YcCg5x.tmp/target/debug/deps/libtempfile-5a176b43127bd653.rlib --extern thiserror=/tmp/cargo-mutants-amplihack-pr-YcCg5x.tmp/target/debug/deps/libthiserror-2e6c1412a455e99c.rlib --extern time=/tmp/cargo-mutants-amplihack-pr-YcCg5x.tmp/target/debug/deps/libtime-16367d88b56805ba.rlib --extern tokio=/tmp/cargo-mutants-amplihack-pr-YcCg5x.tmp/target/debug/deps/libtokio-72d59edba91c3e05.rlib --extern toml=/tmp/cargo-mutants-amplihack-pr-YcCg5x.tmp/target/debug/deps/libtoml-1a9bef83c37016d2.rlib --extern tracing=/tmp/cargo-mutants-amplihack-pr-YcCg5x.tmp/target/debug/deps/libtracing-c155b65c27f48072.rlib --extern tracing_subscriber=/tmp/cargo-mutants-amplihack-pr-YcCg5x.tmp/target/debug/deps/libtracing_subscriber-0a1c6037d6d0ddb6.rlib --extern ureq=/tmp/cargo-mutants-amplihack-pr-YcCg5x.tmp/target/debug/deps/libureq-a52054ce8bf46ff7.rlib --extern uuid=/tmp/cargo-mutants-amplihack-pr-YcCg5x.tmp/target/debug/deps/libuuid-d03d2fc21fd13b3e.rlib --extern zip=/tmp/cargo-mutants-amplihack-pr-YcCg5x.tmp/target/debug/deps/libzip-8228d34f1cec4b5d.rlib -L native=/tmp/cargo-mutants-amplihack-pr-YcCg5x.tmp/target/debug/build/lbug-c2061b4e8dfc1d6b/out/build/src -L native=/tmp/cargo-mutants-amplihack-pr-YcCg5x.tmp/target/debug/build/lbug-c2061b4e8dfc1d6b/out/build/third_party/utf8proc -L native=/tmp/cargo-mutants-amplihack-pr-YcCg5x.tmp/target/debug/build/lbug-c2061b4e8dfc1d6b/out/build/third_party/antlr4_cypher -L native=/tmp/cargo-mutants-amplihack-pr-YcCg5x.tmp/target/debug/build/lbug-c2061b4e8dfc1d6b/out/build/third_party/antlr4_runtime -L native=/tmp/cargo-mutants-amplihack-pr-YcCg5x.tmp/target/debug/build/lbug-c2061b4e8dfc1d6b/out/build/third_party/re2 -L native=/tmp/cargo-mutants-amplihack-pr-YcCg5x.tmp/target/debug/build/lbug-c2061b4e8dfc1d6b/out/build/third_party/brotli -L native=/tmp/cargo-mutants-amplihack-pr-YcCg5x.tmp/target/debug/build/lbug-c2061b4e8dfc1d6b/out/build/third_party/alp -L native=/tmp/cargo-mutants-amplihack-pr-YcCg5x.tmp/target/debug/build/lbug-c2061b4e8dfc1d6b/out/build/third_party/fastpfor -L native=/tmp/cargo-mutants-amplihack-pr-YcCg5x.tmp/target/debug/build/lbug-c2061b4e8dfc1d6b/out/build/third_party/parquet -L native=/tmp/cargo-mutants-amplihack-pr-YcCg5x.tmp/target/debug/build/lbug-c2061b4e8dfc1d6b/out/build/third_party/thrift -L native=/tmp/cargo-mutants-amplihack-pr-YcCg5x.tmp/target/debug/build/lbug-c2061b4e8dfc1d6b/out/build/third_party/snappy -L native=/tmp/cargo-mutants-amplihack-pr-YcCg5x.tmp/target/debug/build/lbug-c2061b4e8dfc1d6b/out/build/third_party/zstd -L native=/tmp/cargo-mutants-amplihack-pr-YcCg5x.tmp/target/debug/build/lbug-c2061b4e8dfc1d6b/out/build/third_party/miniz -L native=/tmp/cargo-mutants-amplihack-pr-YcCg5x.tmp/target/debug/build/lbug-c2061b4e8dfc1d6b/out/build/third_party/mbedtls -L native=/tmp/cargo-mutants-amplihack-pr-YcCg5x.tmp/target/debug/build/lbug-c2061b4e8dfc1d6b/out/build/third_party/lz4 -L native=/tmp/cargo-mutants-amplihack-pr-YcCg5x.tmp/target/debug/build/lbug-c2061b4e8dfc1d6b/out/build/third_party/roaring_bitmap -L native=/tmp/cargo-mutants-amplihack-pr-YcCg5x.tmp/target/debug/build/lbug-c2061b4e8dfc1d6b/out/build/third_party/simsimd -L native=/tmp/cargo-mutants-amplihack-pr-YcCg5x.tmp/target/debug/build/lbug-c2061b4e8dfc1d6b/out/build/third_party/yyjson -L native=/tmp/cargo-mutants-amplihack-pr-YcCg5x.tmp/target/debug/build/lbug-c2061b4e8dfc1d6b/out -L native=/tmp/cargo-mutants-amplihack-pr-YcCg5x.tmp/target/debug/build/cxx-3dafb46d76064c7e/out -L native=/tmp/cargo-mutants-amplihack-pr-YcCg5x.tmp/target/debug/build/link-cplusplus-99e4942e4cf65b7c/out -L native=/tmp/cargo-mutants-amplihack-pr-YcCg5x.tmp/target/debug/build/libsqlite3-sys-f4dcd415928f89cb/out -L native=/tmp/cargo-mutants-amplihack-pr-YcCg5x.tmp/target/debug/build/ring-439005edc122cf5b/out`
     Running `/home/azureuser/.rustup/toolchains/1.97.0-x86_64-unknown-linux-gnu/bin/rustc --crate-name issue_754_scoped_monitor_contracts --edition=2024 crates/amplihack-cli/tests/issue_754_scoped_monitor_contracts.rs --error-format=json --json=diagnostic-rendered-ansi,artifacts,future-incompat --emit=dep-info,link -C embed-bitcode=no -C debuginfo=line-tables-only --warn=unexpected_cfgs --check-cfg 'cfg(kani)' --test --cfg 'feature="default"' --check-cfg 'cfg(docsrs,test)' --check-cfg 'cfg(feature, values("default", "signal", "test-support"))' -C metadata=568deac6e85ea38c -C extra-filename=-1900db9e8d09b51f --out-dir /tmp/cargo-mutants-amplihack-pr-YcCg5x.tmp/target/debug/deps -C incremental=/tmp/cargo-mutants-amplihack-pr-YcCg5x.tmp/target/debug/incremental -L dependency=/tmp/cargo-mutants-amplihack-pr-YcCg5x.tmp/target/debug/deps --extern amplihack_builders=/tmp/cargo-mutants-amplihack-pr-YcCg5x.tmp/target/debug/deps/libamplihack_builders-03993fac7567dfac.rlib --extern amplihack_cli=/tmp/cargo-mutants-amplihack-pr-YcCg5x.tmp/target/debug/deps/libamplihack_cli-29d762ce3c0fd35c.rlib --extern amplihack_hive=/tmp/cargo-mutants-amplihack-pr-YcCg5x.tmp/target/debug/deps/libamplihack_hive-7dcf48bdaeaf754c.rlib --extern amplihack_launcher=/tmp/cargo-mutants-amplihack-pr-YcCg5x.tmp/target/debug/deps/libamplihack_launcher-a0b196619987966a.rlib --extern amplihack_memory=/tmp/cargo-mutants-amplihack-pr-YcCg5x.tmp/target/debug/deps/libamplihack_memory-52ac4db15a775e5a.rlib --extern amplihack_orchestration=/tmp/cargo-mutants-amplihack-pr-YcCg5x.tmp/target/debug/deps/libamplihack_orchestration-ed20700a2c166be7.rlib --extern amplihack_reflection=/tmp/cargo-mutants-amplihack-pr-YcCg5x.tmp/target/debug/deps/libamplihack_reflection-9fc868256a9530da.rlib --extern amplihack_remote=/tmp/cargo-mutants-amplihack-pr-YcCg5x.tmp/target/debug/deps/libamplihack_remote-bda9eaf1668cac2f.rlib --extern amplihack_signal=/tmp/cargo-mutants-amplihack-pr-YcCg5x.tmp/target/debug/deps/libamplihack_signal-12b09c972d1bf694.rlib --extern amplihack_state=/tmp/cargo-mutants-amplihack-pr-YcCg5x.tmp/target/debug/deps/libamplihack_state-5bfc4593aa3c2735.rlib --extern amplihack_turn=/tmp/cargo-mutants-amplihack-pr-YcCg5x.tmp/target/debug/deps/libamplihack_turn-bf066a2c4d2d9785.rlib --extern amplihack_types=/tmp/cargo-mutants-amplihack-pr-YcCg5x.tmp/target/debug/deps/libamplihack_types-5aa2c2ee7df7bcf4.rlib --extern amplihack_utils=/tmp/cargo-mutants-amplihack-pr-YcCg5x.tmp/target/debug/deps/libamplihack_utils-08a9c706cfc82cac.rlib --extern amplihack_workflows=/tmp/cargo-mutants-amplihack-pr-YcCg5x.tmp/target/debug/deps/libamplihack_workflows-15e51595127c129b.rlib --extern anyhow=/tmp/cargo-mutants-amplihack-pr-YcCg5x.tmp/target/debug/deps/libanyhow-aaead62bc88b9429.rlib --extern assert_cmd=/tmp/cargo-mutants-amplihack-pr-YcCg5x.tmp/target/debug/deps/libassert_cmd-7a96199b9b843959.rlib --extern async_trait=/tmp/cargo-mutants-amplihack-pr-YcCg5x.tmp/target/debug/deps/libasync_trait-601d0c3ace375beb.so --extern chrono=/tmp/cargo-mutants-amplihack-pr-YcCg5x.tmp/target/debug/deps/libchrono-698d0514bedff45c.rlib --extern clap=/tmp/cargo-mutants-amplihack-pr-YcCg5x.tmp/target/debug/deps/libclap-0a08011544f8a5b8.rlib --extern clap_complete=/tmp/cargo-mutants-amplihack-pr-YcCg5x.tmp/target/debug/deps/libclap_complete-037496bed915a9d8.rlib --extern dialoguer=/tmp/cargo-mutants-amplihack-pr-YcCg5x.tmp/target/debug/deps/libdialoguer-701eb5d666153ef9.rlib --extern flate2=/tmp/cargo-mutants-amplihack-pr-YcCg5x.tmp/target/debug/deps/libflate2-c3906d7a8bde7622.rlib --extern fs4=/tmp/cargo-mutants-amplihack-pr-YcCg5x.tmp/target/debug/deps/libfs4-5b0e4af1974bf2a4.rlib --extern lbug=/tmp/cargo-mutants-amplihack-pr-YcCg5x.tmp/target/debug/deps/liblbug-59cfc3aac2014f89.rlib --extern libc=/tmp/cargo-mutants-amplihack-pr-YcCg5x.tmp/target/debug/deps/liblibc-4d73f44b645ff25b.rlib --extern lru=/tmp/cargo-mutants-amplihack-pr-YcCg5x.tmp/target/debug/deps/liblru-7e6e70a4ddd6b98d.rlib --extern prost=/tmp/cargo-mutants-amplihack-pr-YcCg5x.tmp/target/debug/deps/libprost-add16c9af461c9ee.rlib --extern regex=/tmp/cargo-mutants-amplihack-pr-YcCg5x.tmp/target/debug/deps/libregex-03ca1be4cec3c16d.rlib --extern rexpect=/tmp/cargo-mutants-amplihack-pr-YcCg5x.tmp/target/debug/deps/librexpect-5a0111470db11a54.rlib --extern rusqlite=/tmp/cargo-mutants-amplihack-pr-YcCg5x.tmp/target/debug/deps/librusqlite-90f542ebc6046a0d.rlib --extern semver=/tmp/cargo-mutants-amplihack-pr-YcCg5x.tmp/target/debug/deps/libsemver-d1ac1c952db7cf2d.rlib --extern serde=/tmp/cargo-mutants-amplihack-pr-YcCg5x.tmp/target/debug/deps/libserde-9862aaefd1081862.rlib --extern serde_json=/tmp/cargo-mutants-amplihack-pr-YcCg5x.tmp/target/debug/deps/libserde_json-061c00ff3e9853d1.rlib --extern serde_yaml=/tmp/cargo-mutants-amplihack-pr-YcCg5x.tmp/target/debug/deps/libserde_yaml-32f4debdc5c586ac.rlib --extern sha2=/tmp/cargo-mutants-amplihack-pr-YcCg5x.tmp/target/debug/deps/libsha2-9bd26e6f526c10f4.rlib --extern signal_hook=/tmp/cargo-mutants-amplihack-pr-YcCg5x.tmp/target/debug/deps/libsignal_hook-016995c66640b093.rlib --extern tar=/tmp/cargo-mutants-amplihack-pr-YcCg5x.tmp/target/debug/deps/libtar-739a95e6c50d0407.rlib --extern tempfile=/tmp/cargo-mutants-amplihack-pr-YcCg5x.tmp/target/debug/deps/libtempfile-5a176b43127bd653.rlib --extern thiserror=/tmp/cargo-mutants-amplihack-pr-YcCg5x.tmp/target/debug/deps/libthiserror-2e6c1412a455e99c.rlib --extern time=/tmp/cargo-mutants-amplihack-pr-YcCg5x.tmp/target/debug/deps/libtime-16367d88b56805ba.rlib --extern tokio=/tmp/cargo-mutants-amplihack-pr-YcCg5x.tmp/target/debug/deps/libtokio-72d59edba91c3e05.rlib --extern toml=/tmp/cargo-mutants-amplihack-pr-YcCg5x.tmp/target/debug/deps/libtoml-1a9bef83c37016d2.rlib --extern tracing=/tmp/cargo-mutants-amplihack-pr-YcCg5x.tmp/target/debug/deps/libtracing-c155b65c27f48072.rlib --extern tracing_subscriber=/tmp/cargo-mutants-amplihack-pr-YcCg5x.tmp/target/debug/deps/libtracing_subscriber-0a1c6037d6d0ddb6.rlib --extern ureq=/tmp/cargo-mutants-amplihack-pr-YcCg5x.tmp/target/debug/deps/libureq-a52054ce8bf46ff7.rlib --extern uuid=/tmp/cargo-mutants-amplihack-pr-YcCg5x.tmp/target/debug/deps/libuuid-d03d2fc21fd13b3e.rlib --extern zip=/tmp/cargo-mutants-amplihack-pr-YcCg5x.tmp/target/debug/deps/libzip-8228d34f1cec4b5d.rlib -L native=/tmp/cargo-mutants-amplihack-pr-YcCg5x.tmp/target/debug/build/lbug-c2061b4e8dfc1d6b/out/build/src -L native=/tmp/cargo-mutants-amplihack-pr-YcCg5x.tmp/target/debug/build/lbug-c2061b4e8dfc1d6b/out/build/third_party/utf8proc -L native=/tmp/cargo-mutants-amplihack-pr-YcCg5x.tmp/target/debug/build/lbug-c2061b4e8dfc1d6b/out/build/third_party/antlr4_cypher -L native=/tmp/cargo-mutants-amplihack-pr-YcCg5x.tmp/target/debug/build/lbug-c2061b4e8dfc1d6b/out/build/third_party/antlr4_runtime -L native=/tmp/cargo-mutants-amplihack-pr-YcCg5x.tmp/target/debug/build/lbug-c2061b4e8dfc1d6b/out/build/third_party/re2 -L native=/tmp/cargo-mutants-amplihack-pr-YcCg5x.tmp/target/debug/build/lbug-c2061b4e8dfc1d6b/out/build/third_party/brotli -L native=/tmp/cargo-mutants-amplihack-pr-YcCg5x.tmp/target/debug/build/lbug-c2061b4e8dfc1d6b/out/build/third_party/alp -L native=/tmp/cargo-mutants-amplihack-pr-YcCg5x.tmp/target/debug/build/lbug-c2061b4e8dfc1d6b/out/build/third_party/fastpfor -L native=/tmp/cargo-mutants-amplihack-pr-YcCg5x.tmp/target/debug/build/lbug-c2061b4e8dfc1d6b/out/build/third_party/parquet -L native=/tmp/cargo-mutants-amplihack-pr-YcCg5x.tmp/target/debug/build/lbug-c2061b4e8dfc1d6b/out/build/third_party/thrift -L native=/tmp/cargo-mutants-amplihack-pr-YcCg5x.tmp/target/debug/build/lbug-c2061b4e8dfc1d6b/out/build/third_party/snappy -L native=/tmp/cargo-mutants-amplihack-pr-YcCg5x.tmp/target/debug/build/lbug-c2061b4e8dfc1d6b/out/build/third_party/zstd -L native=/tmp/cargo-mutants-amplihack-pr-YcCg5x.tmp/target/debug/build/lbug-c2061b4e8dfc1d6b/out/build/third_party/miniz -L native=/tmp/cargo-mutants-amplihack-pr-YcCg5x.tmp/target/debug/build/lbug-c2061b4e8dfc1d6b/out/build/third_party/mbedtls -L native=/tmp/cargo-mutants-amplihack-pr-YcCg5x.tmp/target/debug/build/lbug-c2061b4e8dfc1d6b/out/build/third_party/lz4 -L native=/tmp/cargo-mutants-amplihack-pr-YcCg5x.tmp/target/debug/build/lbug-c2061b4e8dfc1d6b/out/build/third_party/roaring_bitmap -L native=/tmp/cargo-mutants-amplihack-pr-YcCg5x.tmp/target/debug/build/lbug-c2061b4e8dfc1d6b/out/build/third_party/simsimd -L native=/tmp/cargo-mutants-amplihack-pr-YcCg5x.tmp/target/debug/build/lbug-c2061b4e8dfc1d6b/out/build/third_party/yyjson -L native=/tmp/cargo-mutants-amplihack-pr-YcCg5x.tmp/target/debug/build/lbug-c2061b4e8dfc1d6b/out -L native=/tmp/cargo-mutants-amplihack-pr-YcCg5x.tmp/target/debug/build/cxx-3dafb46d76064c7e/out -L native=/tmp/cargo-mutants-amplihack-pr-YcCg5x.tmp/target/debug/build/link-cplusplus-99e4942e4cf65b7c/out -L native=/tmp/cargo-mutants-amplihack-pr-YcCg5x.tmp/target/debug/build/libsqlite3-sys-f4dcd415928f89cb/out -L native=/tmp/cargo-mutants-amplihack-pr-YcCg5x.tmp/target/debug/build/ring-439005edc122cf5b/out`
     Running `/home/azureuser/.rustup/toolchains/1.97.0-x86_64-unknown-linux-gnu/bin/rustc --crate-name install_update_output_contract --edition=2024 crates/amplihack-cli/tests/install_update_output_contract.rs --error-format=json --json=diagnostic-rendered-ansi,artifacts,future-incompat --emit=dep-info,link -C embed-bitcode=no -C debuginfo=line-tables-only --warn=unexpected_cfgs --check-cfg 'cfg(kani)' --test --cfg 'feature="default"' --check-cfg 'cfg(docsrs,test)' --check-cfg 'cfg(feature, values("default", "signal", "test-support"))' -C metadata=5d771d1768780ec8 -C extra-filename=-1c4373b132647c32 --out-dir /tmp/cargo-mutants-amplihack-pr-YcCg5x.tmp/target/debug/deps -C incremental=/tmp/cargo-mutants-amplihack-pr-YcCg5x.tmp/target/debug/incremental -L dependency=/tmp/cargo-mutants-amplihack-pr-YcCg5x.tmp/target/debug/deps --extern amplihack_builders=/tmp/cargo-mutants-amplihack-pr-YcCg5x.tmp/target/debug/deps/libamplihack_builders-03993fac7567dfac.rlib --extern amplihack_cli=/tmp/cargo-mutants-amplihack-pr-YcCg5x.tmp/target/debug/deps/libamplihack_cli-29d762ce3c0fd35c.rlib --extern amplihack_hive=/tmp/cargo-mutants-amplihack-pr-YcCg5x.tmp/target/debug/deps/libamplihack_hive-7dcf48bdaeaf754c.rlib --extern amplihack_launcher=/tmp/cargo-mutants-amplihack-pr-YcCg5x.tmp/target/debug/deps/libamplihack_launcher-a0b196619987966a.rlib --extern amplihack_memory=/tmp/cargo-mutants-amplihack-pr-YcCg5x.tmp/target/debug/deps/libamplihack_memory-52ac4db15a775e5a.rlib --extern amplihack_orchestration=/tmp/cargo-mutants-amplihack-pr-YcCg5x.tmp/target/debug/deps/libamplihack_orchestration-ed20700a2c166be7.rlib --extern amplihack_reflection=/tmp/cargo-mutants-amplihack-pr-YcCg5x.tmp/target/debug/deps/libamplihack_reflection-9fc868256a9530da.rlib --extern amplihack_remote=/tmp/cargo-mutants-amplihack-pr-YcCg5x.tmp/target/debug/deps/libamplihack_remote-bda9eaf1668cac2f.rlib --extern amplihack_signal=/tmp/cargo-mutants-amplihack-pr-YcCg5x.tmp/target/debug/deps/libamplihack_signal-12b09c972d1bf694.rlib --extern amplihack_state=/tmp/cargo-mutants-amplihack-pr-YcCg5x.tmp/target/debug/deps/libamplihack_state-5bfc4593aa3c2735.rlib --extern amplihack_turn=/tmp/cargo-mutants-amplihack-pr-YcCg5x.tmp/target/debug/deps/libamplihack_turn-bf066a2c4d2d9785.rlib --extern amplihack_types=/tmp/cargo-mutants-amplihack-pr-YcCg5x.tmp/target/debug/deps/libamplihack_types-5aa2c2ee7df7bcf4.rlib --extern amplihack_utils=/tmp/cargo-mutants-amplihack-pr-YcCg5x.tmp/target/debug/deps/libamplihack_utils-08a9c706cfc82cac.rlib --extern amplihack_workflows=/tmp/cargo-mutants-amplihack-pr-YcCg5x.tmp/target/debug/deps/libamplihack_workflows-15e51595127c129b.rlib --extern anyhow=/tmp/cargo-mutants-amplihack-pr-YcCg5x.tmp/target/debug/deps/libanyhow-aaead62bc88b9429.rlib --extern assert_cmd=/tmp/cargo-mutants-amplihack-pr-YcCg5x.tmp/target/debug/deps/libassert_cmd-7a96199b9b843959.rlib --extern async_trait=/tmp/cargo-mutants-amplihack-pr-YcCg5x.tmp/target/debug/deps/libasync_trait-601d0c3ace375beb.so --extern chrono=/tmp/cargo-mutants-amplihack-pr-YcCg5x.tmp/target/debug/deps/libchrono-698d0514bedff45c.rlib --extern clap=/tmp/cargo-mutants-amplihack-pr-YcCg5x.tmp/target/debug/deps/libclap-0a08011544f8a5b8.rlib --extern clap_complete=/tmp/cargo-mutants-amplihack-pr-YcCg5x.tmp/target/debug/deps/libclap_complete-037496bed915a9d8.rlib --extern dialoguer=/tmp/cargo-mutants-amplihack-pr-YcCg5x.tmp/target/debug/deps/libdialoguer-701eb5d666153ef9.rlib --extern flate2=/tmp/cargo-mutants-amplihack-pr-YcCg5x.tmp/target/debug/deps/libflate2-c3906d7a8bde7622.rlib --extern fs4=/tmp/cargo-mutants-amplihack-pr-YcCg5x.tmp/target/debug/deps/libfs4-5b0e4af1974bf2a4.rlib --extern lbug=/tmp/cargo-mutants-amplihack-pr-YcCg5x.tmp/target/debug/deps/liblbug-59cfc3aac2014f89.rlib --extern libc=/tmp/cargo-mutants-amplihack-pr-YcCg5x.tmp/target/debug/deps/liblibc-4d73f44b645ff25b.rlib --extern lru=/tmp/cargo-mutants-amplihack-pr-YcCg5x.tmp/target/debug/deps/liblru-7e6e70a4ddd6b98d.rlib --extern prost=/tmp/cargo-mutants-amplihack-pr-YcCg5x.tmp/target/debug/deps/libprost-add16c9af461c9ee.rlib --extern regex=/tmp/cargo-mutants-amplihack-pr-YcCg5x.tmp/target/debug/deps/libregex-03ca1be4cec3c16d.rlib --extern rexpect=/tmp/cargo-mutants-amplihack-pr-YcCg5x.tmp/target/debug/deps/librexpect-5a0111470db11a54.rlib --extern rusqlite=/tmp/cargo-mutants-amplihack-pr-YcCg5x.tmp/target/debug/deps/librusqlite-90f542ebc6046a0d.rlib --extern semver=/tmp/cargo-mutants-amplihack-pr-YcCg5x.tmp/target/debug/deps/libsemver-d1ac1c952db7cf2d.rlib --extern serde=/tmp/cargo-mutants-amplihack-pr-YcCg5x.tmp/target/debug/deps/libserde-9862aaefd1081862.rlib --extern serde_json=/tmp/cargo-mutants-amplihack-pr-YcCg5x.tmp/target/debug/deps/libserde_json-061c00ff3e9853d1.rlib --extern serde_yaml=/tmp/cargo-mutants-amplihack-pr-YcCg5x.tmp/target/debug/deps/libserde_yaml-32f4debdc5c586ac.rlib --extern sha2=/tmp/cargo-mutants-amplihack-pr-YcCg5x.tmp/target/debug/deps/libsha2-9bd26e6f526c10f4.rlib --extern signal_hook=/tmp/cargo-mutants-amplihack-pr-YcCg5x.tmp/target/debug/deps/libsignal_hook-016995c66640b093.rlib --extern tar=/tmp/cargo-mutants-amplihack-pr-YcCg5x.tmp/target/debug/deps/libtar-739a95e6c50d0407.rlib --extern tempfile=/tmp/cargo-mutants-amplihack-pr-YcCg5x.tmp/target/debug/deps/libtempfile-5a176b43127bd653.rlib --extern thiserror=/tmp/cargo-mutants-amplihack-pr-YcCg5x.tmp/target/debug/deps/libthiserror-2e6c1412a455e99c.rlib --extern time=/tmp/cargo-mutants-amplihack-pr-YcCg5x.tmp/target/debug/deps/libtime-16367d88b56805ba.rlib --extern tokio=/tmp/cargo-mutants-amplihack-pr-YcCg5x.tmp/target/debug/deps/libtokio-72d59edba91c3e05.rlib --extern toml=/tmp/cargo-mutants-amplihack-pr-YcCg5x.tmp/target/debug/deps/libtoml-1a9bef83c37016d2.rlib --extern tracing=/tmp/cargo-mutants-amplihack-pr-YcCg5x.tmp/target/debug/deps/libtracing-c155b65c27f48072.rlib --extern tracing_subscriber=/tmp/cargo-mutants-amplihack-pr-YcCg5x.tmp/target/debug/deps/libtracing_subscriber-0a1c6037d6d0ddb6.rlib --extern ureq=/tmp/cargo-mutants-amplihack-pr-YcCg5x.tmp/target/debug/deps/libureq-a52054ce8bf46ff7.rlib --extern uuid=/tmp/cargo-mutants-amplihack-pr-YcCg5x.tmp/target/debug/deps/libuuid-d03d2fc21fd13b3e.rlib --extern zip=/tmp/cargo-mutants-amplihack-pr-YcCg5x.tmp/target/debug/deps/libzip-8228d34f1cec4b5d.rlib -L native=/tmp/cargo-mutants-amplihack-pr-YcCg5x.tmp/target/debug/build/lbug-c2061b4e8dfc1d6b/out/build/src -L native=/tmp/cargo-mutants-amplihack-pr-YcCg5x.tmp/target/debug/build/lbug-c2061b4e8dfc1d6b/out/build/third_party/utf8proc -L native=/tmp/cargo-mutants-amplihack-pr-YcCg5x.tmp/target/debug/build/lbug-c2061b4e8dfc1d6b/out/build/third_party/antlr4_cypher -L native=/tmp/cargo-mutants-amplihack-pr-YcCg5x.tmp/target/debug/build/lbug-c2061b4e8dfc1d6b/out/build/third_party/antlr4_runtime -L native=/tmp/cargo-mutants-amplihack-pr-YcCg5x.tmp/target/debug/build/lbug-c2061b4e8dfc1d6b/out/build/third_party/re2 -L native=/tmp/cargo-mutants-amplihack-pr-YcCg5x.tmp/target/debug/build/lbug-c2061b4e8dfc1d6b/out/build/third_party/brotli -L native=/tmp/cargo-mutants-amplihack-pr-YcCg5x.tmp/target/debug/build/lbug-c2061b4e8dfc1d6b/out/build/third_party/alp -L native=/tmp/cargo-mutants-amplihack-pr-YcCg5x.tmp/target/debug/build/lbug-c2061b4e8dfc1d6b/out/build/third_party/fastpfor -L native=/tmp/cargo-mutants-amplihack-pr-YcCg5x.tmp/target/debug/build/lbug-c2061b4e8dfc1d6b/out/build/third_party/parquet -L native=/tmp/cargo-mutants-amplihack-pr-YcCg5x.tmp/target/debug/build/lbug-c2061b4e8dfc1d6b/out/build/third_party/thrift -L native=/tmp/cargo-mutants-amplihack-pr-YcCg5x.tmp/target/debug/build/lbug-c2061b4e8dfc1d6b/out/build/third_party/snappy -L native=/tmp/cargo-mutants-amplihack-pr-YcCg5x.tmp/target/debug/build/lbug-c2061b4e8dfc1d6b/out/build/third_party/zstd -L native=/tmp/cargo-mutants-amplihack-pr-YcCg5x.tmp/target/debug/build/lbug-c2061b4e8dfc1d6b/out/build/third_party/miniz -L native=/tmp/cargo-mutants-amplihack-pr-YcCg5x.tmp/target/debug/build/lbug-c2061b4e8dfc1d6b/out/build/third_party/mbedtls -L native=/tmp/cargo-mutants-amplihack-pr-YcCg5x.tmp/target/debug/build/lbug-c2061b4e8dfc1d6b/out/build/third_party/lz4 -L native=/tmp/cargo-mutants-amplihack-pr-YcCg5x.tmp/target/debug/build/lbug-c2061b4e8dfc1d6b/out/build/third_party/roaring_bitmap -L native=/tmp/cargo-mutants-amplihack-pr-YcCg5x.tmp/target/debug/build/lbug-c2061b4e8dfc1d6b/out/build/third_party/simsimd -L native=/tmp/cargo-mutants-amplihack-pr-YcCg5x.tmp/target/debug/build/lbug-c2061b4e8dfc1d6b/out/build/third_party/yyjson -L native=/tmp/cargo-mutants-amplihack-pr-YcCg5x.tmp/target/debug/build/lbug-c2061b4e8dfc1d6b/out -L native=/tmp/cargo-mutants-amplihack-pr-YcCg5x.tmp/target/debug/build/cxx-3dafb46d76064c7e/out -L native=/tmp/cargo-mutants-amplihack-pr-YcCg5x.tmp/target/debug/build/link-cplusplus-99e4942e4cf65b7c/out -L native=/tmp/cargo-mutants-amplihack-pr-YcCg5x.tmp/target/debug/build/libsqlite3-sys-f4dcd415928f89cb/out -L native=/tmp/cargo-mutants-amplihack-pr-YcCg5x.tmp/target/debug/build/ring-439005edc122cf5b/out`
     Running `/home/azureuser/.rustup/toolchains/1.97.0-x86_64-unknown-linux-gnu/bin/rustc --crate-name bugfix_341_install_freshness --edition=2024 crates/amplihack-cli/tests/bugfix_341_install_freshness.rs --error-format=json --json=diagnostic-rendered-ansi,artifacts,future-incompat --emit=dep-info,link -C embed-bitcode=no -C debuginfo=line-tables-only --warn=unexpected_cfgs --check-cfg 'cfg(kani)' --test --cfg 'feature="default"' --check-cfg 'cfg(docsrs,test)' --check-cfg 'cfg(feature, values("default", "signal", "test-support"))' -C metadata=fc0fe152a6102ec4 -C extra-filename=-6da5ea61811c44a0 --out-dir /tmp/cargo-mutants-amplihack-pr-YcCg5x.tmp/target/debug/deps -C incremental=/tmp/cargo-mutants-amplihack-pr-YcCg5x.tmp/target/debug/incremental -L dependency=/tmp/cargo-mutants-amplihack-pr-YcCg5x.tmp/target/debug/deps --extern amplihack_builders=/tmp/cargo-mutants-amplihack-pr-YcCg5x.tmp/target/debug/deps/libamplihack_builders-03993fac7567dfac.rlib --extern amplihack_cli=/tmp/cargo-mutants-amplihack-pr-YcCg5x.tmp/target/debug/deps/libamplihack_cli-29d762ce3c0fd35c.rlib --extern amplihack_hive=/tmp/cargo-mutants-amplihack-pr-YcCg5x.tmp/target/debug/deps/libamplihack_hive-7dcf48bdaeaf754c.rlib --extern amplihack_launcher=/tmp/cargo-mutants-amplihack-pr-YcCg5x.tmp/target/debug/deps/libamplihack_launcher-a0b196619987966a.rlib --extern amplihack_memory=/tmp/cargo-mutants-amplihack-pr-YcCg5x.tmp/target/debug/deps/libamplihack_memory-52ac4db15a775e5a.rlib --extern amplihack_orchestration=/tmp/cargo-mutants-amplihack-pr-YcCg5x.tmp/target/debug/deps/libamplihack_orchestration-ed20700a2c166be7.rlib --extern amplihack_reflection=/tmp/cargo-mutants-amplihack-pr-YcCg5x.tmp/target/debug/deps/libamplihack_reflection-9fc868256a9530da.rlib --extern amplihack_remote=/tmp/cargo-mutants-amplihack-pr-YcCg5x.tmp/target/debug/deps/libamplihack_remote-bda9eaf1668cac2f.rlib --extern amplihack_signal=/tmp/cargo-mutants-amplihack-pr-YcCg5x.tmp/target/debug/deps/libamplihack_signal-12b09c972d1bf694.rlib --extern amplihack_state=/tmp/cargo-mutants-amplihack-pr-YcCg5x.tmp/target/debug/deps/libamplihack_state-5bfc4593aa3c2735.rlib --extern amplihack_turn=/tmp/cargo-mutants-amplihack-pr-YcCg5x.tmp/target/debug/deps/libamplihack_turn-bf066a2c4d2d9785.rlib --extern amplihack_types=/tmp/cargo-mutants-amplihack-pr-YcCg5x.tmp/target/debug/deps/libamplihack_types-5aa2c2ee7df7bcf4.rlib --extern amplihack_utils=/tmp/cargo-mutants-amplihack-pr-YcCg5x.tmp/target/debug/deps/libamplihack_utils-08a9c706cfc82cac.rlib --extern amplihack_workflows=/tmp/cargo-mutants-amplihack-pr-YcCg5x.tmp/target/debug/deps/libamplihack_workflows-15e51595127c129b.rlib --extern anyhow=/tmp/cargo-mutants-amplihack-pr-YcCg5x.tmp/target/debug/deps/libanyhow-aaead62bc88b9429.rlib --extern assert_cmd=/tmp/cargo-mutants-amplihack-pr-YcCg5x.tmp/target/debug/deps/libassert_cmd-7a96199b9b843959.rlib --extern async_trait=/tmp/cargo-mutants-amplihack-pr-YcCg5x.tmp/target/debug/deps/libasync_trait-601d0c3ace375beb.so --extern chrono=/tmp/cargo-mutants-amplihack-pr-YcCg5x.tmp/target/debug/deps/libchrono-698d0514bedff45c.rlib --extern clap=/tmp/cargo-mutants-amplihack-pr-YcCg5x.tmp/target/debug/deps/libclap-0a08011544f8a5b8.rlib --extern clap_complete=/tmp/cargo-mutants-amplihack-pr-YcCg5x.tmp/target/debug/deps/libclap_complete-037496bed915a9d8.rlib --extern dialoguer=/tmp/cargo-mutants-amplihack-pr-YcCg5x.tmp/target/debug/deps/libdialoguer-701eb5d666153ef9.rlib --extern flate2=/tmp/cargo-mutants-amplihack-pr-YcCg5x.tmp/target/debug/deps/libflate2-c3906d7a8bde7622.rlib --extern fs4=/tmp/cargo-mutants-amplihack-pr-YcCg5x.tmp/target/debug/deps/libfs4-5b0e4af1974bf2a4.rlib --extern lbug=/tmp/cargo-mutants-amplihack-pr-YcCg5x.tmp/target/debug/deps/liblbug-59cfc3aac2014f89.rlib --extern libc=/tmp/cargo-mutants-amplihack-pr-YcCg5x.tmp/target/debug/deps/liblibc-4d73f44b645ff25b.rlib --extern lru=/tmp/cargo-mutants-amplihack-pr-YcCg5x.tmp/target/debug/deps/liblru-7e6e70a4ddd6b98d.rlib --extern prost=/tmp/cargo-mutants-amplihack-pr-YcCg5x.tmp/target/debug/deps/libprost-add16c9af461c9ee.rlib --extern regex=/tmp/cargo-mutants-amplihack-pr-YcCg5x.tmp/target/debug/deps/libregex-03ca1be4cec3c16d.rlib --extern rexpect=/tmp/cargo-mutants-amplihack-pr-YcCg5x.tmp/target/debug/deps/librexpect-5a0111470db11a54.rlib --extern rusqlite=/tmp/cargo-mutants-amplihack-pr-YcCg5x.tmp/target/debug/deps/librusqlite-90f542ebc6046a0d.rlib --extern semver=/tmp/cargo-mutants-amplihack-pr-YcCg5x.tmp/target/debug/deps/libsemver-d1ac1c952db7cf2d.rlib --extern serde=/tmp/cargo-mutants-amplihack-pr-YcCg5x.tmp/target/debug/deps/libserde-9862aaefd1081862.rlib --extern serde_json=/tmp/cargo-mutants-amplihack-pr-YcCg5x.tmp/target/debug/deps/libserde_json-061c00ff3e9853d1.rlib --extern serde_yaml=/tmp/cargo-mutants-amplihack-pr-YcCg5x.tmp/target/debug/deps/libserde_yaml-32f4debdc5c586ac.rlib --extern sha2=/tmp/cargo-mutants-amplihack-pr-YcCg5x.tmp/target/debug/deps/libsha2-9bd26e6f526c10f4.rlib --extern signal_hook=/tmp/cargo-mutants-amplihack-pr-YcCg5x.tmp/target/debug/deps/libsignal_hook-016995c66640b093.rlib --extern tar=/tmp/cargo-mutants-amplihack-pr-YcCg5x.tmp/target/debug/deps/libtar-739a95e6c50d0407.rlib --extern tempfile=/tmp/cargo-mutants-amplihack-pr-YcCg5x.tmp/target/debug/deps/libtempfile-5a176b43127bd653.rlib --extern thiserror=/tmp/cargo-mutants-amplihack-pr-YcCg5x.tmp/target/debug/deps/libthiserror-2e6c1412a455e99c.rlib --extern time=/tmp/cargo-mutants-amplihack-pr-YcCg5x.tmp/target/debug/deps/libtime-16367d88b56805ba.rlib --extern tokio=/tmp/cargo-mutants-amplihack-pr-YcCg5x.tmp/target/debug/deps/libtokio-72d59edba91c3e05.rlib --extern toml=/tmp/cargo-mutants-amplihack-pr-YcCg5x.tmp/target/debug/deps/libtoml-1a9bef83c37016d2.rlib --extern tracing=/tmp/cargo-mutants-amplihack-pr-YcCg5x.tmp/target/debug/deps/libtracing-c155b65c27f48072.rlib --extern tracing_subscriber=/tmp/cargo-mutants-amplihack-pr-YcCg5x.tmp/target/debug/deps/libtracing_subscriber-0a1c6037d6d0ddb6.rlib --extern ureq=/tmp/cargo-mutants-amplihack-pr-YcCg5x.tmp/target/debug/deps/libureq-a52054ce8bf46ff7.rlib --extern uuid=/tmp/cargo-mutants-amplihack-pr-YcCg5x.tmp/target/debug/deps/libuuid-d03d2fc21fd13b3e.rlib --extern zip=/tmp/cargo-mutants-amplihack-pr-YcCg5x.tmp/target/debug/deps/libzip-8228d34f1cec4b5d.rlib -L native=/tmp/cargo-mutants-amplihack-pr-YcCg5x.tmp/target/debug/build/lbug-c2061b4e8dfc1d6b/out/build/src -L native=/tmp/cargo-mutants-amplihack-pr-YcCg5x.tmp/target/debug/build/lbug-c2061b4e8dfc1d6b/out/build/third_party/utf8proc -L native=/tmp/cargo-mutants-amplihack-pr-YcCg5x.tmp/target/debug/build/lbug-c2061b4e8dfc1d6b/out/build/third_party/antlr4_cypher -L native=/tmp/cargo-mutants-amplihack-pr-YcCg5x.tmp/target/debug/build/lbug-c2061b4e8dfc1d6b/out/build/third_party/antlr4_runtime -L native=/tmp/cargo-mutants-amplihack-pr-YcCg5x.tmp/target/debug/build/lbug-c2061b4e8dfc1d6b/out/build/third_party/re2 -L native=/tmp/cargo-mutants-amplihack-pr-YcCg5x.tmp/target/debug/build/lbug-c2061b4e8dfc1d6b/out/build/third_party/brotli -L native=/tmp/cargo-mutants-amplihack-pr-YcCg5x.tmp/target/debug/build/lbug-c2061b4e8dfc1d6b/out/build/third_party/alp -L native=/tmp/cargo-mutants-amplihack-pr-YcCg5x.tmp/target/debug/build/lbug-c2061b4e8dfc1d6b/out/build/third_party/fastpfor -L native=/tmp/cargo-mutants-amplihack-pr-YcCg5x.tmp/target/debug/build/lbug-c2061b4e8dfc1d6b/out/build/third_party/parquet -L native=/tmp/cargo-mutants-amplihack-pr-YcCg5x.tmp/target/debug/build/lbug-c2061b4e8dfc1d6b/out/build/third_party/thrift -L native=/tmp/cargo-mutants-amplihack-pr-YcCg5x.tmp/target/debug/build/lbug-c2061b4e8dfc1d6b/out/build/third_party/snappy -L native=/tmp/cargo-mutants-amplihack-pr-YcCg5x.tmp/target/debug/build/lbug-c2061b4e8dfc1d6b/out/build/third_party/zstd -L native=/tmp/cargo-mutants-amplihack-pr-YcCg5x.tmp/target/debug/build/lbug-c2061b4e8dfc1d6b/out/build/third_party/miniz -L native=/tmp/cargo-mutants-amplihack-pr-YcCg5x.tmp/target/debug/build/lbug-c2061b4e8dfc1d6b/out/build/third_party/mbedtls -L native=/tmp/cargo-mutants-amplihack-pr-YcCg5x.tmp/target/debug/build/lbug-c2061b4e8dfc1d6b/out/build/third_party/lz4 -L native=/tmp/cargo-mutants-amplihack-pr-YcCg5x.tmp/target/debug/build/lbug-c2061b4e8dfc1d6b/out/build/third_party/roaring_bitmap -L native=/tmp/cargo-mutants-amplihack-pr-YcCg5x.tmp/target/debug/build/lbug-c2061b4e8dfc1d6b/out/build/third_party/simsimd -L native=/tmp/cargo-mutants-amplihack-pr-YcCg5x.tmp/target/debug/build/lbug-c2061b4e8dfc1d6b/out/build/third_party/yyjson -L native=/tmp/cargo-mutants-amplihack-pr-YcCg5x.tmp/target/debug/build/lbug-c2061b4e8dfc1d6b/out -L native=/tmp/cargo-mutants-amplihack-pr-YcCg5x.tmp/target/debug/build/cxx-3dafb46d76064c7e/out -L native=/tmp/cargo-mutants-amplihack-pr-YcCg5x.tmp/target/debug/build/link-cplusplus-99e4942e4cf65b7c/out -L native=/tmp/cargo-mutants-amplihack-pr-YcCg5x.tmp/target/debug/build/libsqlite3-sys-f4dcd415928f89cb/out -L native=/tmp/cargo-mutants-amplihack-pr-YcCg5x.tmp/target/debug/build/ring-439005edc122cf5b/out`
     Running `/home/azureuser/.rustup/toolchains/1.97.0-x86_64-unknown-linux-gnu/bin/rustc --crate-name signal_identity_mode --edition=2024 crates/amplihack-cli/tests/signal_identity_mode.rs --error-format=json --json=diagnostic-rendered-ansi,artifacts,future-incompat --emit=dep-info,link -C embed-bitcode=no -C debuginfo=line-tables-only --warn=unexpected_cfgs --check-cfg 'cfg(kani)' --test --cfg 'feature="default"' --check-cfg 'cfg(docsrs,test)' --check-cfg 'cfg(feature, values("default", "signal", "test-support"))' -C metadata=bbaeaf4015962d1c -C extra-filename=-4795adeccb7f66ca --out-dir /tmp/cargo-mutants-amplihack-pr-YcCg5x.tmp/target/debug/deps -C incremental=/tmp/cargo-mutants-amplihack-pr-YcCg5x.tmp/target/debug/incremental -L dependency=/tmp/cargo-mutants-amplihack-pr-YcCg5x.tmp/target/debug/deps --extern amplihack_builders=/tmp/cargo-mutants-amplihack-pr-YcCg5x.tmp/target/debug/deps/libamplihack_builders-03993fac7567dfac.rlib --extern amplihack_cli=/tmp/cargo-mutants-amplihack-pr-YcCg5x.tmp/target/debug/deps/libamplihack_cli-29d762ce3c0fd35c.rlib --extern amplihack_hive=/tmp/cargo-mutants-amplihack-pr-YcCg5x.tmp/target/debug/deps/libamplihack_hive-7dcf48bdaeaf754c.rlib --extern amplihack_launcher=/tmp/cargo-mutants-amplihack-pr-YcCg5x.tmp/target/debug/deps/libamplihack_launcher-a0b196619987966a.rlib --extern amplihack_memory=/tmp/cargo-mutants-amplihack-pr-YcCg5x.tmp/target/debug/deps/libamplihack_memory-52ac4db15a775e5a.rlib --extern amplihack_orchestration=/tmp/cargo-mutants-amplihack-pr-YcCg5x.tmp/target/debug/deps/libamplihack_orchestration-ed20700a2c166be7.rlib --extern amplihack_reflection=/tmp/cargo-mutants-amplihack-pr-YcCg5x.tmp/target/debug/deps/libamplihack_reflection-9fc868256a9530da.rlib --extern amplihack_remote=/tmp/cargo-mutants-amplihack-pr-YcCg5x.tmp/target/debug/deps/libamplihack_remote-bda9eaf1668cac2f.rlib --extern amplihack_signal=/tmp/cargo-mutants-amplihack-pr-YcCg5x.tmp/target/debug/deps/libamplihack_signal-12b09c972d1bf694.rlib --extern amplihack_state=/tmp/cargo-mutants-amplihack-pr-YcCg5x.tmp/target/debug/deps/libamplihack_state-5bfc4593aa3c2735.rlib --extern amplihack_turn=/tmp/cargo-mutants-amplihack-pr-YcCg5x.tmp/target/debug/deps/libamplihack_turn-bf066a2c4d2d9785.rlib --extern amplihack_types=/tmp/cargo-mutants-amplihack-pr-YcCg5x.tmp/target/debug/deps/libamplihack_types-5aa2c2ee7df7bcf4.rlib --extern amplihack_utils=/tmp/cargo-mutants-amplihack-pr-YcCg5x.tmp/target/debug/deps/libamplihack_utils-08a9c706cfc82cac.rlib --extern amplihack_workflows=/tmp/cargo-mutants-amplihack-pr-YcCg5x.tmp/target/debug/deps/libamplihack_workflows-15e51595127c129b.rlib --extern anyhow=/tmp/cargo-mutants-amplihack-pr-YcCg5x.tmp/target/debug/deps/libanyhow-aaead62bc88b9429.rlib --extern assert_cmd=/tmp/cargo-mutants-amplihack-pr-YcCg5x.tmp/target/debug/deps/libassert_cmd-7a96199b9b843959.rlib --extern async_trait=/tmp/cargo-mutants-amplihack-pr-YcCg5x.tmp/target/debug/deps/libasync_trait-601d0c3ace375beb.so --extern chrono=/tmp/cargo-mutants-amplihack-pr-YcCg5x.tmp/target/debug/deps/libchrono-698d0514bedff45c.rlib --extern clap=/tmp/cargo-mutants-amplihack-pr-YcCg5x.tmp/target/debug/deps/libclap-0a08011544f8a5b8.rlib --extern clap_complete=/tmp/cargo-mutants-amplihack-pr-YcCg5x.tmp/target/debug/deps/libclap_complete-037496bed915a9d8.rlib --extern dialoguer=/tmp/cargo-mutants-amplihack-pr-YcCg5x.tmp/target/debug/deps/libdialoguer-701eb5d666153ef9.rlib --extern flate2=/tmp/cargo-mutants-amplihack-pr-YcCg5x.tmp/target/debug/deps/libflate2-c3906d7a8bde7622.rlib --extern fs4=/tmp/cargo-mutants-amplihack-pr-YcCg5x.tmp/target/debug/deps/libfs4-5b0e4af1974bf2a4.rlib --extern lbug=/tmp/cargo-mutants-amplihack-pr-YcCg5x.tmp/target/debug/deps/liblbug-59cfc3aac2014f89.rlib --extern libc=/tmp/cargo-mutants-amplihack-pr-YcCg5x.tmp/target/debug/deps/liblibc-4d73f44b645ff25b.rlib --extern lru=/tmp/cargo-mutants-amplihack-pr-YcCg5x.tmp/target/debug/deps/liblru-7e6e70a4ddd6b98d.rlib --extern prost=/tmp/cargo-mutants-amplihack-pr-YcCg5x.tmp/target/debug/deps/libprost-add16c9af461c9ee.rlib --extern regex=/tmp/cargo-mutants-amplihack-pr-YcCg5x.tmp/target/debug/deps/libregex-03ca1be4cec3c16d.rlib --extern rexpect=/tmp/cargo-mutants-amplihack-pr-YcCg5x.tmp/target/debug/deps/librexpect-5a0111470db11a54.rlib --extern rusqlite=/tmp/cargo-mutants-amplihack-pr-YcCg5x.tmp/target/debug/deps/librusqlite-90f542ebc6046a0d.rlib --extern semver=/tmp/cargo-mutants-amplihack-pr-YcCg5x.tmp/target/debug/deps/libsemver-d1ac1c952db7cf2d.rlib --extern serde=/tmp/cargo-mutants-amplihack-pr-YcCg5x.tmp/target/debug/deps/libserde-9862aaefd1081862.rlib --extern serde_json=/tmp/cargo-mutants-amplihack-pr-YcCg5x.tmp/target/debug/deps/libserde_json-061c00ff3e9853d1.rlib --extern serde_yaml=/tmp/cargo-mutants-amplihack-pr-YcCg5x.tmp/target/debug/deps/libserde_yaml-32f4debdc5c586ac.rlib --extern sha2=/tmp/cargo-mutants-amplihack-pr-YcCg5x.tmp/target/debug/deps/libsha2-9bd26e6f526c10f4.rlib --extern signal_hook=/tmp/cargo-mutants-amplihack-pr-YcCg5x.tmp/target/debug/deps/libsignal_hook-016995c66640b093.rlib --extern tar=/tmp/cargo-mutants-amplihack-pr-YcCg5x.tmp/target/debug/deps/libtar-739a95e6c50d0407.rlib --extern tempfile=/tmp/cargo-mutants-amplihack-pr-YcCg5x.tmp/target/debug/deps/libtempfile-5a176b43127bd653.rlib --extern thiserror=/tmp/cargo-mutants-amplihack-pr-YcCg5x.tmp/target/debug/deps/libthiserror-2e6c1412a455e99c.rlib --extern time=/tmp/cargo-mutants-amplihack-pr-YcCg5x.tmp/target/debug/deps/libtime-16367d88b56805ba.rlib --extern tokio=/tmp/cargo-mutants-amplihack-pr-YcCg5x.tmp/target/debug/deps/libtokio-72d59edba91c3e05.rlib --extern toml=/tmp/cargo-mutants-amplihack-pr-YcCg5x.tmp/target/debug/deps/libtoml-1a9bef83c37016d2.rlib --extern tracing=/tmp/cargo-mutants-amplihack-pr-YcCg5x.tmp/target/debug/deps/libtracing-c155b65c27f48072.rlib --extern tracing_subscriber=/tmp/cargo-mutants-amplihack-pr-YcCg5x.tmp/target/debug/deps/libtracing_subscriber-0a1c6037d6d0ddb6.rlib --extern ureq=/tmp/cargo-mutants-amplihack-pr-YcCg5x.tmp/target/debug/deps/libureq-a52054ce8bf46ff7.rlib --extern uuid=/tmp/cargo-mutants-amplihack-pr-YcCg5x.tmp/target/debug/deps/libuuid-d03d2fc21fd13b3e.rlib --extern zip=/tmp/cargo-mutants-amplihack-pr-YcCg5x.tmp/target/debug/deps/libzip-8228d34f1cec4b5d.rlib -L native=/tmp/cargo-mutants-amplihack-pr-YcCg5x.tmp/target/debug/build/lbug-c2061b4e8dfc1d6b/out/build/src -L native=/tmp/cargo-mutants-amplihack-pr-YcCg5x.tmp/target/debug/build/lbug-c2061b4e8dfc1d6b/out/build/third_party/utf8proc -L native=/tmp/cargo-mutants-amplihack-pr-YcCg5x.tmp/target/debug/build/lbug-c2061b4e8dfc1d6b/out/build/third_party/antlr4_cypher -L native=/tmp/cargo-mutants-amplihack-pr-YcCg5x.tmp/target/debug/build/lbug-c2061b4e8dfc1d6b/out/build/third_party/antlr4_runtime -L native=/tmp/cargo-mutants-amplihack-pr-YcCg5x.tmp/target/debug/build/lbug-c2061b4e8dfc1d6b/out/build/third_party/re2 -L native=/tmp/cargo-mutants-amplihack-pr-YcCg5x.tmp/target/debug/build/lbug-c2061b4e8dfc1d6b/out/build/third_party/brotli -L native=/tmp/cargo-mutants-amplihack-pr-YcCg5x.tmp/target/debug/build/lbug-c2061b4e8dfc1d6b/out/build/third_party/alp -L native=/tmp/cargo-mutants-amplihack-pr-YcCg5x.tmp/target/debug/build/lbug-c2061b4e8dfc1d6b/out/build/third_party/fastpfor -L native=/tmp/cargo-mutants-amplihack-pr-YcCg5x.tmp/target/debug/build/lbug-c2061b4e8dfc1d6b/out/build/third_party/parquet -L native=/tmp/cargo-mutants-amplihack-pr-YcCg5x.tmp/target/debug/build/lbug-c2061b4e8dfc1d6b/out/build/third_party/thrift -L native=/tmp/cargo-mutants-amplihack-pr-YcCg5x.tmp/target/debug/build/lbug-c2061b4e8dfc1d6b/out/build/third_party/snappy -L native=/tmp/cargo-mutants-amplihack-pr-YcCg5x.tmp/target/debug/build/lbug-c2061b4e8dfc1d6b/out/build/third_party/zstd -L native=/tmp/cargo-mutants-amplihack-pr-YcCg5x.tmp/target/debug/build/lbug-c2061b4e8dfc1d6b/out/build/third_party/miniz -L native=/tmp/cargo-mutants-amplihack-pr-YcCg5x.tmp/target/debug/build/lbug-c2061b4e8dfc1d6b/out/build/third_party/mbedtls -L native=/tmp/cargo-mutants-amplihack-pr-YcCg5x.tmp/target/debug/build/lbug-c2061b4e8dfc1d6b/out/build/third_party/lz4 -L native=/tmp/cargo-mutants-amplihack-pr-YcCg5x.tmp/target/debug/build/lbug-c2061b4e8dfc1d6b/out/build/third_party/roaring_bitmap -L native=/tmp/cargo-mutants-amplihack-pr-YcCg5x.tmp/target/debug/build/lbug-c2061b4e8dfc1d6b/out/build/third_party/simsimd -L native=/tmp/cargo-mutants-amplihack-pr-YcCg5x.tmp/target/debug/build/lbug-c2061b4e8dfc1d6b/out/build/third_party/yyjson -L native=/tmp/cargo-mutants-amplihack-pr-YcCg5x.tmp/target/debug/build/lbug-c2061b4e8dfc1d6b/out -L native=/tmp/cargo-mutants-amplihack-pr-YcCg5x.tmp/target/debug/build/cxx-3dafb46d76064c7e/out -L native=/tmp/cargo-mutants-amplihack-pr-YcCg5x.tmp/target/debug/build/link-cplusplus-99e4942e4cf65b7c/out -L native=/tmp/cargo-mutants-amplihack-pr-YcCg5x.tmp/target/debug/build/libsqlite3-sys-f4dcd415928f89cb/out -L native=/tmp/cargo-mutants-amplihack-pr-YcCg5x.tmp/target/debug/build/ring-439005edc122cf5b/out`
     Running `/home/azureuser/.rustup/toolchains/1.97.0-x86_64-unknown-linux-gnu/bin/rustc --crate-name issue_634_asset_resolution_parity --edition=2024 crates/amplihack-cli/tests/issue_634_asset_resolution_parity.rs --error-format=json --json=diagnostic-rendered-ansi,artifacts,future-incompat --emit=dep-info,link -C embed-bitcode=no -C debuginfo=line-tables-only --warn=unexpected_cfgs --check-cfg 'cfg(kani)' --test --cfg 'feature="default"' --check-cfg 'cfg(docsrs,test)' --check-cfg 'cfg(feature, values("default", "signal", "test-support"))' -C metadata=d579faf736b54f1e -C extra-filename=-7d461cc18a9f43b4 --out-dir /tmp/cargo-mutants-amplihack-pr-YcCg5x.tmp/target/debug/deps -C incremental=/tmp/cargo-mutants-amplihack-pr-YcCg5x.tmp/target/debug/incremental -L dependency=/tmp/cargo-mutants-amplihack-pr-YcCg5x.tmp/target/debug/deps --extern amplihack_builders=/tmp/cargo-mutants-amplihack-pr-YcCg5x.tmp/target/debug/deps/libamplihack_builders-03993fac7567dfac.rlib --extern amplihack_cli=/tmp/cargo-mutants-amplihack-pr-YcCg5x.tmp/target/debug/deps/libamplihack_cli-29d762ce3c0fd35c.rlib --extern amplihack_hive=/tmp/cargo-mutants-amplihack-pr-YcCg5x.tmp/target/debug/deps/libamplihack_hive-7dcf48bdaeaf754c.rlib --extern amplihack_launcher=/tmp/cargo-mutants-amplihack-pr-YcCg5x.tmp/target/debug/deps/libamplihack_launcher-a0b196619987966a.rlib --extern amplihack_memory=/tmp/cargo-mutants-amplihack-pr-YcCg5x.tmp/target/debug/deps/libamplihack_memory-52ac4db15a775e5a.rlib --extern amplihack_orchestration=/tmp/cargo-mutants-amplihack-pr-YcCg5x.tmp/target/debug/deps/libamplihack_orchestration-ed20700a2c166be7.rlib --extern amplihack_reflection=/tmp/cargo-mutants-amplihack-pr-YcCg5x.tmp/target/debug/deps/libamplihack_reflection-9fc868256a9530da.rlib --extern amplihack_remote=/tmp/cargo-mutants-amplihack-pr-YcCg5x.tmp/target/debug/deps/libamplihack_remote-bda9eaf1668cac2f.rlib --extern amplihack_signal=/tmp/cargo-mutants-amplihack-pr-YcCg5x.tmp/target/debug/deps/libamplihack_signal-12b09c972d1bf694.rlib --extern amplihack_state=/tmp/cargo-mutants-amplihack-pr-YcCg5x.tmp/target/debug/deps/libamplihack_state-5bfc4593aa3c2735.rlib --extern amplihack_turn=/tmp/cargo-mutants-amplihack-pr-YcCg5x.tmp/target/debug/deps/libamplihack_turn-bf066a2c4d2d9785.rlib --extern amplihack_types=/tmp/cargo-mutants-amplihack-pr-YcCg5x.tmp/target/debug/deps/libamplihack_types-5aa2c2ee7df7bcf4.rlib --extern amplihack_utils=/tmp/cargo-mutants-amplihack-pr-YcCg5x.tmp/target/debug/deps/libamplihack_utils-08a9c706cfc82cac.rlib --extern amplihack_workflows=/tmp/cargo-mutants-amplihack-pr-YcCg5x.tmp/target/debug/deps/libamplihack_workflows-15e51595127c129b.rlib --extern anyhow=/tmp/cargo-mutants-amplihack-pr-YcCg5x.tmp/target/debug/deps/libanyhow-aaead62bc88b9429.rlib --extern assert_cmd=/tmp/cargo-mutants-amplihack-pr-YcCg5x.tmp/target/debug/deps/libassert_cmd-7a96199b9b843959.rlib --extern async_trait=/tmp/cargo-mutants-amplihack-pr-YcCg5x.tmp/target/debug/deps/libasync_trait-601d0c3ace375beb.so --extern chrono=/tmp/cargo-mutants-amplihack-pr-YcCg5x.tmp/target/debug/deps/libchrono-698d0514bedff45c.rlib --extern clap=/tmp/cargo-mutants-amplihack-pr-YcCg5x.tmp/target/debug/deps/libclap-0a08011544f8a5b8.rlib --extern clap_complete=/tmp/cargo-mutants-amplihack-pr-YcCg5x.tmp/target/debug/deps/libclap_complete-037496bed915a9d8.rlib --extern dialoguer=/tmp/cargo-mutants-amplihack-pr-YcCg5x.tmp/target/debug/deps/libdialoguer-701eb5d666153ef9.rlib --extern flate2=/tmp/cargo-mutants-amplihack-pr-YcCg5x.tmp/target/debug/deps/libflate2-c3906d7a8bde7622.rlib --extern fs4=/tmp/cargo-mutants-amplihack-pr-YcCg5x.tmp/target/debug/deps/libfs4-5b0e4af1974bf2a4.rlib --extern lbug=/tmp/cargo-mutants-amplihack-pr-YcCg5x.tmp/target/debug/deps/liblbug-59cfc3aac2014f89.rlib --extern libc=/tmp/cargo-mutants-amplihack-pr-YcCg5x.tmp/target/debug/deps/liblibc-4d73f44b645ff25b.rlib --extern lru=/tmp/cargo-mutants-amplihack-pr-YcCg5x.tmp/target/debug/deps/liblru-7e6e70a4ddd6b98d.rlib --extern prost=/tmp/cargo-mutants-amplihack-pr-YcCg5x.tmp/target/debug/deps/libprost-add16c9af461c9ee.rlib --extern regex=/tmp/cargo-mutants-amplihack-pr-YcCg5x.tmp/target/debug/deps/libregex-03ca1be4cec3c16d.rlib --extern rexpect=/tmp/cargo-mutants-amplihack-pr-YcCg5x.tmp/target/debug/deps/librexpect-5a0111470db11a54.rlib --extern rusqlite=/tmp/cargo-mutants-amplihack-pr-YcCg5x.tmp/target/debug/deps/librusqlite-90f542ebc6046a0d.rlib --extern semver=/tmp/cargo-mutants-amplihack-pr-YcCg5x.tmp/target/debug/deps/libsemver-d1ac1c952db7cf2d.rlib --extern serde=/tmp/cargo-mutants-amplihack-pr-YcCg5x.tmp/target/debug/deps/libserde-9862aaefd1081862.rlib --extern serde_json=/tmp/cargo-mutants-amplihack-pr-YcCg5x.tmp/target/debug/deps/libserde_json-061c00ff3e9853d1.rlib --extern serde_yaml=/tmp/cargo-mutants-amplihack-pr-YcCg5x.tmp/target/debug/deps/libserde_yaml-32f4debdc5c586ac.rlib --extern sha2=/tmp/cargo-mutants-amplihack-pr-YcCg5x.tmp/target/debug/deps/libsha2-9bd26e6f526c10f4.rlib --extern signal_hook=/tmp/cargo-mutants-amplihack-pr-YcCg5x.tmp/target/debug/deps/libsignal_hook-016995c66640b093.rlib --extern tar=/tmp/cargo-mutants-amplihack-pr-YcCg5x.tmp/target/debug/deps/libtar-739a95e6c50d0407.rlib --extern tempfile=/tmp/cargo-mutants-amplihack-pr-YcCg5x.tmp/target/debug/deps/libtempfile-5a176b43127bd653.rlib --extern thiserror=/tmp/cargo-mutants-amplihack-pr-YcCg5x.tmp/target/debug/deps/libthiserror-2e6c1412a455e99c.rlib --extern time=/tmp/cargo-mutants-amplihack-pr-YcCg5x.tmp/target/debug/deps/libtime-16367d88b56805ba.rlib --extern tokio=/tmp/cargo-mutants-amplihack-pr-YcCg5x.tmp/target/debug/deps/libtokio-72d59edba91c3e05.rlib --extern toml=/tmp/cargo-mutants-amplihack-pr-YcCg5x.tmp/target/debug/deps/libtoml-1a9bef83c37016d2.rlib --extern tracing=/tmp/cargo-mutants-amplihack-pr-YcCg5x.tmp/target/debug/deps/libtracing-c155b65c27f48072.rlib --extern tracing_subscriber=/tmp/cargo-mutants-amplihack-pr-YcCg5x.tmp/target/debug/deps/libtracing_subscriber-0a1c6037d6d0ddb6.rlib --extern ureq=/tmp/cargo-mutants-amplihack-pr-YcCg5x.tmp/target/debug/deps/libureq-a52054ce8bf46ff7.rlib --extern uuid=/tmp/cargo-mutants-amplihack-pr-YcCg5x.tmp/target/debug/deps/libuuid-d03d2fc21fd13b3e.rlib --extern zip=/tmp/cargo-mutants-amplihack-pr-YcCg5x.tmp/target/debug/deps/libzip-8228d34f1cec4b5d.rlib -L native=/tmp/cargo-mutants-amplihack-pr-YcCg5x.tmp/target/debug/build/lbug-c2061b4e8dfc1d6b/out/build/src -L native=/tmp/cargo-mutants-amplihack-pr-YcCg5x.tmp/target/debug/build/lbug-c2061b4e8dfc1d6b/out/build/third_party/utf8proc -L native=/tmp/cargo-mutants-amplihack-pr-YcCg5x.tmp/target/debug/build/lbug-c2061b4e8dfc1d6b/out/build/third_party/antlr4_cypher -L native=/tmp/cargo-mutants-amplihack-pr-YcCg5x.tmp/target/debug/build/lbug-c2061b4e8dfc1d6b/out/build/third_party/antlr4_runtime -L native=/tmp/cargo-mutants-amplihack-pr-YcCg5x.tmp/target/debug/build/lbug-c2061b4e8dfc1d6b/out/build/third_party/re2 -L native=/tmp/cargo-mutants-amplihack-pr-YcCg5x.tmp/target/debug/build/lbug-c2061b4e8dfc1d6b/out/build/third_party/brotli -L native=/tmp/cargo-mutants-amplihack-pr-YcCg5x.tmp/target/debug/build/lbug-c2061b4e8dfc1d6b/out/build/third_party/alp -L native=/tmp/cargo-mutants-amplihack-pr-YcCg5x.tmp/target/debug/build/lbug-c2061b4e8dfc1d6b/out/build/third_party/fastpfor -L native=/tmp/cargo-mutants-amplihack-pr-YcCg5x.tmp/target/debug/build/lbug-c2061b4e8dfc1d6b/out/build/third_party/parquet -L native=/tmp/cargo-mutants-amplihack-pr-YcCg5x.tmp/target/debug/build/lbug-c2061b4e8dfc1d6b/out/build/third_party/thrift -L native=/tmp/cargo-mutants-amplihack-pr-YcCg5x.tmp/target/debug/build/lbug-c2061b4e8dfc1d6b/out/build/third_party/snappy -L native=/tmp/cargo-mutants-amplihack-pr-YcCg5x.tmp/target/debug/build/lbug-c2061b4e8dfc1d6b/out/build/third_party/zstd -L native=/tmp/cargo-mutants-amplihack-pr-YcCg5x.tmp/target/debug/build/lbug-c2061b4e8dfc1d6b/out/build/third_party/miniz -L native=/tmp/cargo-mutants-amplihack-pr-YcCg5x.tmp/target/debug/build/lbug-c2061b4e8dfc1d6b/out/build/third_party/mbedtls -L native=/tmp/cargo-mutants-amplihack-pr-YcCg5x.tmp/target/debug/build/lbug-c2061b4e8dfc1d6b/out/build/third_party/lz4 -L native=/tmp/cargo-mutants-amplihack-pr-YcCg5x.tmp/target/debug/build/lbug-c2061b4e8dfc1d6b/out/build/third_party/roaring_bitmap -L native=/tmp/cargo-mutants-amplihack-pr-YcCg5x.tmp/target/debug/build/lbug-c2061b4e8dfc1d6b/out/build/third_party/simsimd -L native=/tmp/cargo-mutants-amplihack-pr-YcCg5x.tmp/target/debug/build/lbug-c2061b4e8dfc1d6b/out/build/third_party/yyjson -L native=/tmp/cargo-mutants-amplihack-pr-YcCg5x.tmp/target/debug/build/lbug-c2061b4e8dfc1d6b/out -L native=/tmp/cargo-mutants-amplihack-pr-YcCg5x.tmp/target/debug/build/cxx-3dafb46d76064c7e/out -L native=/tmp/cargo-mutants-amplihack-pr-YcCg5x.tmp/target/debug/build/link-cplusplus-99e4942e4cf65b7c/out -L native=/tmp/cargo-mutants-amplihack-pr-YcCg5x.tmp/target/debug/build/libsqlite3-sys-f4dcd415928f89cb/out -L native=/tmp/cargo-mutants-amplihack-pr-YcCg5x.tmp/target/debug/build/ring-439005edc122cf5b/out`
     Running `/home/azureuser/.rustup/toolchains/1.97.0-x86_64-unknown-linux-gnu/bin/rustc --crate-name dead_code_guard --edition=2024 crates/amplihack-cli/tests/dead_code_guard.rs --error-format=json --json=diagnostic-rendered-ansi,artifacts,future-incompat --emit=dep-info,link -C embed-bitcode=no -C debuginfo=line-tables-only --warn=unexpected_cfgs --check-cfg 'cfg(kani)' --test --cfg 'feature="default"' --check-cfg 'cfg(docsrs,test)' --check-cfg 'cfg(feature, values("default", "signal", "test-support"))' -C metadata=eabfee8323e3a935 -C extra-filename=-d6cf98106ac27566 --out-dir /tmp/cargo-mutants-amplihack-pr-YcCg5x.tmp/target/debug/deps -C incremental=/tmp/cargo-mutants-amplihack-pr-YcCg5x.tmp/target/debug/incremental -L dependency=/tmp/cargo-mutants-amplihack-pr-YcCg5x.tmp/target/debug/deps --extern amplihack_builders=/tmp/cargo-mutants-amplihack-pr-YcCg5x.tmp/target/debug/deps/libamplihack_builders-03993fac7567dfac.rlib --extern amplihack_cli=/tmp/cargo-mutants-amplihack-pr-YcCg5x.tmp/target/debug/deps/libamplihack_cli-29d762ce3c0fd35c.rlib --extern amplihack_hive=/tmp/cargo-mutants-amplihack-pr-YcCg5x.tmp/target/debug/deps/libamplihack_hive-7dcf48bdaeaf754c.rlib --extern amplihack_launcher=/tmp/cargo-mutants-amplihack-pr-YcCg5x.tmp/target/debug/deps/libamplihack_launcher-a0b196619987966a.rlib --extern amplihack_memory=/tmp/cargo-mutants-amplihack-pr-YcCg5x.tmp/target/debug/deps/libamplihack_memory-52ac4db15a775e5a.rlib --extern amplihack_orchestration=/tmp/cargo-mutants-amplihack-pr-YcCg5x.tmp/target/debug/deps/libamplihack_orchestration-ed20700a2c166be7.rlib --extern amplihack_reflection=/tmp/cargo-mutants-amplihack-pr-YcCg5x.tmp/target/debug/deps/libamplihack_reflection-9fc868256a9530da.rlib --extern amplihack_remote=/tmp/cargo-mutants-amplihack-pr-YcCg5x.tmp/target/debug/deps/libamplihack_remote-bda9eaf1668cac2f.rlib --extern amplihack_signal=/tmp/cargo-mutants-amplihack-pr-YcCg5x.tmp/target/debug/deps/libamplihack_signal-12b09c972d1bf694.rlib --extern amplihack_state=/tmp/cargo-mutants-amplihack-pr-YcCg5x.tmp/target/debug/deps/libamplihack_state-5bfc4593aa3c2735.rlib --extern amplihack_turn=/tmp/cargo-mutants-amplihack-pr-YcCg5x.tmp/target/debug/deps/libamplihack_turn-bf066a2c4d2d9785.rlib --extern amplihack_types=/tmp/cargo-mutants-amplihack-pr-YcCg5x.tmp/target/debug/deps/libamplihack_types-5aa2c2ee7df7bcf4.rlib --extern amplihack_utils=/tmp/cargo-mutants-amplihack-pr-YcCg5x.tmp/target/debug/deps/libamplihack_utils-08a9c706cfc82cac.rlib --extern amplihack_workflows=/tmp/cargo-mutants-amplihack-pr-YcCg5x.tmp/target/debug/deps/libamplihack_workflows-15e51595127c129b.rlib --extern anyhow=/tmp/cargo-mutants-amplihack-pr-YcCg5x.tmp/target/debug/deps/libanyhow-aaead62bc88b9429.rlib --extern assert_cmd=/tmp/cargo-mutants-amplihack-pr-YcCg5x.tmp/target/debug/deps/libassert_cmd-7a96199b9b843959.rlib --extern async_trait=/tmp/cargo-mutants-amplihack-pr-YcCg5x.tmp/target/debug/deps/libasync_trait-601d0c3ace375beb.so --extern chrono=/tmp/cargo-mutants-amplihack-pr-YcCg5x.tmp/target/debug/deps/libchrono-698d0514bedff45c.rlib --extern clap=/tmp/cargo-mutants-amplihack-pr-YcCg5x.tmp/target/debug/deps/libclap-0a08011544f8a5b8.rlib --extern clap_complete=/tmp/cargo-mutants-amplihack-pr-YcCg5x.tmp/target/debug/deps/libclap_complete-037496bed915a9d8.rlib --extern dialoguer=/tmp/cargo-mutants-amplihack-pr-YcCg5x.tmp/target/debug/deps/libdialoguer-701eb5d666153ef9.rlib --extern flate2=/tmp/cargo-mutants-amplihack-pr-YcCg5x.tmp/target/debug/deps/libflate2-c3906d7a8bde7622.rlib --extern fs4=/tmp/cargo-mutants-amplihack-pr-YcCg5x.tmp/target/debug/deps/libfs4-5b0e4af1974bf2a4.rlib --extern lbug=/tmp/cargo-mutants-amplihack-pr-YcCg5x.tmp/target/debug/deps/liblbug-59cfc3aac2014f89.rlib --extern libc=/tmp/cargo-mutants-amplihack-pr-YcCg5x.tmp/target/debug/deps/liblibc-4d73f44b645ff25b.rlib --extern lru=/tmp/cargo-mutants-amplihack-pr-YcCg5x.tmp/target/debug/deps/liblru-7e6e70a4ddd6b98d.rlib --extern prost=/tmp/cargo-mutants-amplihack-pr-YcCg5x.tmp/target/debug/deps/libprost-add16c9af461c9ee.rlib --extern regex=/tmp/cargo-mutants-amplihack-pr-YcCg5x.tmp/target/debug/deps/libregex-03ca1be4cec3c16d.rlib --extern rexpect=/tmp/cargo-mutants-amplihack-pr-YcCg5x.tmp/target/debug/deps/librexpect-5a0111470db11a54.rlib --extern rusqlite=/tmp/cargo-mutants-amplihack-pr-YcCg5x.tmp/target/debug/deps/librusqlite-90f542ebc6046a0d.rlib --extern semver=/tmp/cargo-mutants-amplihack-pr-YcCg5x.tmp/target/debug/deps/libsemver-d1ac1c952db7cf2d.rlib --extern serde=/tmp/cargo-mutants-amplihack-pr-YcCg5x.tmp/target/debug/deps/libserde-9862aaefd1081862.rlib --extern serde_json=/tmp/cargo-mutants-amplihack-pr-YcCg5x.tmp/target/debug/deps/libserde_json-061c00ff3e9853d1.rlib --extern serde_yaml=/tmp/cargo-mutants-amplihack-pr-YcCg5x.tmp/target/debug/deps/libserde_yaml-32f4debdc5c586ac.rlib --extern sha2=/tmp/cargo-mutants-amplihack-pr-YcCg5x.tmp/target/debug/deps/libsha2-9bd26e6f526c10f4.rlib --extern signal_hook=/tmp/cargo-mutants-amplihack-pr-YcCg5x.tmp/target/debug/deps/libsignal_hook-016995c66640b093.rlib --extern tar=/tmp/cargo-mutants-amplihack-pr-YcCg5x.tmp/target/debug/deps/libtar-739a95e6c50d0407.rlib --extern tempfile=/tmp/cargo-mutants-amplihack-pr-YcCg5x.tmp/target/debug/deps/libtempfile-5a176b43127bd653.rlib --extern thiserror=/tmp/cargo-mutants-amplihack-pr-YcCg5x.tmp/target/debug/deps/libthiserror-2e6c1412a455e99c.rlib --extern time=/tmp/cargo-mutants-amplihack-pr-YcCg5x.tmp/target/debug/deps/libtime-16367d88b56805ba.rlib --extern tokio=/tmp/cargo-mutants-amplihack-pr-YcCg5x.tmp/target/debug/deps/libtokio-72d59edba91c3e05.rlib --extern toml=/tmp/cargo-mutants-amplihack-pr-YcCg5x.tmp/target/debug/deps/libtoml-1a9bef83c37016d2.rlib --extern tracing=/tmp/cargo-mutants-amplihack-pr-YcCg5x.tmp/target/debug/deps/libtracing-c155b65c27f48072.rlib --extern tracing_subscriber=/tmp/cargo-mutants-amplihack-pr-YcCg5x.tmp/target/debug/deps/libtracing_subscriber-0a1c6037d6d0ddb6.rlib --extern ureq=/tmp/cargo-mutants-amplihack-pr-YcCg5x.tmp/target/debug/deps/libureq-a52054ce8bf46ff7.rlib --extern uuid=/tmp/cargo-mutants-amplihack-pr-YcCg5x.tmp/target/debug/deps/libuuid-d03d2fc21fd13b3e.rlib --extern zip=/tmp/cargo-mutants-amplihack-pr-YcCg5x.tmp/target/debug/deps/libzip-8228d34f1cec4b5d.rlib -L native=/tmp/cargo-mutants-amplihack-pr-YcCg5x.tmp/target/debug/build/lbug-c2061b4e8dfc1d6b/out/build/src -L native=/tmp/cargo-mutants-amplihack-pr-YcCg5x.tmp/target/debug/build/lbug-c2061b4e8dfc1d6b/out/build/third_party/utf8proc -L native=/tmp/cargo-mutants-amplihack-pr-YcCg5x.tmp/target/debug/build/lbug-c2061b4e8dfc1d6b/out/build/third_party/antlr4_cypher -L native=/tmp/cargo-mutants-amplihack-pr-YcCg5x.tmp/target/debug/build/lbug-c2061b4e8dfc1d6b/out/build/third_party/antlr4_runtime -L native=/tmp/cargo-mutants-amplihack-pr-YcCg5x.tmp/target/debug/build/lbug-c2061b4e8dfc1d6b/out/build/third_party/re2 -L native=/tmp/cargo-mutants-amplihack-pr-YcCg5x.tmp/target/debug/build/lbug-c2061b4e8dfc1d6b/out/build/third_party/brotli -L native=/tmp/cargo-mutants-amplihack-pr-YcCg5x.tmp/target/debug/build/lbug-c2061b4e8dfc1d6b/out/build/third_party/alp -L native=/tmp/cargo-mutants-amplihack-pr-YcCg5x.tmp/target/debug/build/lbug-c2061b4e8dfc1d6b/out/build/third_party/fastpfor -L native=/tmp/cargo-mutants-amplihack-pr-YcCg5x.tmp/target/debug/build/lbug-c2061b4e8dfc1d6b/out/build/third_party/parquet -L native=/tmp/cargo-mutants-amplihack-pr-YcCg5x.tmp/target/debug/build/lbug-c2061b4e8dfc1d6b/out/build/third_party/thrift -L native=/tmp/cargo-mutants-amplihack-pr-YcCg5x.tmp/target/debug/build/lbug-c2061b4e8dfc1d6b/out/build/third_party/snappy -L native=/tmp/cargo-mutants-amplihack-pr-YcCg5x.tmp/target/debug/build/lbug-c2061b4e8dfc1d6b/out/build/third_party/zstd -L native=/tmp/cargo-mutants-amplihack-pr-YcCg5x.tmp/target/debug/build/lbug-c2061b4e8dfc1d6b/out/build/third_party/miniz -L native=/tmp/cargo-mutants-amplihack-pr-YcCg5x.tmp/target/debug/build/lbug-c2061b4e8dfc1d6b/out/build/third_party/mbedtls -L native=/tmp/cargo-mutants-amplihack-pr-YcCg5x.tmp/target/debug/build/lbug-c2061b4e8dfc1d6b/out/build/third_party/lz4 -L native=/tmp/cargo-mutants-amplihack-pr-YcCg5x.tmp/target/debug/build/lbug-c2061b4e8dfc1d6b/out/build/third_party/roaring_bitmap -L native=/tmp/cargo-mutants-amplihack-pr-YcCg5x.tmp/target/debug/build/lbug-c2061b4e8dfc1d6b/out/build/third_party/simsimd -L native=/tmp/cargo-mutants-amplihack-pr-YcCg5x.tmp/target/debug/build/lbug-c2061b4e8dfc1d6b/out/build/third_party/yyjson -L native=/tmp/cargo-mutants-amplihack-pr-YcCg5x.tmp/target/debug/build/lbug-c2061b4e8dfc1d6b/out -L native=/tmp/cargo-mutants-amplihack-pr-YcCg5x.tmp/target/debug/build/cxx-3dafb46d76064c7e/out -L native=/tmp/cargo-mutants-amplihack-pr-YcCg5x.tmp/target/debug/build/link-cplusplus-99e4942e4cf65b7c/out -L native=/tmp/cargo-mutants-amplihack-pr-YcCg5x.tmp/target/debug/build/libsqlite3-sys-f4dcd415928f89cb/out -L native=/tmp/cargo-mutants-amplihack-pr-YcCg5x.tmp/target/debug/build/ring-439005edc122cf5b/out`
     Running `/home/azureuser/.rustup/toolchains/1.97.0-x86_64-unknown-linux-gnu/bin/rustc --crate-name signal_daemon_strategy --edition=2024 crates/amplihack-cli/tests/signal_daemon_strategy.rs --error-format=json --json=diagnostic-rendered-ansi,artifacts,future-incompat --emit=dep-info,link -C embed-bitcode=no -C debuginfo=line-tables-only --warn=unexpected_cfgs --check-cfg 'cfg(kani)' --test --cfg 'feature="default"' --check-cfg 'cfg(docsrs,test)' --check-cfg 'cfg(feature, values("default", "signal", "test-support"))' -C metadata=fb221b6ea6b4e24a -C extra-filename=-9f2b63e48242e778 --out-dir /tmp/cargo-mutants-amplihack-pr-YcCg5x.tmp/target/debug/deps -C incremental=/tmp/cargo-mutants-amplihack-pr-YcCg5x.tmp/target/debug/incremental -L dependency=/tmp/cargo-mutants-amplihack-pr-YcCg5x.tmp/target/debug/deps --extern amplihack_builders=/tmp/cargo-mutants-amplihack-pr-YcCg5x.tmp/target/debug/deps/libamplihack_builders-03993fac7567dfac.rlib --extern amplihack_cli=/tmp/cargo-mutants-amplihack-pr-YcCg5x.tmp/target/debug/deps/libamplihack_cli-29d762ce3c0fd35c.rlib --extern amplihack_hive=/tmp/cargo-mutants-amplihack-pr-YcCg5x.tmp/target/debug/deps/libamplihack_hive-7dcf48bdaeaf754c.rlib --extern amplihack_launcher=/tmp/cargo-mutants-amplihack-pr-YcCg5x.tmp/target/debug/deps/libamplihack_launcher-a0b196619987966a.rlib --extern amplihack_memory=/tmp/cargo-mutants-amplihack-pr-YcCg5x.tmp/target/debug/deps/libamplihack_memory-52ac4db15a775e5a.rlib --extern amplihack_orchestration=/tmp/cargo-mutants-amplihack-pr-YcCg5x.tmp/target/debug/deps/libamplihack_orchestration-ed20700a2c166be7.rlib --extern amplihack_reflection=/tmp/cargo-mutants-amplihack-pr-YcCg5x.tmp/target/debug/deps/libamplihack_reflection-9fc868256a9530da.rlib --extern amplihack_remote=/tmp/cargo-mutants-amplihack-pr-YcCg5x.tmp/target/debug/deps/libamplihack_remote-bda9eaf1668cac2f.rlib --extern amplihack_signal=/tmp/cargo-mutants-amplihack-pr-YcCg5x.tmp/target/debug/deps/libamplihack_signal-12b09c972d1bf694.rlib --extern amplihack_state=/tmp/cargo-mutants-amplihack-pr-YcCg5x.tmp/target/debug/deps/libamplihack_state-5bfc4593aa3c2735.rlib --extern amplihack_turn=/tmp/cargo-mutants-amplihack-pr-YcCg5x.tmp/target/debug/deps/libamplihack_turn-bf066a2c4d2d9785.rlib --extern amplihack_types=/tmp/cargo-mutants-amplihack-pr-YcCg5x.tmp/target/debug/deps/libamplihack_types-5aa2c2ee7df7bcf4.rlib --extern amplihack_utils=/tmp/cargo-mutants-amplihack-pr-YcCg5x.tmp/target/debug/deps/libamplihack_utils-08a9c706cfc82cac.rlib --extern amplihack_workflows=/tmp/cargo-mutants-amplihack-pr-YcCg5x.tmp/target/debug/deps/libamplihack_workflows-15e51595127c129b.rlib --extern anyhow=/tmp/cargo-mutants-amplihack-pr-YcCg5x.tmp/target/debug/deps/libanyhow-aaead62bc88b9429.rlib --extern assert_cmd=/tmp/cargo-mutants-amplihack-pr-YcCg5x.tmp/target/debug/deps/libassert_cmd-7a96199b9b843959.rlib --extern async_trait=/tmp/cargo-mutants-amplihack-pr-YcCg5x.tmp/target/debug/deps/libasync_trait-601d0c3ace375beb.so --extern chrono=/tmp/cargo-mutants-amplihack-pr-YcCg5x.tmp/target/debug/deps/libchrono-698d0514bedff45c.rlib --extern clap=/tmp/cargo-mutants-amplihack-pr-YcCg5x.tmp/target/debug/deps/libclap-0a08011544f8a5b8.rlib --extern clap_complete=/tmp/cargo-mutants-amplihack-pr-YcCg5x.tmp/target/debug/deps/libclap_complete-037496bed915a9d8.rlib --extern dialoguer=/tmp/cargo-mutants-amplihack-pr-YcCg5x.tmp/target/debug/deps/libdialoguer-701eb5d666153ef9.rlib --extern flate2=/tmp/cargo-mutants-amplihack-pr-YcCg5x.tmp/target/debug/deps/libflate2-c3906d7a8bde7622.rlib --extern fs4=/tmp/cargo-mutants-amplihack-pr-YcCg5x.tmp/target/debug/deps/libfs4-5b0e4af1974bf2a4.rlib --extern lbug=/tmp/cargo-mutants-amplihack-pr-YcCg5x.tmp/target/debug/deps/liblbug-59cfc3aac2014f89.rlib --extern libc=/tmp/cargo-mutants-amplihack-pr-YcCg5x.tmp/target/debug/deps/liblibc-4d73f44b645ff25b.rlib --extern lru=/tmp/cargo-mutants-amplihack-pr-YcCg5x.tmp/target/debug/deps/liblru-7e6e70a4ddd6b98d.rlib --extern prost=/tmp/cargo-mutants-amplihack-pr-YcCg5x.tmp/target/debug/deps/libprost-add16c9af461c9ee.rlib --extern regex=/tmp/cargo-mutants-amplihack-pr-YcCg5x.tmp/target/debug/deps/libregex-03ca1be4cec3c16d.rlib --extern rexpect=/tmp/cargo-mutants-amplihack-pr-YcCg5x.tmp/target/debug/deps/librexpect-5a0111470db11a54.rlib --extern rusqlite=/tmp/cargo-mutants-amplihack-pr-YcCg5x.tmp/target/debug/deps/librusqlite-90f542ebc6046a0d.rlib --extern semver=/tmp/cargo-mutants-amplihack-pr-YcCg5x.tmp/target/debug/deps/libsemver-d1ac1c952db7cf2d.rlib --extern serde=/tmp/cargo-mutants-amplihack-pr-YcCg5x.tmp/target/debug/deps/libserde-9862aaefd1081862.rlib --extern serde_json=/tmp/cargo-mutants-amplihack-pr-YcCg5x.tmp/target/debug/deps/libserde_json-061c00ff3e9853d1.rlib --extern serde_yaml=/tmp/cargo-mutants-amplihack-pr-YcCg5x.tmp/target/debug/deps/libserde_yaml-32f4debdc5c586ac.rlib --extern sha2=/tmp/cargo-mutants-amplihack-pr-YcCg5x.tmp/target/debug/deps/libsha2-9bd26e6f526c10f4.rlib --extern signal_hook=/tmp/cargo-mutants-amplihack-pr-YcCg5x.tmp/target/debug/deps/libsignal_hook-016995c66640b093.rlib --extern tar=/tmp/cargo-mutants-amplihack-pr-YcCg5x.tmp/target/debug/deps/libtar-739a95e6c50d0407.rlib --extern tempfile=/tmp/cargo-mutants-amplihack-pr-YcCg5x.tmp/target/debug/deps/libtempfile-5a176b43127bd653.rlib --extern thiserror=/tmp/cargo-mutants-amplihack-pr-YcCg5x.tmp/target/debug/deps/libthiserror-2e6c1412a455e99c.rlib --extern time=/tmp/cargo-mutants-amplihack-pr-YcCg5x.tmp/target/debug/deps/libtime-16367d88b56805ba.rlib --extern tokio=/tmp/cargo-mutants-amplihack-pr-YcCg5x.tmp/target/debug/deps/libtokio-72d59edba91c3e05.rlib --extern toml=/tmp/cargo-mutants-amplihack-pr-YcCg5x.tmp/target/debug/deps/libtoml-1a9bef83c37016d2.rlib --extern tracing=/tmp/cargo-mutants-amplihack-pr-YcCg5x.tmp/target/debug/deps/libtracing-c155b65c27f48072.rlib --extern tracing_subscriber=/tmp/cargo-mutants-amplihack-pr-YcCg5x.tmp/target/debug/deps/libtracing_subscriber-0a1c6037d6d0ddb6.rlib --extern ureq=/tmp/cargo-mutants-amplihack-pr-YcCg5x.tmp/target/debug/deps/libureq-a52054ce8bf46ff7.rlib --extern uuid=/tmp/cargo-mutants-amplihack-pr-YcCg5x.tmp/target/debug/deps/libuuid-d03d2fc21fd13b3e.rlib --extern zip=/tmp/cargo-mutants-amplihack-pr-YcCg5x.tmp/target/debug/deps/libzip-8228d34f1cec4b5d.rlib -L native=/tmp/cargo-mutants-amplihack-pr-YcCg5x.tmp/target/debug/build/lbug-c2061b4e8dfc1d6b/out/build/src -L native=/tmp/cargo-mutants-amplihack-pr-YcCg5x.tmp/target/debug/build/lbug-c2061b4e8dfc1d6b/out/build/third_party/utf8proc -L native=/tmp/cargo-mutants-amplihack-pr-YcCg5x.tmp/target/debug/build/lbug-c2061b4e8dfc1d6b/out/build/third_party/antlr4_cypher -L native=/tmp/cargo-mutants-amplihack-pr-YcCg5x.tmp/target/debug/build/lbug-c2061b4e8dfc1d6b/out/build/third_party/antlr4_runtime -L native=/tmp/cargo-mutants-amplihack-pr-YcCg5x.tmp/target/debug/build/lbug-c2061b4e8dfc1d6b/out/build/third_party/re2 -L native=/tmp/cargo-mutants-amplihack-pr-YcCg5x.tmp/target/debug/build/lbug-c2061b4e8dfc1d6b/out/build/third_party/brotli -L native=/tmp/cargo-mutants-amplihack-pr-YcCg5x.tmp/target/debug/build/lbug-c2061b4e8dfc1d6b/out/build/third_party/alp -L native=/tmp/cargo-mutants-amplihack-pr-YcCg5x.tmp/target/debug/build/lbug-c2061b4e8dfc1d6b/out/build/third_party/fastpfor -L native=/tmp/cargo-mutants-amplihack-pr-YcCg5x.tmp/target/debug/build/lbug-c2061b4e8dfc1d6b/out/build/third_party/parquet -L native=/tmp/cargo-mutants-amplihack-pr-YcCg5x.tmp/target/debug/build/lbug-c2061b4e8dfc1d6b/out/build/third_party/thrift -L native=/tmp/cargo-mutants-amplihack-pr-YcCg5x.tmp/target/debug/build/lbug-c2061b4e8dfc1d6b/out/build/third_party/snappy -L native=/tmp/cargo-mutants-amplihack-pr-YcCg5x.tmp/target/debug/build/lbug-c2061b4e8dfc1d6b/out/build/third_party/zstd -L native=/tmp/cargo-mutants-amplihack-pr-YcCg5x.tmp/target/debug/build/lbug-c2061b4e8dfc1d6b/out/build/third_party/miniz -L native=/tmp/cargo-mutants-amplihack-pr-YcCg5x.tmp/target/debug/build/lbug-c2061b4e8dfc1d6b/out/build/third_party/mbedtls -L native=/tmp/cargo-mutants-amplihack-pr-YcCg5x.tmp/target/debug/build/lbug-c2061b4e8dfc1d6b/out/build/third_party/lz4 -L native=/tmp/cargo-mutants-amplihack-pr-YcCg5x.tmp/target/debug/build/lbug-c2061b4e8dfc1d6b/out/build/third_party/roaring_bitmap -L native=/tmp/cargo-mutants-amplihack-pr-YcCg5x.tmp/target/debug/build/lbug-c2061b4e8dfc1d6b/out/build/third_party/simsimd -L native=/tmp/cargo-mutants-amplihack-pr-YcCg5x.tmp/target/debug/build/lbug-c2061b4e8dfc1d6b/out/build/third_party/yyjson -L native=/tmp/cargo-mutants-amplihack-pr-YcCg5x.tmp/target/debug/build/lbug-c2061b4e8dfc1d6b/out -L native=/tmp/cargo-mutants-amplihack-pr-YcCg5x.tmp/target/debug/build/cxx-3dafb46d76064c7e/out -L native=/tmp/cargo-mutants-amplihack-pr-YcCg5x.tmp/target/debug/build/link-cplusplus-99e4942e4cf65b7c/out -L native=/tmp/cargo-mutants-amplihack-pr-YcCg5x.tmp/target/debug/build/libsqlite3-sys-f4dcd415928f89cb/out -L native=/tmp/cargo-mutants-amplihack-pr-YcCg5x.tmp/target/debug/build/ring-439005edc122cf5b/out`
     Running `/home/azureuser/.rustup/toolchains/1.97.0-x86_64-unknown-linux-gnu/bin/rustc --crate-name issue_899_merge_validations_abstention --edition=2024 crates/amplihack-cli/tests/issue_899_merge_validations_abstention.rs --error-format=json --json=diagnostic-rendered-ansi,artifacts,future-incompat --emit=dep-info,link -C embed-bitcode=no -C debuginfo=line-tables-only --warn=unexpected_cfgs --check-cfg 'cfg(kani)' --test --cfg 'feature="default"' --check-cfg 'cfg(docsrs,test)' --check-cfg 'cfg(feature, values("default", "signal", "test-support"))' -C metadata=464b050da5255ccb -C extra-filename=-86045870e342b593 --out-dir /tmp/cargo-mutants-amplihack-pr-YcCg5x.tmp/target/debug/deps -C incremental=/tmp/cargo-mutants-amplihack-pr-YcCg5x.tmp/target/debug/incremental -L dependency=/tmp/cargo-mutants-amplihack-pr-YcCg5x.tmp/target/debug/deps --extern amplihack_builders=/tmp/cargo-mutants-amplihack-pr-YcCg5x.tmp/target/debug/deps/libamplihack_builders-03993fac7567dfac.rlib --extern amplihack_cli=/tmp/cargo-mutants-amplihack-pr-YcCg5x.tmp/target/debug/deps/libamplihack_cli-29d762ce3c0fd35c.rlib --extern amplihack_hive=/tmp/cargo-mutants-amplihack-pr-YcCg5x.tmp/target/debug/deps/libamplihack_hive-7dcf48bdaeaf754c.rlib --extern amplihack_launcher=/tmp/cargo-mutants-amplihack-pr-YcCg5x.tmp/target/debug/deps/libamplihack_launcher-a0b196619987966a.rlib --extern amplihack_memory=/tmp/cargo-mutants-amplihack-pr-YcCg5x.tmp/target/debug/deps/libamplihack_memory-52ac4db15a775e5a.rlib --extern amplihack_orchestration=/tmp/cargo-mutants-amplihack-pr-YcCg5x.tmp/target/debug/deps/libamplihack_orchestration-ed20700a2c166be7.rlib --extern amplihack_reflection=/tmp/cargo-mutants-amplihack-pr-YcCg5x.tmp/target/debug/deps/libamplihack_reflection-9fc868256a9530da.rlib --extern amplihack_remote=/tmp/cargo-mutants-amplihack-pr-YcCg5x.tmp/target/debug/deps/libamplihack_remote-bda9eaf1668cac2f.rlib --extern amplihack_signal=/tmp/cargo-mutants-amplihack-pr-YcCg5x.tmp/target/debug/deps/libamplihack_signal-12b09c972d1bf694.rlib --extern amplihack_state=/tmp/cargo-mutants-amplihack-pr-YcCg5x.tmp/target/debug/deps/libamplihack_state-5bfc4593aa3c2735.rlib --extern amplihack_turn=/tmp/cargo-mutants-amplihack-pr-YcCg5x.tmp/target/debug/deps/libamplihack_turn-bf066a2c4d2d9785.rlib --extern amplihack_types=/tmp/cargo-mutants-amplihack-pr-YcCg5x.tmp/target/debug/deps/libamplihack_types-5aa2c2ee7df7bcf4.rlib --extern amplihack_utils=/tmp/cargo-mutants-amplihack-pr-YcCg5x.tmp/target/debug/deps/libamplihack_utils-08a9c706cfc82cac.rlib --extern amplihack_workflows=/tmp/cargo-mutants-amplihack-pr-YcCg5x.tmp/target/debug/deps/libamplihack_workflows-15e51595127c129b.rlib --extern anyhow=/tmp/cargo-mutants-amplihack-pr-YcCg5x.tmp/target/debug/deps/libanyhow-aaead62bc88b9429.rlib --extern assert_cmd=/tmp/cargo-mutants-amplihack-pr-YcCg5x.tmp/target/debug/deps/libassert_cmd-7a96199b9b843959.rlib --extern async_trait=/tmp/cargo-mutants-amplihack-pr-YcCg5x.tmp/target/debug/deps/libasync_trait-601d0c3ace375beb.so --extern chrono=/tmp/cargo-mutants-amplihack-pr-YcCg5x.tmp/target/debug/deps/libchrono-698d0514bedff45c.rlib --extern clap=/tmp/cargo-mutants-amplihack-pr-YcCg5x.tmp/target/debug/deps/libclap-0a08011544f8a5b8.rlib --extern clap_complete=/tmp/cargo-mutants-amplihack-pr-YcCg5x.tmp/target/debug/deps/libclap_complete-037496bed915a9d8.rlib --extern dialoguer=/tmp/cargo-mutants-amplihack-pr-YcCg5x.tmp/target/debug/deps/libdialoguer-701eb5d666153ef9.rlib --extern flate2=/tmp/cargo-mutants-amplihack-pr-YcCg5x.tmp/target/debug/deps/libflate2-c3906d7a8bde7622.rlib --extern fs4=/tmp/cargo-mutants-amplihack-pr-YcCg5x.tmp/target/debug/deps/libfs4-5b0e4af1974bf2a4.rlib --extern lbug=/tmp/cargo-mutants-amplihack-pr-YcCg5x.tmp/target/debug/deps/liblbug-59cfc3aac2014f89.rlib --extern libc=/tmp/cargo-mutants-amplihack-pr-YcCg5x.tmp/target/debug/deps/liblibc-4d73f44b645ff25b.rlib --extern lru=/tmp/cargo-mutants-amplihack-pr-YcCg5x.tmp/target/debug/deps/liblru-7e6e70a4ddd6b98d.rlib --extern prost=/tmp/cargo-mutants-amplihack-pr-YcCg5x.tmp/target/debug/deps/libprost-add16c9af461c9ee.rlib --extern regex=/tmp/cargo-mutants-amplihack-pr-YcCg5x.tmp/target/debug/deps/libregex-03ca1be4cec3c16d.rlib --extern rexpect=/tmp/cargo-mutants-amplihack-pr-YcCg5x.tmp/target/debug/deps/librexpect-5a0111470db11a54.rlib --extern rusqlite=/tmp/cargo-mutants-amplihack-pr-YcCg5x.tmp/target/debug/deps/librusqlite-90f542ebc6046a0d.rlib --extern semver=/tmp/cargo-mutants-amplihack-pr-YcCg5x.tmp/target/debug/deps/libsemver-d1ac1c952db7cf2d.rlib --extern serde=/tmp/cargo-mutants-amplihack-pr-YcCg5x.tmp/target/debug/deps/libserde-9862aaefd1081862.rlib --extern serde_json=/tmp/cargo-mutants-amplihack-pr-YcCg5x.tmp/target/debug/deps/libserde_json-061c00ff3e9853d1.rlib --extern serde_yaml=/tmp/cargo-mutants-amplihack-pr-YcCg5x.tmp/target/debug/deps/libserde_yaml-32f4debdc5c586ac.rlib --extern sha2=/tmp/cargo-mutants-amplihack-pr-YcCg5x.tmp/target/debug/deps/libsha2-9bd26e6f526c10f4.rlib --extern signal_hook=/tmp/cargo-mutants-amplihack-pr-YcCg5x.tmp/target/debug/deps/libsignal_hook-016995c66640b093.rlib --extern tar=/tmp/cargo-mutants-amplihack-pr-YcCg5x.tmp/target/debug/deps/libtar-739a95e6c50d0407.rlib --extern tempfile=/tmp/cargo-mutants-amplihack-pr-YcCg5x.tmp/target/debug/deps/libtempfile-5a176b43127bd653.rlib --extern thiserror=/tmp/cargo-mutants-amplihack-pr-YcCg5x.tmp/target/debug/deps/libthiserror-2e6c1412a455e99c.rlib --extern time=/tmp/cargo-mutants-amplihack-pr-YcCg5x.tmp/target/debug/deps/libtime-16367d88b56805ba.rlib --extern tokio=/tmp/cargo-mutants-amplihack-pr-YcCg5x.tmp/target/debug/deps/libtokio-72d59edba91c3e05.rlib --extern toml=/tmp/cargo-mutants-amplihack-pr-YcCg5x.tmp/target/debug/deps/libtoml-1a9bef83c37016d2.rlib --extern tracing=/tmp/cargo-mutants-amplihack-pr-YcCg5x.tmp/target/debug/deps/libtracing-c155b65c27f48072.rlib --extern tracing_subscriber=/tmp/cargo-mutants-amplihack-pr-YcCg5x.tmp/target/debug/deps/libtracing_subscriber-0a1c6037d6d0ddb6.rlib --extern ureq=/tmp/cargo-mutants-amplihack-pr-YcCg5x.tmp/target/debug/deps/libureq-a52054ce8bf46ff7.rlib --extern uuid=/tmp/cargo-mutants-amplihack-pr-YcCg5x.tmp/target/debug/deps/libuuid-d03d2fc21fd13b3e.rlib --extern zip=/tmp/cargo-mutants-amplihack-pr-YcCg5x.tmp/target/debug/deps/libzip-8228d34f1cec4b5d.rlib -L native=/tmp/cargo-mutants-amplihack-pr-YcCg5x.tmp/target/debug/build/lbug-c2061b4e8dfc1d6b/out/build/src -L native=/tmp/cargo-mutants-amplihack-pr-YcCg5x.tmp/target/debug/build/lbug-c2061b4e8dfc1d6b/out/build/third_party/utf8proc -L native=/tmp/cargo-mutants-amplihack-pr-YcCg5x.tmp/target/debug/build/lbug-c2061b4e8dfc1d6b/out/build/third_party/antlr4_cypher -L native=/tmp/cargo-mutants-amplihack-pr-YcCg5x.tmp/target/debug/build/lbug-c2061b4e8dfc1d6b/out/build/third_party/antlr4_runtime -L native=/tmp/cargo-mutants-amplihack-pr-YcCg5x.tmp/target/debug/build/lbug-c2061b4e8dfc1d6b/out/build/third_party/re2 -L native=/tmp/cargo-mutants-amplihack-pr-YcCg5x.tmp/target/debug/build/lbug-c2061b4e8dfc1d6b/out/build/third_party/brotli -L native=/tmp/cargo-mutants-amplihack-pr-YcCg5x.tmp/target/debug/build/lbug-c2061b4e8dfc1d6b/out/build/third_party/alp -L native=/tmp/cargo-mutants-amplihack-pr-YcCg5x.tmp/target/debug/build/lbug-c2061b4e8dfc1d6b/out/build/third_party/fastpfor -L native=/tmp/cargo-mutants-amplihack-pr-YcCg5x.tmp/target/debug/build/lbug-c2061b4e8dfc1d6b/out/build/third_party/parquet -L native=/tmp/cargo-mutants-amplihack-pr-YcCg5x.tmp/target/debug/build/lbug-c2061b4e8dfc1d6b/out/build/third_party/thrift -L native=/tmp/cargo-mutants-amplihack-pr-YcCg5x.tmp/target/debug/build/lbug-c2061b4e8dfc1d6b/out/build/third_party/snappy -L native=/tmp/cargo-mutants-amplihack-pr-YcCg5x.tmp/target/debug/build/lbug-c2061b4e8dfc1d6b/out/build/third_party/zstd -L native=/tmp/cargo-mutants-amplihack-pr-YcCg5x.tmp/target/debug/build/lbug-c2061b4e8dfc1d6b/out/build/third_party/miniz -L native=/tmp/cargo-mutants-amplihack-pr-YcCg5x.tmp/target/debug/build/lbug-c2061b4e8dfc1d6b/out/build/third_party/mbedtls -L native=/tmp/cargo-mutants-amplihack-pr-YcCg5x.tmp/target/debug/build/lbug-c2061b4e8dfc1d6b/out/build/third_party/lz4 -L native=/tmp/cargo-mutants-amplihack-pr-YcCg5x.tmp/target/debug/build/lbug-c2061b4e8dfc1d6b/out/build/third_party/roaring_bitmap -L native=/tmp/cargo-mutants-amplihack-pr-YcCg5x.tmp/target/debug/build/lbug-c2061b4e8dfc1d6b/out/build/third_party/simsimd -L native=/tmp/cargo-mutants-amplihack-pr-YcCg5x.tmp/target/debug/build/lbug-c2061b4e8dfc1d6b/out/build/third_party/yyjson -L native=/tmp/cargo-mutants-amplihack-pr-YcCg5x.tmp/target/debug/build/lbug-c2061b4e8dfc1d6b/out -L native=/tmp/cargo-mutants-amplihack-pr-YcCg5x.tmp/target/debug/build/cxx-3dafb46d76064c7e/out -L native=/tmp/cargo-mutants-amplihack-pr-YcCg5x.tmp/target/debug/build/link-cplusplus-99e4942e4cf65b7c/out -L native=/tmp/cargo-mutants-amplihack-pr-YcCg5x.tmp/target/debug/build/libsqlite3-sys-f4dcd415928f89cb/out -L native=/tmp/cargo-mutants-amplihack-pr-YcCg5x.tmp/target/debug/build/ring-439005edc122cf5b/out`
     Running `/home/azureuser/.rustup/toolchains/1.97.0-x86_64-unknown-linux-gnu/bin/rustc --crate-name pr_712_named_asset_canonicalization --edition=2024 crates/amplihack-cli/tests/pr_712_named_asset_canonicalization.rs --error-format=json --json=diagnostic-rendered-ansi,artifacts,future-incompat --emit=dep-info,link -C embed-bitcode=no -C debuginfo=line-tables-only --warn=unexpected_cfgs --check-cfg 'cfg(kani)' --test --cfg 'feature="default"' --check-cfg 'cfg(docsrs,test)' --check-cfg 'cfg(feature, values("default", "signal", "test-support"))' -C metadata=887ca6719751dd80 -C extra-filename=-f3fce96738d41f0f --out-dir /tmp/cargo-mutants-amplihack-pr-YcCg5x.tmp/target/debug/deps -C incremental=/tmp/cargo-mutants-amplihack-pr-YcCg5x.tmp/target/debug/incremental -L dependency=/tmp/cargo-mutants-amplihack-pr-YcCg5x.tmp/target/debug/deps --extern amplihack_builders=/tmp/cargo-mutants-amplihack-pr-YcCg5x.tmp/target/debug/deps/libamplihack_builders-03993fac7567dfac.rlib --extern amplihack_cli=/tmp/cargo-mutants-amplihack-pr-YcCg5x.tmp/target/debug/deps/libamplihack_cli-29d762ce3c0fd35c.rlib --extern amplihack_hive=/tmp/cargo-mutants-amplihack-pr-YcCg5x.tmp/target/debug/deps/libamplihack_hive-7dcf48bdaeaf754c.rlib --extern amplihack_launcher=/tmp/cargo-mutants-amplihack-pr-YcCg5x.tmp/target/debug/deps/libamplihack_launcher-a0b196619987966a.rlib --extern amplihack_memory=/tmp/cargo-mutants-amplihack-pr-YcCg5x.tmp/target/debug/deps/libamplihack_memory-52ac4db15a775e5a.rlib --extern amplihack_orchestration=/tmp/cargo-mutants-amplihack-pr-YcCg5x.tmp/target/debug/deps/libamplihack_orchestration-ed20700a2c166be7.rlib --extern amplihack_reflection=/tmp/cargo-mutants-amplihack-pr-YcCg5x.tmp/target/debug/deps/libamplihack_reflection-9fc868256a9530da.rlib --extern amplihack_remote=/tmp/cargo-mutants-amplihack-pr-YcCg5x.tmp/target/debug/deps/libamplihack_remote-bda9eaf1668cac2f.rlib --extern amplihack_signal=/tmp/cargo-mutants-amplihack-pr-YcCg5x.tmp/target/debug/deps/libamplihack_signal-12b09c972d1bf694.rlib --extern amplihack_state=/tmp/cargo-mutants-amplihack-pr-YcCg5x.tmp/target/debug/deps/libamplihack_state-5bfc4593aa3c2735.rlib --extern amplihack_turn=/tmp/cargo-mutants-amplihack-pr-YcCg5x.tmp/target/debug/deps/libamplihack_turn-bf066a2c4d2d9785.rlib --extern amplihack_types=/tmp/cargo-mutants-amplihack-pr-YcCg5x.tmp/target/debug/deps/libamplihack_types-5aa2c2ee7df7bcf4.rlib --extern amplihack_utils=/tmp/cargo-mutants-amplihack-pr-YcCg5x.tmp/target/debug/deps/libamplihack_utils-08a9c706cfc82cac.rlib --extern amplihack_workflows=/tmp/cargo-mutants-amplihack-pr-YcCg5x.tmp/target/debug/deps/libamplihack_workflows-15e51595127c129b.rlib --extern anyhow=/tmp/cargo-mutants-amplihack-pr-YcCg5x.tmp/target/debug/deps/libanyhow-aaead62bc88b9429.rlib --extern assert_cmd=/tmp/cargo-mutants-amplihack-pr-YcCg5x.tmp/target/debug/deps/libassert_cmd-7a96199b9b843959.rlib --extern async_trait=/tmp/cargo-mutants-amplihack-pr-YcCg5x.tmp/target/debug/deps/libasync_trait-601d0c3ace375beb.so --extern chrono=/tmp/cargo-mutants-amplihack-pr-YcCg5x.tmp/target/debug/deps/libchrono-698d0514bedff45c.rlib --extern clap=/tmp/cargo-mutants-amplihack-pr-YcCg5x.tmp/target/debug/deps/libclap-0a08011544f8a5b8.rlib --extern clap_complete=/tmp/cargo-mutants-amplihack-pr-YcCg5x.tmp/target/debug/deps/libclap_complete-037496bed915a9d8.rlib --extern dialoguer=/tmp/cargo-mutants-amplihack-pr-YcCg5x.tmp/target/debug/deps/libdialoguer-701eb5d666153ef9.rlib --extern flate2=/tmp/cargo-mutants-amplihack-pr-YcCg5x.tmp/target/debug/deps/libflate2-c3906d7a8bde7622.rlib --extern fs4=/tmp/cargo-mutants-amplihack-pr-YcCg5x.tmp/target/debug/deps/libfs4-5b0e4af1974bf2a4.rlib --extern lbug=/tmp/cargo-mutants-amplihack-pr-YcCg5x.tmp/target/debug/deps/liblbug-59cfc3aac2014f89.rlib --extern libc=/tmp/cargo-mutants-amplihack-pr-YcCg5x.tmp/target/debug/deps/liblibc-4d73f44b645ff25b.rlib --extern lru=/tmp/cargo-mutants-amplihack-pr-YcCg5x.tmp/target/debug/deps/liblru-7e6e70a4ddd6b98d.rlib --extern prost=/tmp/cargo-mutants-amplihack-pr-YcCg5x.tmp/target/debug/deps/libprost-add16c9af461c9ee.rlib --extern regex=/tmp/cargo-mutants-amplihack-pr-YcCg5x.tmp/target/debug/deps/libregex-03ca1be4cec3c16d.rlib --extern rexpect=/tmp/cargo-mutants-amplihack-pr-YcCg5x.tmp/target/debug/deps/librexpect-5a0111470db11a54.rlib --extern rusqlite=/tmp/cargo-mutants-amplihack-pr-YcCg5x.tmp/target/debug/deps/librusqlite-90f542ebc6046a0d.rlib --extern semver=/tmp/cargo-mutants-amplihack-pr-YcCg5x.tmp/target/debug/deps/libsemver-d1ac1c952db7cf2d.rlib --extern serde=/tmp/cargo-mutants-amplihack-pr-YcCg5x.tmp/target/debug/deps/libserde-9862aaefd1081862.rlib --extern serde_json=/tmp/cargo-mutants-amplihack-pr-YcCg5x.tmp/target/debug/deps/libserde_json-061c00ff3e9853d1.rlib --extern serde_yaml=/tmp/cargo-mutants-amplihack-pr-YcCg5x.tmp/target/debug/deps/libserde_yaml-32f4debdc5c586ac.rlib --extern sha2=/tmp/cargo-mutants-amplihack-pr-YcCg5x.tmp/target/debug/deps/libsha2-9bd26e6f526c10f4.rlib --extern signal_hook=/tmp/cargo-mutants-amplihack-pr-YcCg5x.tmp/target/debug/deps/libsignal_hook-016995c66640b093.rlib --extern tar=/tmp/cargo-mutants-amplihack-pr-YcCg5x.tmp/target/debug/deps/libtar-739a95e6c50d0407.rlib --extern tempfile=/tmp/cargo-mutants-amplihack-pr-YcCg5x.tmp/target/debug/deps/libtempfile-5a176b43127bd653.rlib --extern thiserror=/tmp/cargo-mutants-amplihack-pr-YcCg5x.tmp/target/debug/deps/libthiserror-2e6c1412a455e99c.rlib --extern time=/tmp/cargo-mutants-amplihack-pr-YcCg5x.tmp/target/debug/deps/libtime-16367d88b56805ba.rlib --extern tokio=/tmp/cargo-mutants-amplihack-pr-YcCg5x.tmp/target/debug/deps/libtokio-72d59edba91c3e05.rlib --extern toml=/tmp/cargo-mutants-amplihack-pr-YcCg5x.tmp/target/debug/deps/libtoml-1a9bef83c37016d2.rlib --extern tracing=/tmp/cargo-mutants-amplihack-pr-YcCg5x.tmp/target/debug/deps/libtracing-c155b65c27f48072.rlib --extern tracing_subscriber=/tmp/cargo-mutants-amplihack-pr-YcCg5x.tmp/target/debug/deps/libtracing_subscriber-0a1c6037d6d0ddb6.rlib --extern ureq=/tmp/cargo-mutants-amplihack-pr-YcCg5x.tmp/target/debug/deps/libureq-a52054ce8bf46ff7.rlib --extern uuid=/tmp/cargo-mutants-amplihack-pr-YcCg5x.tmp/target/debug/deps/libuuid-d03d2fc21fd13b3e.rlib --extern zip=/tmp/cargo-mutants-amplihack-pr-YcCg5x.tmp/target/debug/deps/libzip-8228d34f1cec4b5d.rlib -L native=/tmp/cargo-mutants-amplihack-pr-YcCg5x.tmp/target/debug/build/lbug-c2061b4e8dfc1d6b/out/build/src -L native=/tmp/cargo-mutants-amplihack-pr-YcCg5x.tmp/target/debug/build/lbug-c2061b4e8dfc1d6b/out/build/third_party/utf8proc -L native=/tmp/cargo-mutants-amplihack-pr-YcCg5x.tmp/target/debug/build/lbug-c2061b4e8dfc1d6b/out/build/third_party/antlr4_cypher -L native=/tmp/cargo-mutants-amplihack-pr-YcCg5x.tmp/target/debug/build/lbug-c2061b4e8dfc1d6b/out/build/third_party/antlr4_runtime -L native=/tmp/cargo-mutants-amplihack-pr-YcCg5x.tmp/target/debug/build/lbug-c2061b4e8dfc1d6b/out/build/third_party/re2 -L native=/tmp/cargo-mutants-amplihack-pr-YcCg5x.tmp/target/debug/build/lbug-c2061b4e8dfc1d6b/out/build/third_party/brotli -L native=/tmp/cargo-mutants-amplihack-pr-YcCg5x.tmp/target/debug/build/lbug-c2061b4e8dfc1d6b/out/build/third_party/alp -L native=/tmp/cargo-mutants-amplihack-pr-YcCg5x.tmp/target/debug/build/lbug-c2061b4e8dfc1d6b/out/build/third_party/fastpfor -L native=/tmp/cargo-mutants-amplihack-pr-YcCg5x.tmp/target/debug/build/lbug-c2061b4e8dfc1d6b/out/build/third_party/parquet -L native=/tmp/cargo-mutants-amplihack-pr-YcCg5x.tmp/target/debug/build/lbug-c2061b4e8dfc1d6b/out/build/third_party/thrift -L native=/tmp/cargo-mutants-amplihack-pr-YcCg5x.tmp/target/debug/build/lbug-c2061b4e8dfc1d6b/out/build/third_party/snappy -L native=/tmp/cargo-mutants-amplihack-pr-YcCg5x.tmp/target/debug/build/lbug-c2061b4e8dfc1d6b/out/build/third_party/zstd -L native=/tmp/cargo-mutants-amplihack-pr-YcCg5x.tmp/target/debug/build/lbug-c2061b4e8dfc1d6b/out/build/third_party/miniz -L native=/tmp/cargo-mutants-amplihack-pr-YcCg5x.tmp/target/debug/build/lbug-c2061b4e8dfc1d6b/out/build/third_party/mbedtls -L native=/tmp/cargo-mutants-amplihack-pr-YcCg5x.tmp/target/debug/build/lbug-c2061b4e8dfc1d6b/out/build/third_party/lz4 -L native=/tmp/cargo-mutants-amplihack-pr-YcCg5x.tmp/target/debug/build/lbug-c2061b4e8dfc1d6b/out/build/third_party/roaring_bitmap -L native=/tmp/cargo-mutants-amplihack-pr-YcCg5x.tmp/target/debug/build/lbug-c2061b4e8dfc1d6b/out/build/third_party/simsimd -L native=/tmp/cargo-mutants-amplihack-pr-YcCg5x.tmp/target/debug/build/lbug-c2061b4e8dfc1d6b/out/build/third_party/yyjson -L native=/tmp/cargo-mutants-amplihack-pr-YcCg5x.tmp/target/debug/build/lbug-c2061b4e8dfc1d6b/out -L native=/tmp/cargo-mutants-amplihack-pr-YcCg5x.tmp/target/debug/build/cxx-3dafb46d76064c7e/out -L native=/tmp/cargo-mutants-amplihack-pr-YcCg5x.tmp/target/debug/build/link-cplusplus-99e4942e4cf65b7c/out -L native=/tmp/cargo-mutants-amplihack-pr-YcCg5x.tmp/target/debug/build/libsqlite3-sys-f4dcd415928f89cb/out -L native=/tmp/cargo-mutants-amplihack-pr-YcCg5x.tmp/target/debug/build/ring-439005edc122cf5b/out`
     Running `/home/azureuser/.rustup/toolchains/1.97.0-x86_64-unknown-linux-gnu/bin/rustc --crate-name signal_distribute_state --edition=2024 crates/amplihack-cli/tests/signal_distribute_state.rs --error-format=json --json=diagnostic-rendered-ansi,artifacts,future-incompat --emit=dep-info,link -C embed-bitcode=no -C debuginfo=line-tables-only --warn=unexpected_cfgs --check-cfg 'cfg(kani)' --test --cfg 'feature="default"' --check-cfg 'cfg(docsrs,test)' --check-cfg 'cfg(feature, values("default", "signal", "test-support"))' -C metadata=cbc3f574242b9868 -C extra-filename=-bd618ead485949ff --out-dir /tmp/cargo-mutants-amplihack-pr-YcCg5x.tmp/target/debug/deps -C incremental=/tmp/cargo-mutants-amplihack-pr-YcCg5x.tmp/target/debug/incremental -L dependency=/tmp/cargo-mutants-amplihack-pr-YcCg5x.tmp/target/debug/deps --extern amplihack_builders=/tmp/cargo-mutants-amplihack-pr-YcCg5x.tmp/target/debug/deps/libamplihack_builders-03993fac7567dfac.rlib --extern amplihack_cli=/tmp/cargo-mutants-amplihack-pr-YcCg5x.tmp/target/debug/deps/libamplihack_cli-29d762ce3c0fd35c.rlib --extern amplihack_hive=/tmp/cargo-mutants-amplihack-pr-YcCg5x.tmp/target/debug/deps/libamplihack_hive-7dcf48bdaeaf754c.rlib --extern amplihack_launcher=/tmp/cargo-mutants-amplihack-pr-YcCg5x.tmp/target/debug/deps/libamplihack_launcher-a0b196619987966a.rlib --extern amplihack_memory=/tmp/cargo-mutants-amplihack-pr-YcCg5x.tmp/target/debug/deps/libamplihack_memory-52ac4db15a775e5a.rlib --extern amplihack_orchestration=/tmp/cargo-mutants-amplihack-pr-YcCg5x.tmp/target/debug/deps/libamplihack_orchestration-ed20700a2c166be7.rlib --extern amplihack_reflection=/tmp/cargo-mutants-amplihack-pr-YcCg5x.tmp/target/debug/deps/libamplihack_reflection-9fc868256a9530da.rlib --extern amplihack_remote=/tmp/cargo-mutants-amplihack-pr-YcCg5x.tmp/target/debug/deps/libamplihack_remote-bda9eaf1668cac2f.rlib --extern amplihack_signal=/tmp/cargo-mutants-amplihack-pr-YcCg5x.tmp/target/debug/deps/libamplihack_signal-12b09c972d1bf694.rlib --extern amplihack_state=/tmp/cargo-mutants-amplihack-pr-YcCg5x.tmp/target/debug/deps/libamplihack_state-5bfc4593aa3c2735.rlib --extern amplihack_turn=/tmp/cargo-mutants-amplihack-pr-YcCg5x.tmp/target/debug/deps/libamplihack_turn-bf066a2c4d2d9785.rlib --extern amplihack_types=/tmp/cargo-mutants-amplihack-pr-YcCg5x.tmp/target/debug/deps/libamplihack_types-5aa2c2ee7df7bcf4.rlib --extern amplihack_utils=/tmp/cargo-mutants-amplihack-pr-YcCg5x.tmp/target/debug/deps/libamplihack_utils-08a9c706cfc82cac.rlib --extern amplihack_workflows=/tmp/cargo-mutants-amplihack-pr-YcCg5x.tmp/target/debug/deps/libamplihack_workflows-15e51595127c129b.rlib --extern anyhow=/tmp/cargo-mutants-amplihack-pr-YcCg5x.tmp/target/debug/deps/libanyhow-aaead62bc88b9429.rlib --extern assert_cmd=/tmp/cargo-mutants-amplihack-pr-YcCg5x.tmp/target/debug/deps/libassert_cmd-7a96199b9b843959.rlib --extern async_trait=/tmp/cargo-mutants-amplihack-pr-YcCg5x.tmp/target/debug/deps/libasync_trait-601d0c3ace375beb.so --extern chrono=/tmp/cargo-mutants-amplihack-pr-YcCg5x.tmp/target/debug/deps/libchrono-698d0514bedff45c.rlib --extern clap=/tmp/cargo-mutants-amplihack-pr-YcCg5x.tmp/target/debug/deps/libclap-0a08011544f8a5b8.rlib --extern clap_complete=/tmp/cargo-mutants-amplihack-pr-YcCg5x.tmp/target/debug/deps/libclap_complete-037496bed915a9d8.rlib --extern dialoguer=/tmp/cargo-mutants-amplihack-pr-YcCg5x.tmp/target/debug/deps/libdialoguer-701eb5d666153ef9.rlib --extern flate2=/tmp/cargo-mutants-amplihack-pr-YcCg5x.tmp/target/debug/deps/libflate2-c3906d7a8bde7622.rlib --extern fs4=/tmp/cargo-mutants-amplihack-pr-YcCg5x.tmp/target/debug/deps/libfs4-5b0e4af1974bf2a4.rlib --extern lbug=/tmp/cargo-mutants-amplihack-pr-YcCg5x.tmp/target/debug/deps/liblbug-59cfc3aac2014f89.rlib --extern libc=/tmp/cargo-mutants-amplihack-pr-YcCg5x.tmp/target/debug/deps/liblibc-4d73f44b645ff25b.rlib --extern lru=/tmp/cargo-mutants-amplihack-pr-YcCg5x.tmp/target/debug/deps/liblru-7e6e70a4ddd6b98d.rlib --extern prost=/tmp/cargo-mutants-amplihack-pr-YcCg5x.tmp/target/debug/deps/libprost-add16c9af461c9ee.rlib --extern regex=/tmp/cargo-mutants-amplihack-pr-YcCg5x.tmp/target/debug/deps/libregex-03ca1be4cec3c16d.rlib --extern rexpect=/tmp/cargo-mutants-amplihack-pr-YcCg5x.tmp/target/debug/deps/librexpect-5a0111470db11a54.rlib --extern rusqlite=/tmp/cargo-mutants-amplihack-pr-YcCg5x.tmp/target/debug/deps/librusqlite-90f542ebc6046a0d.rlib --extern semver=/tmp/cargo-mutants-amplihack-pr-YcCg5x.tmp/target/debug/deps/libsemver-d1ac1c952db7cf2d.rlib --extern serde=/tmp/cargo-mutants-amplihack-pr-YcCg5x.tmp/target/debug/deps/libserde-9862aaefd1081862.rlib --extern serde_json=/tmp/cargo-mutants-amplihack-pr-YcCg5x.tmp/target/debug/deps/libserde_json-061c00ff3e9853d1.rlib --extern serde_yaml=/tmp/cargo-mutants-amplihack-pr-YcCg5x.tmp/target/debug/deps/libserde_yaml-32f4debdc5c586ac.rlib --extern sha2=/tmp/cargo-mutants-amplihack-pr-YcCg5x.tmp/target/debug/deps/libsha2-9bd26e6f526c10f4.rlib --extern signal_hook=/tmp/cargo-mutants-amplihack-pr-YcCg5x.tmp/target/debug/deps/libsignal_hook-016995c66640b093.rlib --extern tar=/tmp/cargo-mutants-amplihack-pr-YcCg5x.tmp/target/debug/deps/libtar-739a95e6c50d0407.rlib --extern tempfile=/tmp/cargo-mutants-amplihack-pr-YcCg5x.tmp/target/debug/deps/libtempfile-5a176b43127bd653.rlib --extern thiserror=/tmp/cargo-mutants-amplihack-pr-YcCg5x.tmp/target/debug/deps/libthiserror-2e6c1412a455e99c.rlib --extern time=/tmp/cargo-mutants-amplihack-pr-YcCg5x.tmp/target/debug/deps/libtime-16367d88b56805ba.rlib --extern tokio=/tmp/cargo-mutants-amplihack-pr-YcCg5x.tmp/target/debug/deps/libtokio-72d59edba91c3e05.rlib --extern toml=/tmp/cargo-mutants-amplihack-pr-YcCg5x.tmp/target/debug/deps/libtoml-1a9bef83c37016d2.rlib --extern tracing=/tmp/cargo-mutants-amplihack-pr-YcCg5x.tmp/target/debug/deps/libtracing-c155b65c27f48072.rlib --extern tracing_subscriber=/tmp/cargo-mutants-amplihack-pr-YcCg5x.tmp/target/debug/deps/libtracing_subscriber-0a1c6037d6d0ddb6.rlib --extern ureq=/tmp/cargo-mutants-amplihack-pr-YcCg5x.tmp/target/debug/deps/libureq-a52054ce8bf46ff7.rlib --extern uuid=/tmp/cargo-mutants-amplihack-pr-YcCg5x.tmp/target/debug/deps/libuuid-d03d2fc21fd13b3e.rlib --extern zip=/tmp/cargo-mutants-amplihack-pr-YcCg5x.tmp/target/debug/deps/libzip-8228d34f1cec4b5d.rlib -L native=/tmp/cargo-mutants-amplihack-pr-YcCg5x.tmp/target/debug/build/lbug-c2061b4e8dfc1d6b/out/build/src -L native=/tmp/cargo-mutants-amplihack-pr-YcCg5x.tmp/target/debug/build/lbug-c2061b4e8dfc1d6b/out/build/third_party/utf8proc -L native=/tmp/cargo-mutants-amplihack-pr-YcCg5x.tmp/target/debug/build/lbug-c2061b4e8dfc1d6b/out/build/third_party/antlr4_cypher -L native=/tmp/cargo-mutants-amplihack-pr-YcCg5x.tmp/target/debug/build/lbug-c2061b4e8dfc1d6b/out/build/third_party/antlr4_runtime -L native=/tmp/cargo-mutants-amplihack-pr-YcCg5x.tmp/target/debug/build/lbug-c2061b4e8dfc1d6b/out/build/third_party/re2 -L native=/tmp/cargo-mutants-amplihack-pr-YcCg5x.tmp/target/debug/build/lbug-c2061b4e8dfc1d6b/out/build/third_party/brotli -L native=/tmp/cargo-mutants-amplihack-pr-YcCg5x.tmp/target/debug/build/lbug-c2061b4e8dfc1d6b/out/build/third_party/alp -L native=/tmp/cargo-mutants-amplihack-pr-YcCg5x.tmp/target/debug/build/lbug-c2061b4e8dfc1d6b/out/build/third_party/fastpfor -L native=/tmp/cargo-mutants-amplihack-pr-YcCg5x.tmp/target/debug/build/lbug-c2061b4e8dfc1d6b/out/build/third_party/parquet -L native=/tmp/cargo-mutants-amplihack-pr-YcCg5x.tmp/target/debug/build/lbug-c2061b4e8dfc1d6b/out/build/third_party/thrift -L native=/tmp/cargo-mutants-amplihack-pr-YcCg5x.tmp/target/debug/build/lbug-c2061b4e8dfc1d6b/out/build/third_party/snappy -L native=/tmp/cargo-mutants-amplihack-pr-YcCg5x.tmp/target/debug/build/lbug-c2061b4e8dfc1d6b/out/build/third_party/zstd -L native=/tmp/cargo-mutants-amplihack-pr-YcCg5x.tmp/target/debug/build/lbug-c2061b4e8dfc1d6b/out/build/third_party/miniz -L native=/tmp/cargo-mutants-amplihack-pr-YcCg5x.tmp/target/debug/build/lbug-c2061b4e8dfc1d6b/out/build/third_party/mbedtls -L native=/tmp/cargo-mutants-amplihack-pr-YcCg5x.tmp/target/debug/build/lbug-c2061b4e8dfc1d6b/out/build/third_party/lz4 -L native=/tmp/cargo-mutants-amplihack-pr-YcCg5x.tmp/target/debug/build/lbug-c2061b4e8dfc1d6b/out/build/third_party/roaring_bitmap -L native=/tmp/cargo-mutants-amplihack-pr-YcCg5x.tmp/target/debug/build/lbug-c2061b4e8dfc1d6b/out/build/third_party/simsimd -L native=/tmp/cargo-mutants-amplihack-pr-YcCg5x.tmp/target/debug/build/lbug-c2061b4e8dfc1d6b/out/build/third_party/yyjson -L native=/tmp/cargo-mutants-amplihack-pr-YcCg5x.tmp/target/debug/build/lbug-c2061b4e8dfc1d6b/out -L native=/tmp/cargo-mutants-amplihack-pr-YcCg5x.tmp/target/debug/build/cxx-3dafb46d76064c7e/out -L native=/tmp/cargo-mutants-amplihack-pr-YcCg5x.tmp/target/debug/build/link-cplusplus-99e4942e4cf65b7c/out -L native=/tmp/cargo-mutants-amplihack-pr-YcCg5x.tmp/target/debug/build/libsqlite3-sys-f4dcd415928f89cb/out -L native=/tmp/cargo-mutants-amplihack-pr-YcCg5x.tmp/target/debug/build/ring-439005edc122cf5b/out`
     Running `/home/azureuser/.rustup/toolchains/1.97.0-x86_64-unknown-linux-gnu/bin/rustc --crate-name issue_860_pr_guide_present --edition=2024 crates/amplihack-cli/tests/issue_860_pr_guide_present.rs --error-format=json --json=diagnostic-rendered-ansi,artifacts,future-incompat --emit=dep-info,link -C embed-bitcode=no -C debuginfo=line-tables-only --warn=unexpected_cfgs --check-cfg 'cfg(kani)' --test --cfg 'feature="default"' --check-cfg 'cfg(docsrs,test)' --check-cfg 'cfg(feature, values("default", "signal", "test-support"))' -C metadata=a169ff694e6f554c -C extra-filename=-2d27569d8e148ff6 --out-dir /tmp/cargo-mutants-amplihack-pr-YcCg5x.tmp/target/debug/deps -C incremental=/tmp/cargo-mutants-amplihack-pr-YcCg5x.tmp/target/debug/incremental -L dependency=/tmp/cargo-mutants-amplihack-pr-YcCg5x.tmp/target/debug/deps --extern amplihack_builders=/tmp/cargo-mutants-amplihack-pr-YcCg5x.tmp/target/debug/deps/libamplihack_builders-03993fac7567dfac.rlib --extern amplihack_cli=/tmp/cargo-mutants-amplihack-pr-YcCg5x.tmp/target/debug/deps/libamplihack_cli-29d762ce3c0fd35c.rlib --extern amplihack_hive=/tmp/cargo-mutants-amplihack-pr-YcCg5x.tmp/target/debug/deps/libamplihack_hive-7dcf48bdaeaf754c.rlib --extern amplihack_launcher=/tmp/cargo-mutants-amplihack-pr-YcCg5x.tmp/target/debug/deps/libamplihack_launcher-a0b196619987966a.rlib --extern amplihack_memory=/tmp/cargo-mutants-amplihack-pr-YcCg5x.tmp/target/debug/deps/libamplihack_memory-52ac4db15a775e5a.rlib --extern amplihack_orchestration=/tmp/cargo-mutants-amplihack-pr-YcCg5x.tmp/target/debug/deps/libamplihack_orchestration-ed20700a2c166be7.rlib --extern amplihack_reflection=/tmp/cargo-mutants-amplihack-pr-YcCg5x.tmp/target/debug/deps/libamplihack_reflection-9fc868256a9530da.rlib --extern amplihack_remote=/tmp/cargo-mutants-amplihack-pr-YcCg5x.tmp/target/debug/deps/libamplihack_remote-bda9eaf1668cac2f.rlib --extern amplihack_signal=/tmp/cargo-mutants-amplihack-pr-YcCg5x.tmp/target/debug/deps/libamplihack_signal-12b09c972d1bf694.rlib --extern amplihack_state=/tmp/cargo-mutants-amplihack-pr-YcCg5x.tmp/target/debug/deps/libamplihack_state-5bfc4593aa3c2735.rlib --extern amplihack_turn=/tmp/cargo-mutants-amplihack-pr-YcCg5x.tmp/target/debug/deps/libamplihack_turn-bf066a2c4d2d9785.rlib --extern amplihack_types=/tmp/cargo-mutants-amplihack-pr-YcCg5x.tmp/target/debug/deps/libamplihack_types-5aa2c2ee7df7bcf4.rlib --extern amplihack_utils=/tmp/cargo-mutants-amplihack-pr-YcCg5x.tmp/target/debug/deps/libamplihack_utils-08a9c706cfc82cac.rlib --extern amplihack_workflows=/tmp/cargo-mutants-amplihack-pr-YcCg5x.tmp/target/debug/deps/libamplihack_workflows-15e51595127c129b.rlib --extern anyhow=/tmp/cargo-mutants-amplihack-pr-YcCg5x.tmp/target/debug/deps/libanyhow-aaead62bc88b9429.rlib --extern assert_cmd=/tmp/cargo-mutants-amplihack-pr-YcCg5x.tmp/target/debug/deps/libassert_cmd-7a96199b9b843959.rlib --extern async_trait=/tmp/cargo-mutants-amplihack-pr-YcCg5x.tmp/target/debug/deps/libasync_trait-601d0c3ace375beb.so --extern chrono=/tmp/cargo-mutants-amplihack-pr-YcCg5x.tmp/target/debug/deps/libchrono-698d0514bedff45c.rlib --extern clap=/tmp/cargo-mutants-amplihack-pr-YcCg5x.tmp/target/debug/deps/libclap-0a08011544f8a5b8.rlib --extern clap_complete=/tmp/cargo-mutants-amplihack-pr-YcCg5x.tmp/target/debug/deps/libclap_complete-037496bed915a9d8.rlib --extern dialoguer=/tmp/cargo-mutants-amplihack-pr-YcCg5x.tmp/target/debug/deps/libdialoguer-701eb5d666153ef9.rlib --extern flate2=/tmp/cargo-mutants-amplihack-pr-YcCg5x.tmp/target/debug/deps/libflate2-c3906d7a8bde7622.rlib --extern fs4=/tmp/cargo-mutants-amplihack-pr-YcCg5x.tmp/target/debug/deps/libfs4-5b0e4af1974bf2a4.rlib --extern lbug=/tmp/cargo-mutants-amplihack-pr-YcCg5x.tmp/target/debug/deps/liblbug-59cfc3aac2014f89.rlib --extern libc=/tmp/cargo-mutants-amplihack-pr-YcCg5x.tmp/target/debug/deps/liblibc-4d73f44b645ff25b.rlib --extern lru=/tmp/cargo-mutants-amplihack-pr-YcCg5x.tmp/target/debug/deps/liblru-7e6e70a4ddd6b98d.rlib --extern prost=/tmp/cargo-mutants-amplihack-pr-YcCg5x.tmp/target/debug/deps/libprost-add16c9af461c9ee.rlib --extern regex=/tmp/cargo-mutants-amplihack-pr-YcCg5x.tmp/target/debug/deps/libregex-03ca1be4cec3c16d.rlib --extern rexpect=/tmp/cargo-mutants-amplihack-pr-YcCg5x.tmp/target/debug/deps/librexpect-5a0111470db11a54.rlib --extern rusqlite=/tmp/cargo-mutants-amplihack-pr-YcCg5x.tmp/target/debug/deps/librusqlite-90f542ebc6046a0d.rlib --extern semver=/tmp/cargo-mutants-amplihack-pr-YcCg5x.tmp/target/debug/deps/libsemver-d1ac1c952db7cf2d.rlib --extern serde=/tmp/cargo-mutants-amplihack-pr-YcCg5x.tmp/target/debug/deps/libserde-9862aaefd1081862.rlib --extern serde_json=/tmp/cargo-mutants-amplihack-pr-YcCg5x.tmp/target/debug/deps/libserde_json-061c00ff3e9853d1.rlib --extern serde_yaml=/tmp/cargo-mutants-amplihack-pr-YcCg5x.tmp/target/debug/deps/libserde_yaml-32f4debdc5c586ac.rlib --extern sha2=/tmp/cargo-mutants-amplihack-pr-YcCg5x.tmp/target/debug/deps/libsha2-9bd26e6f526c10f4.rlib --extern signal_hook=/tmp/cargo-mutants-amplihack-pr-YcCg5x.tmp/target/debug/deps/libsignal_hook-016995c66640b093.rlib --extern tar=/tmp/cargo-mutants-amplihack-pr-YcCg5x.tmp/target/debug/deps/libtar-739a95e6c50d0407.rlib --extern tempfile=/tmp/cargo-mutants-amplihack-pr-YcCg5x.tmp/target/debug/deps/libtempfile-5a176b43127bd653.rlib --extern thiserror=/tmp/cargo-mutants-amplihack-pr-YcCg5x.tmp/target/debug/deps/libthiserror-2e6c1412a455e99c.rlib --extern time=/tmp/cargo-mutants-amplihack-pr-YcCg5x.tmp/target/debug/deps/libtime-16367d88b56805ba.rlib --extern tokio=/tmp/cargo-mutants-amplihack-pr-YcCg5x.tmp/target/debug/deps/libtokio-72d59edba91c3e05.rlib --extern toml=/tmp/cargo-mutants-amplihack-pr-YcCg5x.tmp/target/debug/deps/libtoml-1a9bef83c37016d2.rlib --extern tracing=/tmp/cargo-mutants-amplihack-pr-YcCg5x.tmp/target/debug/deps/libtracing-c155b65c27f48072.rlib --extern tracing_subscriber=/tmp/cargo-mutants-amplihack-pr-YcCg5x.tmp/target/debug/deps/libtracing_subscriber-0a1c6037d6d0ddb6.rlib --extern ureq=/tmp/cargo-mutants-amplihack-pr-YcCg5x.tmp/target/debug/deps/libureq-a52054ce8bf46ff7.rlib --extern uuid=/tmp/cargo-mutants-amplihack-pr-YcCg5x.tmp/target/debug/deps/libuuid-d03d2fc21fd13b3e.rlib --extern zip=/tmp/cargo-mutants-amplihack-pr-YcCg5x.tmp/target/debug/deps/libzip-8228d34f1cec4b5d.rlib -L native=/tmp/cargo-mutants-amplihack-pr-YcCg5x.tmp/target/debug/build/lbug-c2061b4e8dfc1d6b/out/build/src -L native=/tmp/cargo-mutants-amplihack-pr-YcCg5x.tmp/target/debug/build/lbug-c2061b4e8dfc1d6b/out/build/third_party/utf8proc -L native=/tmp/cargo-mutants-amplihack-pr-YcCg5x.tmp/target/debug/build/lbug-c2061b4e8dfc1d6b/out/build/third_party/antlr4_cypher -L native=/tmp/cargo-mutants-amplihack-pr-YcCg5x.tmp/target/debug/build/lbug-c2061b4e8dfc1d6b/out/build/third_party/antlr4_runtime -L native=/tmp/cargo-mutants-amplihack-pr-YcCg5x.tmp/target/debug/build/lbug-c2061b4e8dfc1d6b/out/build/third_party/re2 -L native=/tmp/cargo-mutants-amplihack-pr-YcCg5x.tmp/target/debug/build/lbug-c2061b4e8dfc1d6b/out/build/third_party/brotli -L native=/tmp/cargo-mutants-amplihack-pr-YcCg5x.tmp/target/debug/build/lbug-c2061b4e8dfc1d6b/out/build/third_party/alp -L native=/tmp/cargo-mutants-amplihack-pr-YcCg5x.tmp/target/debug/build/lbug-c2061b4e8dfc1d6b/out/build/third_party/fastpfor -L native=/tmp/cargo-mutants-amplihack-pr-YcCg5x.tmp/target/debug/build/lbug-c2061b4e8dfc1d6b/out/build/third_party/parquet -L native=/tmp/cargo-mutants-amplihack-pr-YcCg5x.tmp/target/debug/build/lbug-c2061b4e8dfc1d6b/out/build/third_party/thrift -L native=/tmp/cargo-mutants-amplihack-pr-YcCg5x.tmp/target/debug/build/lbug-c2061b4e8dfc1d6b/out/build/third_party/snappy -L native=/tmp/cargo-mutants-amplihack-pr-YcCg5x.tmp/target/debug/build/lbug-c2061b4e8dfc1d6b/out/build/third_party/zstd -L native=/tmp/cargo-mutants-amplihack-pr-YcCg5x.tmp/target/debug/build/lbug-c2061b4e8dfc1d6b/out/build/third_party/miniz -L native=/tmp/cargo-mutants-amplihack-pr-YcCg5x.tmp/target/debug/build/lbug-c2061b4e8dfc1d6b/out/build/third_party/mbedtls -L native=/tmp/cargo-mutants-amplihack-pr-YcCg5x.tmp/target/debug/build/lbug-c2061b4e8dfc1d6b/out/build/third_party/lz4 -L native=/tmp/cargo-mutants-amplihack-pr-YcCg5x.tmp/target/debug/build/lbug-c2061b4e8dfc1d6b/out/build/third_party/roaring_bitmap -L native=/tmp/cargo-mutants-amplihack-pr-YcCg5x.tmp/target/debug/build/lbug-c2061b4e8dfc1d6b/out/build/third_party/simsimd -L native=/tmp/cargo-mutants-amplihack-pr-YcCg5x.tmp/target/debug/build/lbug-c2061b4e8dfc1d6b/out/build/third_party/yyjson -L native=/tmp/cargo-mutants-amplihack-pr-YcCg5x.tmp/target/debug/build/lbug-c2061b4e8dfc1d6b/out -L native=/tmp/cargo-mutants-amplihack-pr-YcCg5x.tmp/target/debug/build/cxx-3dafb46d76064c7e/out -L native=/tmp/cargo-mutants-amplihack-pr-YcCg5x.tmp/target/debug/build/link-cplusplus-99e4942e4cf65b7c/out -L native=/tmp/cargo-mutants-amplihack-pr-YcCg5x.tmp/target/debug/build/libsqlite3-sys-f4dcd415928f89cb/out -L native=/tmp/cargo-mutants-amplihack-pr-YcCg5x.tmp/target/debug/build/ring-439005edc122cf5b/out`
     Running `/home/azureuser/.rustup/toolchains/1.97.0-x86_64-unknown-linux-gnu/bin/rustc --crate-name remote_cli_contract --edition=2024 crates/amplihack-cli/tests/remote_cli_contract.rs --error-format=json --json=diagnostic-rendered-ansi,artifacts,future-incompat --emit=dep-info,link -C embed-bitcode=no -C debuginfo=line-tables-only --warn=unexpected_cfgs --check-cfg 'cfg(kani)' --test --cfg 'feature="default"' --check-cfg 'cfg(docsrs,test)' --check-cfg 'cfg(feature, values("default", "signal", "test-support"))' -C metadata=8703240b5c20077e -C extra-filename=-9a2bb7dfca5861c7 --out-dir /tmp/cargo-mutants-amplihack-pr-YcCg5x.tmp/target/debug/deps -C incremental=/tmp/cargo-mutants-amplihack-pr-YcCg5x.tmp/target/debug/incremental -L dependency=/tmp/cargo-mutants-amplihack-pr-YcCg5x.tmp/target/debug/deps --extern amplihack_builders=/tmp/cargo-mutants-amplihack-pr-YcCg5x.tmp/target/debug/deps/libamplihack_builders-03993fac7567dfac.rlib --extern amplihack_cli=/tmp/cargo-mutants-amplihack-pr-YcCg5x.tmp/target/debug/deps/libamplihack_cli-29d762ce3c0fd35c.rlib --extern amplihack_hive=/tmp/cargo-mutants-amplihack-pr-YcCg5x.tmp/target/debug/deps/libamplihack_hive-7dcf48bdaeaf754c.rlib --extern amplihack_launcher=/tmp/cargo-mutants-amplihack-pr-YcCg5x.tmp/target/debug/deps/libamplihack_launcher-a0b196619987966a.rlib --extern amplihack_memory=/tmp/cargo-mutants-amplihack-pr-YcCg5x.tmp/target/debug/deps/libamplihack_memory-52ac4db15a775e5a.rlib --extern amplihack_orchestration=/tmp/cargo-mutants-amplihack-pr-YcCg5x.tmp/target/debug/deps/libamplihack_orchestration-ed20700a2c166be7.rlib --extern amplihack_reflection=/tmp/cargo-mutants-amplihack-pr-YcCg5x.tmp/target/debug/deps/libamplihack_reflection-9fc868256a9530da.rlib --extern amplihack_remote=/tmp/cargo-mutants-amplihack-pr-YcCg5x.tmp/target/debug/deps/libamplihack_remote-bda9eaf1668cac2f.rlib --extern amplihack_signal=/tmp/cargo-mutants-amplihack-pr-YcCg5x.tmp/target/debug/deps/libamplihack_signal-12b09c972d1bf694.rlib --extern amplihack_state=/tmp/cargo-mutants-amplihack-pr-YcCg5x.tmp/target/debug/deps/libamplihack_state-5bfc4593aa3c2735.rlib --extern amplihack_turn=/tmp/cargo-mutants-amplihack-pr-YcCg5x.tmp/target/debug/deps/libamplihack_turn-bf066a2c4d2d9785.rlib --extern amplihack_types=/tmp/cargo-mutants-amplihack-pr-YcCg5x.tmp/target/debug/deps/libamplihack_types-5aa2c2ee7df7bcf4.rlib --extern amplihack_utils=/tmp/cargo-mutants-amplihack-pr-YcCg5x.tmp/target/debug/deps/libamplihack_utils-08a9c706cfc82cac.rlib --extern amplihack_workflows=/tmp/cargo-mutants-amplihack-pr-YcCg5x.tmp/target/debug/deps/libamplihack_workflows-15e51595127c129b.rlib --extern anyhow=/tmp/cargo-mutants-amplihack-pr-YcCg5x.tmp/target/debug/deps/libanyhow-aaead62bc88b9429.rlib --extern assert_cmd=/tmp/cargo-mutants-amplihack-pr-YcCg5x.tmp/target/debug/deps/libassert_cmd-7a96199b9b843959.rlib --extern async_trait=/tmp/cargo-mutants-amplihack-pr-YcCg5x.tmp/target/debug/deps/libasync_trait-601d0c3ace375beb.so --extern chrono=/tmp/cargo-mutants-amplihack-pr-YcCg5x.tmp/target/debug/deps/libchrono-698d0514bedff45c.rlib --extern clap=/tmp/cargo-mutants-amplihack-pr-YcCg5x.tmp/target/debug/deps/libclap-0a08011544f8a5b8.rlib --extern clap_complete=/tmp/cargo-mutants-amplihack-pr-YcCg5x.tmp/target/debug/deps/libclap_complete-037496bed915a9d8.rlib --extern dialoguer=/tmp/cargo-mutants-amplihack-pr-YcCg5x.tmp/target/debug/deps/libdialoguer-701eb5d666153ef9.rlib --extern flate2=/tmp/cargo-mutants-amplihack-pr-YcCg5x.tmp/target/debug/deps/libflate2-c3906d7a8bde7622.rlib --extern fs4=/tmp/cargo-mutants-amplihack-pr-YcCg5x.tmp/target/debug/deps/libfs4-5b0e4af1974bf2a4.rlib --extern lbug=/tmp/cargo-mutants-amplihack-pr-YcCg5x.tmp/target/debug/deps/liblbug-59cfc3aac2014f89.rlib --extern libc=/tmp/cargo-mutants-amplihack-pr-YcCg5x.tmp/target/debug/deps/liblibc-4d73f44b645ff25b.rlib --extern lru=/tmp/cargo-mutants-amplihack-pr-YcCg5x.tmp/target/debug/deps/liblru-7e6e70a4ddd6b98d.rlib --extern prost=/tmp/cargo-mutants-amplihack-pr-YcCg5x.tmp/target/debug/deps/libprost-add16c9af461c9ee.rlib --extern regex=/tmp/cargo-mutants-amplihack-pr-YcCg5x.tmp/target/debug/deps/libregex-03ca1be4cec3c16d.rlib --extern rexpect=/tmp/cargo-mutants-amplihack-pr-YcCg5x.tmp/target/debug/deps/librexpect-5a0111470db11a54.rlib --extern rusqlite=/tmp/cargo-mutants-amplihack-pr-YcCg5x.tmp/target/debug/deps/librusqlite-90f542ebc6046a0d.rlib --extern semver=/tmp/cargo-mutants-amplihack-pr-YcCg5x.tmp/target/debug/deps/libsemver-d1ac1c952db7cf2d.rlib --extern serde=/tmp/cargo-mutants-amplihack-pr-YcCg5x.tmp/target/debug/deps/libserde-9862aaefd1081862.rlib --extern serde_json=/tmp/cargo-mutants-amplihack-pr-YcCg5x.tmp/target/debug/deps/libserde_json-061c00ff3e9853d1.rlib --extern serde_yaml=/tmp/cargo-mutants-amplihack-pr-YcCg5x.tmp/target/debug/deps/libserde_yaml-32f4debdc5c586ac.rlib --extern sha2=/tmp/cargo-mutants-amplihack-pr-YcCg5x.tmp/target/debug/deps/libsha2-9bd26e6f526c10f4.rlib --extern signal_hook=/tmp/cargo-mutants-amplihack-pr-YcCg5x.tmp/target/debug/deps/libsignal_hook-016995c66640b093.rlib --extern tar=/tmp/cargo-mutants-amplihack-pr-YcCg5x.tmp/target/debug/deps/libtar-739a95e6c50d0407.rlib --extern tempfile=/tmp/cargo-mutants-amplihack-pr-YcCg5x.tmp/target/debug/deps/libtempfile-5a176b43127bd653.rlib --extern thiserror=/tmp/cargo-mutants-amplihack-pr-YcCg5x.tmp/target/debug/deps/libthiserror-2e6c1412a455e99c.rlib --extern time=/tmp/cargo-mutants-amplihack-pr-YcCg5x.tmp/target/debug/deps/libtime-16367d88b56805ba.rlib --extern tokio=/tmp/cargo-mutants-amplihack-pr-YcCg5x.tmp/target/debug/deps/libtokio-72d59edba91c3e05.rlib --extern toml=/tmp/cargo-mutants-amplihack-pr-YcCg5x.tmp/target/debug/deps/libtoml-1a9bef83c37016d2.rlib --extern tracing=/tmp/cargo-mutants-amplihack-pr-YcCg5x.tmp/target/debug/deps/libtracing-c155b65c27f48072.rlib --extern tracing_subscriber=/tmp/cargo-mutants-amplihack-pr-YcCg5x.tmp/target/debug/deps/libtracing_subscriber-0a1c6037d6d0ddb6.rlib --extern ureq=/tmp/cargo-mutants-amplihack-pr-YcCg5x.tmp/target/debug/deps/libureq-a52054ce8bf46ff7.rlib --extern uuid=/tmp/cargo-mutants-amplihack-pr-YcCg5x.tmp/target/debug/deps/libuuid-d03d2fc21fd13b3e.rlib --extern zip=/tmp/cargo-mutants-amplihack-pr-YcCg5x.tmp/target/debug/deps/libzip-8228d34f1cec4b5d.rlib -L native=/tmp/cargo-mutants-amplihack-pr-YcCg5x.tmp/target/debug/build/lbug-c2061b4e8dfc1d6b/out/build/src -L native=/tmp/cargo-mutants-amplihack-pr-YcCg5x.tmp/target/debug/build/lbug-c2061b4e8dfc1d6b/out/build/third_party/utf8proc -L native=/tmp/cargo-mutants-amplihack-pr-YcCg5x.tmp/target/debug/build/lbug-c2061b4e8dfc1d6b/out/build/third_party/antlr4_cypher -L native=/tmp/cargo-mutants-amplihack-pr-YcCg5x.tmp/target/debug/build/lbug-c2061b4e8dfc1d6b/out/build/third_party/antlr4_runtime -L native=/tmp/cargo-mutants-amplihack-pr-YcCg5x.tmp/target/debug/build/lbug-c2061b4e8dfc1d6b/out/build/third_party/re2 -L native=/tmp/cargo-mutants-amplihack-pr-YcCg5x.tmp/target/debug/build/lbug-c2061b4e8dfc1d6b/out/build/third_party/brotli -L native=/tmp/cargo-mutants-amplihack-pr-YcCg5x.tmp/target/debug/build/lbug-c2061b4e8dfc1d6b/out/build/third_party/alp -L native=/tmp/cargo-mutants-amplihack-pr-YcCg5x.tmp/target/debug/build/lbug-c2061b4e8dfc1d6b/out/build/third_party/fastpfor -L native=/tmp/cargo-mutants-amplihack-pr-YcCg5x.tmp/target/debug/build/lbug-c2061b4e8dfc1d6b/out/build/third_party/parquet -L native=/tmp/cargo-mutants-amplihack-pr-YcCg5x.tmp/target/debug/build/lbug-c2061b4e8dfc1d6b/out/build/third_party/thrift -L native=/tmp/cargo-mutants-amplihack-pr-YcCg5x.tmp/target/debug/build/lbug-c2061b4e8dfc1d6b/out/build/third_party/snappy -L native=/tmp/cargo-mutants-amplihack-pr-YcCg5x.tmp/target/debug/build/lbug-c2061b4e8dfc1d6b/out/build/third_party/zstd -L native=/tmp/cargo-mutants-amplihack-pr-YcCg5x.tmp/target/debug/build/lbug-c2061b4e8dfc1d6b/out/build/third_party/miniz -L native=/tmp/cargo-mutants-amplihack-pr-YcCg5x.tmp/target/debug/build/lbug-c2061b4e8dfc1d6b/out/build/third_party/mbedtls -L native=/tmp/cargo-mutants-amplihack-pr-YcCg5x.tmp/target/debug/build/lbug-c2061b4e8dfc1d6b/out/build/third_party/lz4 -L native=/tmp/cargo-mutants-amplihack-pr-YcCg5x.tmp/target/debug/build/lbug-c2061b4e8dfc1d6b/out/build/third_party/roaring_bitmap -L native=/tmp/cargo-mutants-amplihack-pr-YcCg5x.tmp/target/debug/build/lbug-c2061b4e8dfc1d6b/out/build/third_party/simsimd -L native=/tmp/cargo-mutants-amplihack-pr-YcCg5x.tmp/target/debug/build/lbug-c2061b4e8dfc1d6b/out/build/third_party/yyjson -L native=/tmp/cargo-mutants-amplihack-pr-YcCg5x.tmp/target/debug/build/lbug-c2061b4e8dfc1d6b/out -L native=/tmp/cargo-mutants-amplihack-pr-YcCg5x.tmp/target/debug/build/cxx-3dafb46d76064c7e/out -L native=/tmp/cargo-mutants-amplihack-pr-YcCg5x.tmp/target/debug/build/link-cplusplus-99e4942e4cf65b7c/out -L native=/tmp/cargo-mutants-amplihack-pr-YcCg5x.tmp/target/debug/build/libsqlite3-sys-f4dcd415928f89cb/out -L native=/tmp/cargo-mutants-amplihack-pr-YcCg5x.tmp/target/debug/build/ring-439005edc122cf5b/out`
     Running `/home/azureuser/.rustup/toolchains/1.97.0-x86_64-unknown-linux-gnu/bin/rustc --crate-name signal_setup_idempotency --edition=2024 crates/amplihack-cli/tests/signal_setup_idempotency.rs --error-format=json --json=diagnostic-rendered-ansi,artifacts,future-incompat --emit=dep-info,link -C embed-bitcode=no -C debuginfo=line-tables-only --warn=unexpected_cfgs --check-cfg 'cfg(kani)' --test --cfg 'feature="default"' --check-cfg 'cfg(docsrs,test)' --check-cfg 'cfg(feature, values("default", "signal", "test-support"))' -C metadata=f8dac98afe57ae54 -C extra-filename=-6059e7e717ba974d --out-dir /tmp/cargo-mutants-amplihack-pr-YcCg5x.tmp/target/debug/deps -C incremental=/tmp/cargo-mutants-amplihack-pr-YcCg5x.tmp/target/debug/incremental -L dependency=/tmp/cargo-mutants-amplihack-pr-YcCg5x.tmp/target/debug/deps --extern amplihack_builders=/tmp/cargo-mutants-amplihack-pr-YcCg5x.tmp/target/debug/deps/libamplihack_builders-03993fac7567dfac.rlib --extern amplihack_cli=/tmp/cargo-mutants-amplihack-pr-YcCg5x.tmp/target/debug/deps/libamplihack_cli-29d762ce3c0fd35c.rlib --extern amplihack_hive=/tmp/cargo-mutants-amplihack-pr-YcCg5x.tmp/target/debug/deps/libamplihack_hive-7dcf48bdaeaf754c.rlib --extern amplihack_launcher=/tmp/cargo-mutants-amplihack-pr-YcCg5x.tmp/target/debug/deps/libamplihack_launcher-a0b196619987966a.rlib --extern amplihack_memory=/tmp/cargo-mutants-amplihack-pr-YcCg5x.tmp/target/debug/deps/libamplihack_memory-52ac4db15a775e5a.rlib --extern amplihack_orchestration=/tmp/cargo-mutants-amplihack-pr-YcCg5x.tmp/target/debug/deps/libamplihack_orchestration-ed20700a2c166be7.rlib --extern amplihack_reflection=/tmp/cargo-mutants-amplihack-pr-YcCg5x.tmp/target/debug/deps/libamplihack_reflection-9fc868256a9530da.rlib --extern amplihack_remote=/tmp/cargo-mutants-amplihack-pr-YcCg5x.tmp/target/debug/deps/libamplihack_remote-bda9eaf1668cac2f.rlib --extern amplihack_signal=/tmp/cargo-mutants-amplihack-pr-YcCg5x.tmp/target/debug/deps/libamplihack_signal-12b09c972d1bf694.rlib --extern amplihack_state=/tmp/cargo-mutants-amplihack-pr-YcCg5x.tmp/target/debug/deps/libamplihack_state-5bfc4593aa3c2735.rlib --extern amplihack_turn=/tmp/cargo-mutants-amplihack-pr-YcCg5x.tmp/target/debug/deps/libamplihack_turn-bf066a2c4d2d9785.rlib --extern amplihack_types=/tmp/cargo-mutants-amplihack-pr-YcCg5x.tmp/target/debug/deps/libamplihack_types-5aa2c2ee7df7bcf4.rlib --extern amplihack_utils=/tmp/cargo-mutants-amplihack-pr-YcCg5x.tmp/target/debug/deps/libamplihack_utils-08a9c706cfc82cac.rlib --extern amplihack_workflows=/tmp/cargo-mutants-amplihack-pr-YcCg5x.tmp/target/debug/deps/libamplihack_workflows-15e51595127c129b.rlib --extern anyhow=/tmp/cargo-mutants-amplihack-pr-YcCg5x.tmp/target/debug/deps/libanyhow-aaead62bc88b9429.rlib --extern assert_cmd=/tmp/cargo-mutants-amplihack-pr-YcCg5x.tmp/target/debug/deps/libassert_cmd-7a96199b9b843959.rlib --extern async_trait=/tmp/cargo-mutants-amplihack-pr-YcCg5x.tmp/target/debug/deps/libasync_trait-601d0c3ace375beb.so --extern chrono=/tmp/cargo-mutants-amplihack-pr-YcCg5x.tmp/target/debug/deps/libchrono-698d0514bedff45c.rlib --extern clap=/tmp/cargo-mutants-amplihack-pr-YcCg5x.tmp/target/debug/deps/libclap-0a08011544f8a5b8.rlib --extern clap_complete=/tmp/cargo-mutants-amplihack-pr-YcCg5x.tmp/target/debug/deps/libclap_complete-037496bed915a9d8.rlib --extern dialoguer=/tmp/cargo-mutants-amplihack-pr-YcCg5x.tmp/target/debug/deps/libdialoguer-701eb5d666153ef9.rlib --extern flate2=/tmp/cargo-mutants-amplihack-pr-YcCg5x.tmp/target/debug/deps/libflate2-c3906d7a8bde7622.rlib --extern fs4=/tmp/cargo-mutants-amplihack-pr-YcCg5x.tmp/target/debug/deps/libfs4-5b0e4af1974bf2a4.rlib --extern lbug=/tmp/cargo-mutants-amplihack-pr-YcCg5x.tmp/target/debug/deps/liblbug-59cfc3aac2014f89.rlib --extern libc=/tmp/cargo-mutants-amplihack-pr-YcCg5x.tmp/target/debug/deps/liblibc-4d73f44b645ff25b.rlib --extern lru=/tmp/cargo-mutants-amplihack-pr-YcCg5x.tmp/target/debug/deps/liblru-7e6e70a4ddd6b98d.rlib --extern prost=/tmp/cargo-mutants-amplihack-pr-YcCg5x.tmp/target/debug/deps/libprost-add16c9af461c9ee.rlib --extern regex=/tmp/cargo-mutants-amplihack-pr-YcCg5x.tmp/target/debug/deps/libregex-03ca1be4cec3c16d.rlib --extern rexpect=/tmp/cargo-mutants-amplihack-pr-YcCg5x.tmp/target/debug/deps/librexpect-5a0111470db11a54.rlib --extern rusqlite=/tmp/cargo-mutants-amplihack-pr-YcCg5x.tmp/target/debug/deps/librusqlite-90f542ebc6046a0d.rlib --extern semver=/tmp/cargo-mutants-amplihack-pr-YcCg5x.tmp/target/debug/deps/libsemver-d1ac1c952db7cf2d.rlib --extern serde=/tmp/cargo-mutants-amplihack-pr-YcCg5x.tmp/target/debug/deps/libserde-9862aaefd1081862.rlib --extern serde_json=/tmp/cargo-mutants-amplihack-pr-YcCg5x.tmp/target/debug/deps/libserde_json-061c00ff3e9853d1.rlib --extern serde_yaml=/tmp/cargo-mutants-amplihack-pr-YcCg5x.tmp/target/debug/deps/libserde_yaml-32f4debdc5c586ac.rlib --extern sha2=/tmp/cargo-mutants-amplihack-pr-YcCg5x.tmp/target/debug/deps/libsha2-9bd26e6f526c10f4.rlib --extern signal_hook=/tmp/cargo-mutants-amplihack-pr-YcCg5x.tmp/target/debug/deps/libsignal_hook-016995c66640b093.rlib --extern tar=/tmp/cargo-mutants-amplihack-pr-YcCg5x.tmp/target/debug/deps/libtar-739a95e6c50d0407.rlib --extern tempfile=/tmp/cargo-mutants-amplihack-pr-YcCg5x.tmp/target/debug/deps/libtempfile-5a176b43127bd653.rlib --extern thiserror=/tmp/cargo-mutants-amplihack-pr-YcCg5x.tmp/target/debug/deps/libthiserror-2e6c1412a455e99c.rlib --extern time=/tmp/cargo-mutants-amplihack-pr-YcCg5x.tmp/target/debug/deps/libtime-16367d88b56805ba.rlib --extern tokio=/tmp/cargo-mutants-amplihack-pr-YcCg5x.tmp/target/debug/deps/libtokio-72d59edba91c3e05.rlib --extern toml=/tmp/cargo-mutants-amplihack-pr-YcCg5x.tmp/target/debug/deps/libtoml-1a9bef83c37016d2.rlib --extern tracing=/tmp/cargo-mutants-amplihack-pr-YcCg5x.tmp/target/debug/deps/libtracing-c155b65c27f48072.rlib --extern tracing_subscriber=/tmp/cargo-mutants-amplihack-pr-YcCg5x.tmp/target/debug/deps/libtracing_subscriber-0a1c6037d6d0ddb6.rlib --extern ureq=/tmp/cargo-mutants-amplihack-pr-YcCg5x.tmp/target/debug/deps/libureq-a52054ce8bf46ff7.rlib --extern uuid=/tmp/cargo-mutants-amplihack-pr-YcCg5x.tmp/target/debug/deps/libuuid-d03d2fc21fd13b3e.rlib --extern zip=/tmp/cargo-mutants-amplihack-pr-YcCg5x.tmp/target/debug/deps/libzip-8228d34f1cec4b5d.rlib -L native=/tmp/cargo-mutants-amplihack-pr-YcCg5x.tmp/target/debug/build/lbug-c2061b4e8dfc1d6b/out/build/src -L native=/tmp/cargo-mutants-amplihack-pr-YcCg5x.tmp/target/debug/build/lbug-c2061b4e8dfc1d6b/out/build/third_party/utf8proc -L native=/tmp/cargo-mutants-amplihack-pr-YcCg5x.tmp/target/debug/build/lbug-c2061b4e8dfc1d6b/out/build/third_party/antlr4_cypher -L native=/tmp/cargo-mutants-amplihack-pr-YcCg5x.tmp/target/debug/build/lbug-c2061b4e8dfc1d6b/out/build/third_party/antlr4_runtime -L native=/tmp/cargo-mutants-amplihack-pr-YcCg5x.tmp/target/debug/build/lbug-c2061b4e8dfc1d6b/out/build/third_party/re2 -L native=/tmp/cargo-mutants-amplihack-pr-YcCg5x.tmp/target/debug/build/lbug-c2061b4e8dfc1d6b/out/build/third_party/brotli -L native=/tmp/cargo-mutants-amplihack-pr-YcCg5x.tmp/target/debug/build/lbug-c2061b4e8dfc1d6b/out/build/third_party/alp -L native=/tmp/cargo-mutants-amplihack-pr-YcCg5x.tmp/target/debug/build/lbug-c2061b4e8dfc1d6b/out/build/third_party/fastpfor -L native=/tmp/cargo-mutants-amplihack-pr-YcCg5x.tmp/target/debug/build/lbug-c2061b4e8dfc1d6b/out/build/third_party/parquet -L native=/tmp/cargo-mutants-amplihack-pr-YcCg5x.tmp/target/debug/build/lbug-c2061b4e8dfc1d6b/out/build/third_party/thrift -L native=/tmp/cargo-mutants-amplihack-pr-YcCg5x.tmp/target/debug/build/lbug-c2061b4e8dfc1d6b/out/build/third_party/snappy -L native=/tmp/cargo-mutants-amplihack-pr-YcCg5x.tmp/target/debug/build/lbug-c2061b4e8dfc1d6b/out/build/third_party/zstd -L native=/tmp/cargo-mutants-amplihack-pr-YcCg5x.tmp/target/debug/build/lbug-c2061b4e8dfc1d6b/out/build/third_party/miniz -L native=/tmp/cargo-mutants-amplihack-pr-YcCg5x.tmp/target/debug/build/lbug-c2061b4e8dfc1d6b/out/build/third_party/mbedtls -L native=/tmp/cargo-mutants-amplihack-pr-YcCg5x.tmp/target/debug/build/lbug-c2061b4e8dfc1d6b/out/build/third_party/lz4 -L native=/tmp/cargo-mutants-amplihack-pr-YcCg5x.tmp/target/debug/build/lbug-c2061b4e8dfc1d6b/out/build/third_party/roaring_bitmap -L native=/tmp/cargo-mutants-amplihack-pr-YcCg5x.tmp/target/debug/build/lbug-c2061b4e8dfc1d6b/out/build/third_party/simsimd -L native=/tmp/cargo-mutants-amplihack-pr-YcCg5x.tmp/target/debug/build/lbug-c2061b4e8dfc1d6b/out/build/third_party/yyjson -L native=/tmp/cargo-mutants-amplihack-pr-YcCg5x.tmp/target/debug/build/lbug-c2061b4e8dfc1d6b/out -L native=/tmp/cargo-mutants-amplihack-pr-YcCg5x.tmp/target/debug/build/cxx-3dafb46d76064c7e/out -L native=/tmp/cargo-mutants-amplihack-pr-YcCg5x.tmp/target/debug/build/link-cplusplus-99e4942e4cf65b7c/out -L native=/tmp/cargo-mutants-amplihack-pr-YcCg5x.tmp/target/debug/build/libsqlite3-sys-f4dcd415928f89cb/out -L native=/tmp/cargo-mutants-amplihack-pr-YcCg5x.tmp/target/debug/build/ring-439005edc122cf5b/out`
     Running `/home/azureuser/.rustup/toolchains/1.97.0-x86_64-unknown-linux-gnu/bin/rustc --crate-name issue_439_no_per_step_timeout --edition=2024 crates/amplihack-cli/tests/issue_439_no_per_step_timeout.rs --error-format=json --json=diagnostic-rendered-ansi,artifacts,future-incompat --emit=dep-info,link -C embed-bitcode=no -C debuginfo=line-tables-only --warn=unexpected_cfgs --check-cfg 'cfg(kani)' --test --cfg 'feature="default"' --check-cfg 'cfg(docsrs,test)' --check-cfg 'cfg(feature, values("default", "signal", "test-support"))' -C metadata=ff2a32bea910f3b5 -C extra-filename=-61c7e2a363c31794 --out-dir /tmp/cargo-mutants-amplihack-pr-YcCg5x.tmp/target/debug/deps -C incremental=/tmp/cargo-mutants-amplihack-pr-YcCg5x.tmp/target/debug/incremental -L dependency=/tmp/cargo-mutants-amplihack-pr-YcCg5x.tmp/target/debug/deps --extern amplihack_builders=/tmp/cargo-mutants-amplihack-pr-YcCg5x.tmp/target/debug/deps/libamplihack_builders-03993fac7567dfac.rlib --extern amplihack_cli=/tmp/cargo-mutants-amplihack-pr-YcCg5x.tmp/target/debug/deps/libamplihack_cli-29d762ce3c0fd35c.rlib --extern amplihack_hive=/tmp/cargo-mutants-amplihack-pr-YcCg5x.tmp/target/debug/deps/libamplihack_hive-7dcf48bdaeaf754c.rlib --extern amplihack_launcher=/tmp/cargo-mutants-amplihack-pr-YcCg5x.tmp/target/debug/deps/libamplihack_launcher-a0b196619987966a.rlib --extern amplihack_memory=/tmp/cargo-mutants-amplihack-pr-YcCg5x.tmp/target/debug/deps/libamplihack_memory-52ac4db15a775e5a.rlib --extern amplihack_orchestration=/tmp/cargo-mutants-amplihack-pr-YcCg5x.tmp/target/debug/deps/libamplihack_orchestration-ed20700a2c166be7.rlib --extern amplihack_reflection=/tmp/cargo-mutants-amplihack-pr-YcCg5x.tmp/target/debug/deps/libamplihack_reflection-9fc868256a9530da.rlib --extern amplihack_remote=/tmp/cargo-mutants-amplihack-pr-YcCg5x.tmp/target/debug/deps/libamplihack_remote-bda9eaf1668cac2f.rlib --extern amplihack_signal=/tmp/cargo-mutants-amplihack-pr-YcCg5x.tmp/target/debug/deps/libamplihack_signal-12b09c972d1bf694.rlib --extern amplihack_state=/tmp/cargo-mutants-amplihack-pr-YcCg5x.tmp/target/debug/deps/libamplihack_state-5bfc4593aa3c2735.rlib --extern amplihack_turn=/tmp/cargo-mutants-amplihack-pr-YcCg5x.tmp/target/debug/deps/libamplihack_turn-bf066a2c4d2d9785.rlib --extern amplihack_types=/tmp/cargo-mutants-amplihack-pr-YcCg5x.tmp/target/debug/deps/libamplihack_types-5aa2c2ee7df7bcf4.rlib --extern amplihack_utils=/tmp/cargo-mutants-amplihack-pr-YcCg5x.tmp/target/debug/deps/libamplihack_utils-08a9c706cfc82cac.rlib --extern amplihack_workflows=/tmp/cargo-mutants-amplihack-pr-YcCg5x.tmp/target/debug/deps/libamplihack_workflows-15e51595127c129b.rlib --extern anyhow=/tmp/cargo-mutants-amplihack-pr-YcCg5x.tmp/target/debug/deps/libanyhow-aaead62bc88b9429.rlib --extern assert_cmd=/tmp/cargo-mutants-amplihack-pr-YcCg5x.tmp/target/debug/deps/libassert_cmd-7a96199b9b843959.rlib --extern async_trait=/tmp/cargo-mutants-amplihack-pr-YcCg5x.tmp/target/debug/deps/libasync_trait-601d0c3ace375beb.so --extern chrono=/tmp/cargo-mutants-amplihack-pr-YcCg5x.tmp/target/debug/deps/libchrono-698d0514bedff45c.rlib --extern clap=/tmp/cargo-mutants-amplihack-pr-YcCg5x.tmp/target/debug/deps/libclap-0a08011544f8a5b8.rlib --extern clap_complete=/tmp/cargo-mutants-amplihack-pr-YcCg5x.tmp/target/debug/deps/libclap_complete-037496bed915a9d8.rlib --extern dialoguer=/tmp/cargo-mutants-amplihack-pr-YcCg5x.tmp/target/debug/deps/libdialoguer-701eb5d666153ef9.rlib --extern flate2=/tmp/cargo-mutants-amplihack-pr-YcCg5x.tmp/target/debug/deps/libflate2-c3906d7a8bde7622.rlib --extern fs4=/tmp/cargo-mutants-amplihack-pr-YcCg5x.tmp/target/debug/deps/libfs4-5b0e4af1974bf2a4.rlib --extern lbug=/tmp/cargo-mutants-amplihack-pr-YcCg5x.tmp/target/debug/deps/liblbug-59cfc3aac2014f89.rlib --extern libc=/tmp/cargo-mutants-amplihack-pr-YcCg5x.tmp/target/debug/deps/liblibc-4d73f44b645ff25b.rlib --extern lru=/tmp/cargo-mutants-amplihack-pr-YcCg5x.tmp/target/debug/deps/liblru-7e6e70a4ddd6b98d.rlib --extern prost=/tmp/cargo-mutants-amplihack-pr-YcCg5x.tmp/target/debug/deps/libprost-add16c9af461c9ee.rlib --extern regex=/tmp/cargo-mutants-amplihack-pr-YcCg5x.tmp/target/debug/deps/libregex-03ca1be4cec3c16d.rlib --extern rexpect=/tmp/cargo-mutants-amplihack-pr-YcCg5x.tmp/target/debug/deps/librexpect-5a0111470db11a54.rlib --extern rusqlite=/tmp/cargo-mutants-amplihack-pr-YcCg5x.tmp/target/debug/deps/librusqlite-90f542ebc6046a0d.rlib --extern semver=/tmp/cargo-mutants-amplihack-pr-YcCg5x.tmp/target/debug/deps/libsemver-d1ac1c952db7cf2d.rlib --extern serde=/tmp/cargo-mutants-amplihack-pr-YcCg5x.tmp/target/debug/deps/libserde-9862aaefd1081862.rlib --extern serde_json=/tmp/cargo-mutants-amplihack-pr-YcCg5x.tmp/target/debug/deps/libserde_json-061c00ff3e9853d1.rlib --extern serde_yaml=/tmp/cargo-mutants-amplihack-pr-YcCg5x.tmp/target/debug/deps/libserde_yaml-32f4debdc5c586ac.rlib --extern sha2=/tmp/cargo-mutants-amplihack-pr-YcCg5x.tmp/target/debug/deps/libsha2-9bd26e6f526c10f4.rlib --extern signal_hook=/tmp/cargo-mutants-amplihack-pr-YcCg5x.tmp/target/debug/deps/libsignal_hook-016995c66640b093.rlib --extern tar=/tmp/cargo-mutants-amplihack-pr-YcCg5x.tmp/target/debug/deps/libtar-739a95e6c50d0407.rlib --extern tempfile=/tmp/cargo-mutants-amplihack-pr-YcCg5x.tmp/target/debug/deps/libtempfile-5a176b43127bd653.rlib --extern thiserror=/tmp/cargo-mutants-amplihack-pr-YcCg5x.tmp/target/debug/deps/libthiserror-2e6c1412a455e99c.rlib --extern time=/tmp/cargo-mutants-amplihack-pr-YcCg5x.tmp/target/debug/deps/libtime-16367d88b56805ba.rlib --extern tokio=/tmp/cargo-mutants-amplihack-pr-YcCg5x.tmp/target/debug/deps/libtokio-72d59edba91c3e05.rlib --extern toml=/tmp/cargo-mutants-amplihack-pr-YcCg5x.tmp/target/debug/deps/libtoml-1a9bef83c37016d2.rlib --extern tracing=/tmp/cargo-mutants-amplihack-pr-YcCg5x.tmp/target/debug/deps/libtracing-c155b65c27f48072.rlib --extern tracing_subscriber=/tmp/cargo-mutants-amplihack-pr-YcCg5x.tmp/target/debug/deps/libtracing_subscriber-0a1c6037d6d0ddb6.rlib --extern ureq=/tmp/cargo-mutants-amplihack-pr-YcCg5x.tmp/target/debug/deps/libureq-a52054ce8bf46ff7.rlib --extern uuid=/tmp/cargo-mutants-amplihack-pr-YcCg5x.tmp/target/debug/deps/libuuid-d03d2fc21fd13b3e.rlib --extern zip=/tmp/cargo-mutants-amplihack-pr-YcCg5x.tmp/target/debug/deps/libzip-8228d34f1cec4b5d.rlib -L native=/tmp/cargo-mutants-amplihack-pr-YcCg5x.tmp/target/debug/build/lbug-c2061b4e8dfc1d6b/out/build/src -L native=/tmp/cargo-mutants-amplihack-pr-YcCg5x.tmp/target/debug/build/lbug-c2061b4e8dfc1d6b/out/build/third_party/utf8proc -L native=/tmp/cargo-mutants-amplihack-pr-YcCg5x.tmp/target/debug/build/lbug-c2061b4e8dfc1d6b/out/build/third_party/antlr4_cypher -L native=/tmp/cargo-mutants-amplihack-pr-YcCg5x.tmp/target/debug/build/lbug-c2061b4e8dfc1d6b/out/build/third_party/antlr4_runtime -L native=/tmp/cargo-mutants-amplihack-pr-YcCg5x.tmp/target/debug/build/lbug-c2061b4e8dfc1d6b/out/build/third_party/re2 -L native=/tmp/cargo-mutants-amplihack-pr-YcCg5x.tmp/target/debug/build/lbug-c2061b4e8dfc1d6b/out/build/third_party/brotli -L native=/tmp/cargo-mutants-amplihack-pr-YcCg5x.tmp/target/debug/build/lbug-c2061b4e8dfc1d6b/out/build/third_party/alp -L native=/tmp/cargo-mutants-amplihack-pr-YcCg5x.tmp/target/debug/build/lbug-c2061b4e8dfc1d6b/out/build/third_party/fastpfor -L native=/tmp/cargo-mutants-amplihack-pr-YcCg5x.tmp/target/debug/build/lbug-c2061b4e8dfc1d6b/out/build/third_party/parquet -L native=/tmp/cargo-mutants-amplihack-pr-YcCg5x.tmp/target/debug/build/lbug-c2061b4e8dfc1d6b/out/build/third_party/thrift -L native=/tmp/cargo-mutants-amplihack-pr-YcCg5x.tmp/target/debug/build/lbug-c2061b4e8dfc1d6b/out/build/third_party/snappy -L native=/tmp/cargo-mutants-amplihack-pr-YcCg5x.tmp/target/debug/build/lbug-c2061b4e8dfc1d6b/out/build/third_party/zstd -L native=/tmp/cargo-mutants-amplihack-pr-YcCg5x.tmp/target/debug/build/lbug-c2061b4e8dfc1d6b/out/build/third_party/miniz -L native=/tmp/cargo-mutants-amplihack-pr-YcCg5x.tmp/target/debug/build/lbug-c2061b4e8dfc1d6b/out/build/third_party/mbedtls -L native=/tmp/cargo-mutants-amplihack-pr-YcCg5x.tmp/target/debug/build/lbug-c2061b4e8dfc1d6b/out/build/third_party/lz4 -L native=/tmp/cargo-mutants-amplihack-pr-YcCg5x.tmp/target/debug/build/lbug-c2061b4e8dfc1d6b/out/build/third_party/roaring_bitmap -L native=/tmp/cargo-mutants-amplihack-pr-YcCg5x.tmp/target/debug/build/lbug-c2061b4e8dfc1d6b/out/build/third_party/simsimd -L native=/tmp/cargo-mutants-amplihack-pr-YcCg5x.tmp/target/debug/build/lbug-c2061b4e8dfc1d6b/out/build/third_party/yyjson -L native=/tmp/cargo-mutants-amplihack-pr-YcCg5x.tmp/target/debug/build/lbug-c2061b4e8dfc1d6b/out -L native=/tmp/cargo-mutants-amplihack-pr-YcCg5x.tmp/target/debug/build/cxx-3dafb46d76064c7e/out -L native=/tmp/cargo-mutants-amplihack-pr-YcCg5x.tmp/target/debug/build/link-cplusplus-99e4942e4cf65b7c/out -L native=/tmp/cargo-mutants-amplihack-pr-YcCg5x.tmp/target/debug/build/libsqlite3-sys-f4dcd415928f89cb/out -L native=/tmp/cargo-mutants-amplihack-pr-YcCg5x.tmp/target/debug/build/ring-439005edc122cf5b/out`
     Running `/home/azureuser/.rustup/toolchains/1.97.0-x86_64-unknown-linux-gnu/bin/rustc --crate-name doctor_prompt_delivery --edition=2024 crates/amplihack-cli/tests/doctor_prompt_delivery.rs --error-format=json --json=diagnostic-rendered-ansi,artifacts,future-incompat --emit=dep-info,link -C embed-bitcode=no -C debuginfo=line-tables-only --warn=unexpected_cfgs --check-cfg 'cfg(kani)' --test --cfg 'feature="default"' --check-cfg 'cfg(docsrs,test)' --check-cfg 'cfg(feature, values("default", "signal", "test-support"))' -C metadata=6934d7f499893bc0 -C extra-filename=-2f4883960a0374c9 --out-dir /tmp/cargo-mutants-amplihack-pr-YcCg5x.tmp/target/debug/deps -C incremental=/tmp/cargo-mutants-amplihack-pr-YcCg5x.tmp/target/debug/incremental -L dependency=/tmp/cargo-mutants-amplihack-pr-YcCg5x.tmp/target/debug/deps --extern amplihack_builders=/tmp/cargo-mutants-amplihack-pr-YcCg5x.tmp/target/debug/deps/libamplihack_builders-03993fac7567dfac.rlib --extern amplihack_cli=/tmp/cargo-mutants-amplihack-pr-YcCg5x.tmp/target/debug/deps/libamplihack_cli-29d762ce3c0fd35c.rlib --extern amplihack_hive=/tmp/cargo-mutants-amplihack-pr-YcCg5x.tmp/target/debug/deps/libamplihack_hive-7dcf48bdaeaf754c.rlib --extern amplihack_launcher=/tmp/cargo-mutants-amplihack-pr-YcCg5x.tmp/target/debug/deps/libamplihack_launcher-a0b196619987966a.rlib --extern amplihack_memory=/tmp/cargo-mutants-amplihack-pr-YcCg5x.tmp/target/debug/deps/libamplihack_memory-52ac4db15a775e5a.rlib --extern amplihack_orchestration=/tmp/cargo-mutants-amplihack-pr-YcCg5x.tmp/target/debug/deps/libamplihack_orchestration-ed20700a2c166be7.rlib --extern amplihack_reflection=/tmp/cargo-mutants-amplihack-pr-YcCg5x.tmp/target/debug/deps/libamplihack_reflection-9fc868256a9530da.rlib --extern amplihack_remote=/tmp/cargo-mutants-amplihack-pr-YcCg5x.tmp/target/debug/deps/libamplihack_remote-bda9eaf1668cac2f.rlib --extern amplihack_signal=/tmp/cargo-mutants-amplihack-pr-YcCg5x.tmp/target/debug/deps/libamplihack_signal-12b09c972d1bf694.rlib --extern amplihack_state=/tmp/cargo-mutants-amplihack-pr-YcCg5x.tmp/target/debug/deps/libamplihack_state-5bfc4593aa3c2735.rlib --extern amplihack_turn=/tmp/cargo-mutants-amplihack-pr-YcCg5x.tmp/target/debug/deps/libamplihack_turn-bf066a2c4d2d9785.rlib --extern amplihack_types=/tmp/cargo-mutants-amplihack-pr-YcCg5x.tmp/target/debug/deps/libamplihack_types-5aa2c2ee7df7bcf4.rlib --extern amplihack_utils=/tmp/cargo-mutants-amplihack-pr-YcCg5x.tmp/target/debug/deps/libamplihack_utils-08a9c706cfc82cac.rlib --extern amplihack_workflows=/tmp/cargo-mutants-amplihack-pr-YcCg5x.tmp/target/debug/deps/libamplihack_workflows-15e51595127c129b.rlib --extern anyhow=/tmp/cargo-mutants-amplihack-pr-YcCg5x.tmp/target/debug/deps/libanyhow-aaead62bc88b9429.rlib --extern assert_cmd=/tmp/cargo-mutants-amplihack-pr-YcCg5x.tmp/target/debug/deps/libassert_cmd-7a96199b9b843959.rlib --extern async_trait=/tmp/cargo-mutants-amplihack-pr-YcCg5x.tmp/target/debug/deps/libasync_trait-601d0c3ace375beb.so --extern chrono=/tmp/cargo-mutants-amplihack-pr-YcCg5x.tmp/target/debug/deps/libchrono-698d0514bedff45c.rlib --extern clap=/tmp/cargo-mutants-amplihack-pr-YcCg5x.tmp/target/debug/deps/libclap-0a08011544f8a5b8.rlib --extern clap_complete=/tmp/cargo-mutants-amplihack-pr-YcCg5x.tmp/target/debug/deps/libclap_complete-037496bed915a9d8.rlib --extern dialoguer=/tmp/cargo-mutants-amplihack-pr-YcCg5x.tmp/target/debug/deps/libdialoguer-701eb5d666153ef9.rlib --extern flate2=/tmp/cargo-mutants-amplihack-pr-YcCg5x.tmp/target/debug/deps/libflate2-c3906d7a8bde7622.rlib --extern fs4=/tmp/cargo-mutants-amplihack-pr-YcCg5x.tmp/target/debug/deps/libfs4-5b0e4af1974bf2a4.rlib --extern lbug=/tmp/cargo-mutants-amplihack-pr-YcCg5x.tmp/target/debug/deps/liblbug-59cfc3aac2014f89.rlib --extern libc=/tmp/cargo-mutants-amplihack-pr-YcCg5x.tmp/target/debug/deps/liblibc-4d73f44b645ff25b.rlib --extern lru=/tmp/cargo-mutants-amplihack-pr-YcCg5x.tmp/target/debug/deps/liblru-7e6e70a4ddd6b98d.rlib --extern prost=/tmp/cargo-mutants-amplihack-pr-YcCg5x.tmp/target/debug/deps/libprost-add16c9af461c9ee.rlib --extern regex=/tmp/cargo-mutants-amplihack-pr-YcCg5x.tmp/target/debug/deps/libregex-03ca1be4cec3c16d.rlib --extern rexpect=/tmp/cargo-mutants-amplihack-pr-YcCg5x.tmp/target/debug/deps/librexpect-5a0111470db11a54.rlib --extern rusqlite=/tmp/cargo-mutants-amplihack-pr-YcCg5x.tmp/target/debug/deps/librusqlite-90f542ebc6046a0d.rlib --extern semver=/tmp/cargo-mutants-amplihack-pr-YcCg5x.tmp/target/debug/deps/libsemver-d1ac1c952db7cf2d.rlib --extern serde=/tmp/cargo-mutants-amplihack-pr-YcCg5x.tmp/target/debug/deps/libserde-9862aaefd1081862.rlib --extern serde_json=/tmp/cargo-mutants-amplihack-pr-YcCg5x.tmp/target/debug/deps/libserde_json-061c00ff3e9853d1.rlib --extern serde_yaml=/tmp/cargo-mutants-amplihack-pr-YcCg5x.tmp/target/debug/deps/libserde_yaml-32f4debdc5c586ac.rlib --extern sha2=/tmp/cargo-mutants-amplihack-pr-YcCg5x.tmp/target/debug/deps/libsha2-9bd26e6f526c10f4.rlib --extern signal_hook=/tmp/cargo-mutants-amplihack-pr-YcCg5x.tmp/target/debug/deps/libsignal_hook-016995c66640b093.rlib --extern tar=/tmp/cargo-mutants-amplihack-pr-YcCg5x.tmp/target/debug/deps/libtar-739a95e6c50d0407.rlib --extern tempfile=/tmp/cargo-mutants-amplihack-pr-YcCg5x.tmp/target/debug/deps/libtempfile-5a176b43127bd653.rlib --extern thiserror=/tmp/cargo-mutants-amplihack-pr-YcCg5x.tmp/target/debug/deps/libthiserror-2e6c1412a455e99c.rlib --extern time=/tmp/cargo-mutants-amplihack-pr-YcCg5x.tmp/target/debug/deps/libtime-16367d88b56805ba.rlib --extern tokio=/tmp/cargo-mutants-amplihack-pr-YcCg5x.tmp/target/debug/deps/libtokio-72d59edba91c3e05.rlib --extern toml=/tmp/cargo-mutants-amplihack-pr-YcCg5x.tmp/target/debug/deps/libtoml-1a9bef83c37016d2.rlib --extern tracing=/tmp/cargo-mutants-amplihack-pr-YcCg5x.tmp/target/debug/deps/libtracing-c155b65c27f48072.rlib --extern tracing_subscriber=/tmp/cargo-mutants-amplihack-pr-YcCg5x.tmp/target/debug/deps/libtracing_subscriber-0a1c6037d6d0ddb6.rlib --extern ureq=/tmp/cargo-mutants-amplihack-pr-YcCg5x.tmp/target/debug/deps/libureq-a52054ce8bf46ff7.rlib --extern uuid=/tmp/cargo-mutants-amplihack-pr-YcCg5x.tmp/target/debug/deps/libuuid-d03d2fc21fd13b3e.rlib --extern zip=/tmp/cargo-mutants-amplihack-pr-YcCg5x.tmp/target/debug/deps/libzip-8228d34f1cec4b5d.rlib -L native=/tmp/cargo-mutants-amplihack-pr-YcCg5x.tmp/target/debug/build/lbug-c2061b4e8dfc1d6b/out/build/src -L native=/tmp/cargo-mutants-amplihack-pr-YcCg5x.tmp/target/debug/build/lbug-c2061b4e8dfc1d6b/out/build/third_party/utf8proc -L native=/tmp/cargo-mutants-amplihack-pr-YcCg5x.tmp/target/debug/build/lbug-c2061b4e8dfc1d6b/out/build/third_party/antlr4_cypher -L native=/tmp/cargo-mutants-amplihack-pr-YcCg5x.tmp/target/debug/build/lbug-c2061b4e8dfc1d6b/out/build/third_party/antlr4_runtime -L native=/tmp/cargo-mutants-amplihack-pr-YcCg5x.tmp/target/debug/build/lbug-c2061b4e8dfc1d6b/out/build/third_party/re2 -L native=/tmp/cargo-mutants-amplihack-pr-YcCg5x.tmp/target/debug/build/lbug-c2061b4e8dfc1d6b/out/build/third_party/brotli -L native=/tmp/cargo-mutants-amplihack-pr-YcCg5x.tmp/target/debug/build/lbug-c2061b4e8dfc1d6b/out/build/third_party/alp -L native=/tmp/cargo-mutants-amplihack-pr-YcCg5x.tmp/target/debug/build/lbug-c2061b4e8dfc1d6b/out/build/third_party/fastpfor -L native=/tmp/cargo-mutants-amplihack-pr-YcCg5x.tmp/target/debug/build/lbug-c2061b4e8dfc1d6b/out/build/third_party/parquet -L native=/tmp/cargo-mutants-amplihack-pr-YcCg5x.tmp/target/debug/build/lbug-c2061b4e8dfc1d6b/out/build/third_party/thrift -L native=/tmp/cargo-mutants-amplihack-pr-YcCg5x.tmp/target/debug/build/lbug-c2061b4e8dfc1d6b/out/build/third_party/snappy -L native=/tmp/cargo-mutants-amplihack-pr-YcCg5x.tmp/target/debug/build/lbug-c2061b4e8dfc1d6b/out/build/third_party/zstd -L native=/tmp/cargo-mutants-amplihack-pr-YcCg5x.tmp/target/debug/build/lbug-c2061b4e8dfc1d6b/out/build/third_party/miniz -L native=/tmp/cargo-mutants-amplihack-pr-YcCg5x.tmp/target/debug/build/lbug-c2061b4e8dfc1d6b/out/build/third_party/mbedtls -L native=/tmp/cargo-mutants-amplihack-pr-YcCg5x.tmp/target/debug/build/lbug-c2061b4e8dfc1d6b/out/build/third_party/lz4 -L native=/tmp/cargo-mutants-amplihack-pr-YcCg5x.tmp/target/debug/build/lbug-c2061b4e8dfc1d6b/out/build/third_party/roaring_bitmap -L native=/tmp/cargo-mutants-amplihack-pr-YcCg5x.tmp/target/debug/build/lbug-c2061b4e8dfc1d6b/out/build/third_party/simsimd -L native=/tmp/cargo-mutants-amplihack-pr-YcCg5x.tmp/target/debug/build/lbug-c2061b4e8dfc1d6b/out/build/third_party/yyjson -L native=/tmp/cargo-mutants-amplihack-pr-YcCg5x.tmp/target/debug/build/lbug-c2061b4e8dfc1d6b/out -L native=/tmp/cargo-mutants-amplihack-pr-YcCg5x.tmp/target/debug/build/cxx-3dafb46d76064c7e/out -L native=/tmp/cargo-mutants-amplihack-pr-YcCg5x.tmp/target/debug/build/link-cplusplus-99e4942e4cf65b7c/out -L native=/tmp/cargo-mutants-amplihack-pr-YcCg5x.tmp/target/debug/build/libsqlite3-sys-f4dcd415928f89cb/out -L native=/tmp/cargo-mutants-amplihack-pr-YcCg5x.tmp/target/debug/build/ring-439005edc122cf5b/out`
     Running `/home/azureuser/.rustup/toolchains/1.97.0-x86_64-unknown-linux-gnu/bin/rustc --crate-name signal_endpoint_validator_parity --edition=2024 crates/amplihack-cli/tests/signal_endpoint_validator_parity.rs --error-format=json --json=diagnostic-rendered-ansi,artifacts,future-incompat --emit=dep-info,link -C embed-bitcode=no -C debuginfo=line-tables-only --warn=unexpected_cfgs --check-cfg 'cfg(kani)' --test --cfg 'feature="default"' --check-cfg 'cfg(docsrs,test)' --check-cfg 'cfg(feature, values("default", "signal", "test-support"))' -C metadata=aba505df08641fa6 -C extra-filename=-60fdbaa9a7a1ce70 --out-dir /tmp/cargo-mutants-amplihack-pr-YcCg5x.tmp/target/debug/deps -C incremental=/tmp/cargo-mutants-amplihack-pr-YcCg5x.tmp/target/debug/incremental -L dependency=/tmp/cargo-mutants-amplihack-pr-YcCg5x.tmp/target/debug/deps --extern amplihack_builders=/tmp/cargo-mutants-amplihack-pr-YcCg5x.tmp/target/debug/deps/libamplihack_builders-03993fac7567dfac.rlib --extern amplihack_cli=/tmp/cargo-mutants-amplihack-pr-YcCg5x.tmp/target/debug/deps/libamplihack_cli-29d762ce3c0fd35c.rlib --extern amplihack_hive=/tmp/cargo-mutants-amplihack-pr-YcCg5x.tmp/target/debug/deps/libamplihack_hive-7dcf48bdaeaf754c.rlib --extern amplihack_launcher=/tmp/cargo-mutants-amplihack-pr-YcCg5x.tmp/target/debug/deps/libamplihack_launcher-a0b196619987966a.rlib --extern amplihack_memory=/tmp/cargo-mutants-amplihack-pr-YcCg5x.tmp/target/debug/deps/libamplihack_memory-52ac4db15a775e5a.rlib --extern amplihack_orchestration=/tmp/cargo-mutants-amplihack-pr-YcCg5x.tmp/target/debug/deps/libamplihack_orchestration-ed20700a2c166be7.rlib --extern amplihack_reflection=/tmp/cargo-mutants-amplihack-pr-YcCg5x.tmp/target/debug/deps/libamplihack_reflection-9fc868256a9530da.rlib --extern amplihack_remote=/tmp/cargo-mutants-amplihack-pr-YcCg5x.tmp/target/debug/deps/libamplihack_remote-bda9eaf1668cac2f.rlib --extern amplihack_signal=/tmp/cargo-mutants-amplihack-pr-YcCg5x.tmp/target/debug/deps/libamplihack_signal-12b09c972d1bf694.rlib --extern amplihack_state=/tmp/cargo-mutants-amplihack-pr-YcCg5x.tmp/target/debug/deps/libamplihack_state-5bfc4593aa3c2735.rlib --extern amplihack_turn=/tmp/cargo-mutants-amplihack-pr-YcCg5x.tmp/target/debug/deps/libamplihack_turn-bf066a2c4d2d9785.rlib --extern amplihack_types=/tmp/cargo-mutants-amplihack-pr-YcCg5x.tmp/target/debug/deps/libamplihack_types-5aa2c2ee7df7bcf4.rlib --extern amplihack_utils=/tmp/cargo-mutants-amplihack-pr-YcCg5x.tmp/target/debug/deps/libamplihack_utils-08a9c706cfc82cac.rlib --extern amplihack_workflows=/tmp/cargo-mutants-amplihack-pr-YcCg5x.tmp/target/debug/deps/libamplihack_workflows-15e51595127c129b.rlib --extern anyhow=/tmp/cargo-mutants-amplihack-pr-YcCg5x.tmp/target/debug/deps/libanyhow-aaead62bc88b9429.rlib --extern assert_cmd=/tmp/cargo-mutants-amplihack-pr-YcCg5x.tmp/target/debug/deps/libassert_cmd-7a96199b9b843959.rlib --extern async_trait=/tmp/cargo-mutants-amplihack-pr-YcCg5x.tmp/target/debug/deps/libasync_trait-601d0c3ace375beb.so --extern chrono=/tmp/cargo-mutants-amplihack-pr-YcCg5x.tmp/target/debug/deps/libchrono-698d0514bedff45c.rlib --extern clap=/tmp/cargo-mutants-amplihack-pr-YcCg5x.tmp/target/debug/deps/libclap-0a08011544f8a5b8.rlib --extern clap_complete=/tmp/cargo-mutants-amplihack-pr-YcCg5x.tmp/target/debug/deps/libclap_complete-037496bed915a9d8.rlib --extern dialoguer=/tmp/cargo-mutants-amplihack-pr-YcCg5x.tmp/target/debug/deps/libdialoguer-701eb5d666153ef9.rlib --extern flate2=/tmp/cargo-mutants-amplihack-pr-YcCg5x.tmp/target/debug/deps/libflate2-c3906d7a8bde7622.rlib --extern fs4=/tmp/cargo-mutants-amplihack-pr-YcCg5x.tmp/target/debug/deps/libfs4-5b0e4af1974bf2a4.rlib --extern lbug=/tmp/cargo-mutants-amplihack-pr-YcCg5x.tmp/target/debug/deps/liblbug-59cfc3aac2014f89.rlib --extern libc=/tmp/cargo-mutants-amplihack-pr-YcCg5x.tmp/target/debug/deps/liblibc-4d73f44b645ff25b.rlib --extern lru=/tmp/cargo-mutants-amplihack-pr-YcCg5x.tmp/target/debug/deps/liblru-7e6e70a4ddd6b98d.rlib --extern prost=/tmp/cargo-mutants-amplihack-pr-YcCg5x.tmp/target/debug/deps/libprost-add16c9af461c9ee.rlib --extern regex=/tmp/cargo-mutants-amplihack-pr-YcCg5x.tmp/target/debug/deps/libregex-03ca1be4cec3c16d.rlib --extern rexpect=/tmp/cargo-mutants-amplihack-pr-YcCg5x.tmp/target/debug/deps/librexpect-5a0111470db11a54.rlib --extern rusqlite=/tmp/cargo-mutants-amplihack-pr-YcCg5x.tmp/target/debug/deps/librusqlite-90f542ebc6046a0d.rlib --extern semver=/tmp/cargo-mutants-amplihack-pr-YcCg5x.tmp/target/debug/deps/libsemver-d1ac1c952db7cf2d.rlib --extern serde=/tmp/cargo-mutants-amplihack-pr-YcCg5x.tmp/target/debug/deps/libserde-9862aaefd1081862.rlib --extern serde_json=/tmp/cargo-mutants-amplihack-pr-YcCg5x.tmp/target/debug/deps/libserde_json-061c00ff3e9853d1.rlib --extern serde_yaml=/tmp/cargo-mutants-amplihack-pr-YcCg5x.tmp/target/debug/deps/libserde_yaml-32f4debdc5c586ac.rlib --extern sha2=/tmp/cargo-mutants-amplihack-pr-YcCg5x.tmp/target/debug/deps/libsha2-9bd26e6f526c10f4.rlib --extern signal_hook=/tmp/cargo-mutants-amplihack-pr-YcCg5x.tmp/target/debug/deps/libsignal_hook-016995c66640b093.rlib --extern tar=/tmp/cargo-mutants-amplihack-pr-YcCg5x.tmp/target/debug/deps/libtar-739a95e6c50d0407.rlib --extern tempfile=/tmp/cargo-mutants-amplihack-pr-YcCg5x.tmp/target/debug/deps/libtempfile-5a176b43127bd653.rlib --extern thiserror=/tmp/cargo-mutants-amplihack-pr-YcCg5x.tmp/target/debug/deps/libthiserror-2e6c1412a455e99c.rlib --extern time=/tmp/cargo-mutants-amplihack-pr-YcCg5x.tmp/target/debug/deps/libtime-16367d88b56805ba.rlib --extern tokio=/tmp/cargo-mutants-amplihack-pr-YcCg5x.tmp/target/debug/deps/libtokio-72d59edba91c3e05.rlib --extern toml=/tmp/cargo-mutants-amplihack-pr-YcCg5x.tmp/target/debug/deps/libtoml-1a9bef83c37016d2.rlib --extern tracing=/tmp/cargo-mutants-amplihack-pr-YcCg5x.tmp/target/debug/deps/libtracing-c155b65c27f48072.rlib --extern tracing_subscriber=/tmp/cargo-mutants-amplihack-pr-YcCg5x.tmp/target/debug/deps/libtracing_subscriber-0a1c6037d6d0ddb6.rlib --extern ureq=/tmp/cargo-mutants-amplihack-pr-YcCg5x.tmp/target/debug/deps/libureq-a52054ce8bf46ff7.rlib --extern uuid=/tmp/cargo-mutants-amplihack-pr-YcCg5x.tmp/target/debug/deps/libuuid-d03d2fc21fd13b3e.rlib --extern zip=/tmp/cargo-mutants-amplihack-pr-YcCg5x.tmp/target/debug/deps/libzip-8228d34f1cec4b5d.rlib -L native=/tmp/cargo-mutants-amplihack-pr-YcCg5x.tmp/target/debug/build/lbug-c2061b4e8dfc1d6b/out/build/src -L native=/tmp/cargo-mutants-amplihack-pr-YcCg5x.tmp/target/debug/build/lbug-c2061b4e8dfc1d6b/out/build/third_party/utf8proc -L native=/tmp/cargo-mutants-amplihack-pr-YcCg5x.tmp/target/debug/build/lbug-c2061b4e8dfc1d6b/out/build/third_party/antlr4_cypher -L native=/tmp/cargo-mutants-amplihack-pr-YcCg5x.tmp/target/debug/build/lbug-c2061b4e8dfc1d6b/out/build/third_party/antlr4_runtime -L native=/tmp/cargo-mutants-amplihack-pr-YcCg5x.tmp/target/debug/build/lbug-c2061b4e8dfc1d6b/out/build/third_party/re2 -L native=/tmp/cargo-mutants-amplihack-pr-YcCg5x.tmp/target/debug/build/lbug-c2061b4e8dfc1d6b/out/build/third_party/brotli -L native=/tmp/cargo-mutants-amplihack-pr-YcCg5x.tmp/target/debug/build/lbug-c2061b4e8dfc1d6b/out/build/third_party/alp -L native=/tmp/cargo-mutants-amplihack-pr-YcCg5x.tmp/target/debug/build/lbug-c2061b4e8dfc1d6b/out/build/third_party/fastpfor -L native=/tmp/cargo-mutants-amplihack-pr-YcCg5x.tmp/target/debug/build/lbug-c2061b4e8dfc1d6b/out/build/third_party/parquet -L native=/tmp/cargo-mutants-amplihack-pr-YcCg5x.tmp/target/debug/build/lbug-c2061b4e8dfc1d6b/out/build/third_party/thrift -L native=/tmp/cargo-mutants-amplihack-pr-YcCg5x.tmp/target/debug/build/lbug-c2061b4e8dfc1d6b/out/build/third_party/snappy -L native=/tmp/cargo-mutants-amplihack-pr-YcCg5x.tmp/target/debug/build/lbug-c2061b4e8dfc1d6b/out/build/third_party/zstd -L native=/tmp/cargo-mutants-amplihack-pr-YcCg5x.tmp/target/debug/build/lbug-c2061b4e8dfc1d6b/out/build/third_party/miniz -L native=/tmp/cargo-mutants-amplihack-pr-YcCg5x.tmp/target/debug/build/lbug-c2061b4e8dfc1d6b/out/build/third_party/mbedtls -L native=/tmp/cargo-mutants-amplihack-pr-YcCg5x.tmp/target/debug/build/lbug-c2061b4e8dfc1d6b/out/build/third_party/lz4 -L native=/tmp/cargo-mutants-amplihack-pr-YcCg5x.tmp/target/debug/build/lbug-c2061b4e8dfc1d6b/out/build/third_party/roaring_bitmap -L native=/tmp/cargo-mutants-amplihack-pr-YcCg5x.tmp/target/debug/build/lbug-c2061b4e8dfc1d6b/out/build/third_party/simsimd -L native=/tmp/cargo-mutants-amplihack-pr-YcCg5x.tmp/target/debug/build/lbug-c2061b4e8dfc1d6b/out/build/third_party/yyjson -L native=/tmp/cargo-mutants-amplihack-pr-YcCg5x.tmp/target/debug/build/lbug-c2061b4e8dfc1d6b/out -L native=/tmp/cargo-mutants-amplihack-pr-YcCg5x.tmp/target/debug/build/cxx-3dafb46d76064c7e/out -L native=/tmp/cargo-mutants-amplihack-pr-YcCg5x.tmp/target/debug/build/link-cplusplus-99e4942e4cf65b7c/out -L native=/tmp/cargo-mutants-amplihack-pr-YcCg5x.tmp/target/debug/build/libsqlite3-sys-f4dcd415928f89cb/out -L native=/tmp/cargo-mutants-amplihack-pr-YcCg5x.tmp/target/debug/build/ring-439005edc122cf5b/out`
     Running `/home/azureuser/.rustup/toolchains/1.97.0-x86_64-unknown-linux-gnu/bin/rustc --crate-name signal_validator_parity --edition=2024 crates/amplihack-cli/tests/signal_validator_parity.rs --error-format=json --json=diagnostic-rendered-ansi,artifacts,future-incompat --emit=dep-info,link -C embed-bitcode=no -C debuginfo=line-tables-only --warn=unexpected_cfgs --check-cfg 'cfg(kani)' --test --cfg 'feature="default"' --check-cfg 'cfg(docsrs,test)' --check-cfg 'cfg(feature, values("default", "signal", "test-support"))' -C metadata=c4232e3aa5ae6b15 -C extra-filename=-7b0a006498486631 --out-dir /tmp/cargo-mutants-amplihack-pr-YcCg5x.tmp/target/debug/deps -C incremental=/tmp/cargo-mutants-amplihack-pr-YcCg5x.tmp/target/debug/incremental -L dependency=/tmp/cargo-mutants-amplihack-pr-YcCg5x.tmp/target/debug/deps --extern amplihack_builders=/tmp/cargo-mutants-amplihack-pr-YcCg5x.tmp/target/debug/deps/libamplihack_builders-03993fac7567dfac.rlib --extern amplihack_cli=/tmp/cargo-mutants-amplihack-pr-YcCg5x.tmp/target/debug/deps/libamplihack_cli-29d762ce3c0fd35c.rlib --extern amplihack_hive=/tmp/cargo-mutants-amplihack-pr-YcCg5x.tmp/target/debug/deps/libamplihack_hive-7dcf48bdaeaf754c.rlib --extern amplihack_launcher=/tmp/cargo-mutants-amplihack-pr-YcCg5x.tmp/target/debug/deps/libamplihack_launcher-a0b196619987966a.rlib --extern amplihack_memory=/tmp/cargo-mutants-amplihack-pr-YcCg5x.tmp/target/debug/deps/libamplihack_memory-52ac4db15a775e5a.rlib --extern amplihack_orchestration=/tmp/cargo-mutants-amplihack-pr-YcCg5x.tmp/target/debug/deps/libamplihack_orchestration-ed20700a2c166be7.rlib --extern amplihack_reflection=/tmp/cargo-mutants-amplihack-pr-YcCg5x.tmp/target/debug/deps/libamplihack_reflection-9fc868256a9530da.rlib --extern amplihack_remote=/tmp/cargo-mutants-amplihack-pr-YcCg5x.tmp/target/debug/deps/libamplihack_remote-bda9eaf1668cac2f.rlib --extern amplihack_signal=/tmp/cargo-mutants-amplihack-pr-YcCg5x.tmp/target/debug/deps/libamplihack_signal-12b09c972d1bf694.rlib --extern amplihack_state=/tmp/cargo-mutants-amplihack-pr-YcCg5x.tmp/target/debug/deps/libamplihack_state-5bfc4593aa3c2735.rlib --extern amplihack_turn=/tmp/cargo-mutants-amplihack-pr-YcCg5x.tmp/target/debug/deps/libamplihack_turn-bf066a2c4d2d9785.rlib --extern amplihack_types=/tmp/cargo-mutants-amplihack-pr-YcCg5x.tmp/target/debug/deps/libamplihack_types-5aa2c2ee7df7bcf4.rlib --extern amplihack_utils=/tmp/cargo-mutants-amplihack-pr-YcCg5x.tmp/target/debug/deps/libamplihack_utils-08a9c706cfc82cac.rlib --extern amplihack_workflows=/tmp/cargo-mutants-amplihack-pr-YcCg5x.tmp/target/debug/deps/libamplihack_workflows-15e51595127c129b.rlib --extern anyhow=/tmp/cargo-mutants-amplihack-pr-YcCg5x.tmp/target/debug/deps/libanyhow-aaead62bc88b9429.rlib --extern assert_cmd=/tmp/cargo-mutants-amplihack-pr-YcCg5x.tmp/target/debug/deps/libassert_cmd-7a96199b9b843959.rlib --extern async_trait=/tmp/cargo-mutants-amplihack-pr-YcCg5x.tmp/target/debug/deps/libasync_trait-601d0c3ace375beb.so --extern chrono=/tmp/cargo-mutants-amplihack-pr-YcCg5x.tmp/target/debug/deps/libchrono-698d0514bedff45c.rlib --extern clap=/tmp/cargo-mutants-amplihack-pr-YcCg5x.tmp/target/debug/deps/libclap-0a08011544f8a5b8.rlib --extern clap_complete=/tmp/cargo-mutants-amplihack-pr-YcCg5x.tmp/target/debug/deps/libclap_complete-037496bed915a9d8.rlib --extern dialoguer=/tmp/cargo-mutants-amplihack-pr-YcCg5x.tmp/target/debug/deps/libdialoguer-701eb5d666153ef9.rlib --extern flate2=/tmp/cargo-mutants-amplihack-pr-YcCg5x.tmp/target/debug/deps/libflate2-c3906d7a8bde7622.rlib --extern fs4=/tmp/cargo-mutants-amplihack-pr-YcCg5x.tmp/target/debug/deps/libfs4-5b0e4af1974bf2a4.rlib --extern lbug=/tmp/cargo-mutants-amplihack-pr-YcCg5x.tmp/target/debug/deps/liblbug-59cfc3aac2014f89.rlib --extern libc=/tmp/cargo-mutants-amplihack-pr-YcCg5x.tmp/target/debug/deps/liblibc-4d73f44b645ff25b.rlib --extern lru=/tmp/cargo-mutants-amplihack-pr-YcCg5x.tmp/target/debug/deps/liblru-7e6e70a4ddd6b98d.rlib --extern prost=/tmp/cargo-mutants-amplihack-pr-YcCg5x.tmp/target/debug/deps/libprost-add16c9af461c9ee.rlib --extern regex=/tmp/cargo-mutants-amplihack-pr-YcCg5x.tmp/target/debug/deps/libregex-03ca1be4cec3c16d.rlib --extern rexpect=/tmp/cargo-mutants-amplihack-pr-YcCg5x.tmp/target/debug/deps/librexpect-5a0111470db11a54.rlib --extern rusqlite=/tmp/cargo-mutants-amplihack-pr-YcCg5x.tmp/target/debug/deps/librusqlite-90f542ebc6046a0d.rlib --extern semver=/tmp/cargo-mutants-amplihack-pr-YcCg5x.tmp/target/debug/deps/libsemver-d1ac1c952db7cf2d.rlib --extern serde=/tmp/cargo-mutants-amplihack-pr-YcCg5x.tmp/target/debug/deps/libserde-9862aaefd1081862.rlib --extern serde_json=/tmp/cargo-mutants-amplihack-pr-YcCg5x.tmp/target/debug/deps/libserde_json-061c00ff3e9853d1.rlib --extern serde_yaml=/tmp/cargo-mutants-amplihack-pr-YcCg5x.tmp/target/debug/deps/libserde_yaml-32f4debdc5c586ac.rlib --extern sha2=/tmp/cargo-mutants-amplihack-pr-YcCg5x.tmp/target/debug/deps/libsha2-9bd26e6f526c10f4.rlib --extern signal_hook=/tmp/cargo-mutants-amplihack-pr-YcCg5x.tmp/target/debug/deps/libsignal_hook-016995c66640b093.rlib --extern tar=/tmp/cargo-mutants-amplihack-pr-YcCg5x.tmp/target/debug/deps/libtar-739a95e6c50d0407.rlib --extern tempfile=/tmp/cargo-mutants-amplihack-pr-YcCg5x.tmp/target/debug/deps/libtempfile-5a176b43127bd653.rlib --extern thiserror=/tmp/cargo-mutants-amplihack-pr-YcCg5x.tmp/target/debug/deps/libthiserror-2e6c1412a455e99c.rlib --extern time=/tmp/cargo-mutants-amplihack-pr-YcCg5x.tmp/target/debug/deps/libtime-16367d88b56805ba.rlib --extern tokio=/tmp/cargo-mutants-amplihack-pr-YcCg5x.tmp/target/debug/deps/libtokio-72d59edba91c3e05.rlib --extern toml=/tmp/cargo-mutants-amplihack-pr-YcCg5x.tmp/target/debug/deps/libtoml-1a9bef83c37016d2.rlib --extern tracing=/tmp/cargo-mutants-amplihack-pr-YcCg5x.tmp/target/debug/deps/libtracing-c155b65c27f48072.rlib --extern tracing_subscriber=/tmp/cargo-mutants-amplihack-pr-YcCg5x.tmp/target/debug/deps/libtracing_subscriber-0a1c6037d6d0ddb6.rlib --extern ureq=/tmp/cargo-mutants-amplihack-pr-YcCg5x.tmp/target/debug/deps/libureq-a52054ce8bf46ff7.rlib --extern uuid=/tmp/cargo-mutants-amplihack-pr-YcCg5x.tmp/target/debug/deps/libuuid-d03d2fc21fd13b3e.rlib --extern zip=/tmp/cargo-mutants-amplihack-pr-YcCg5x.tmp/target/debug/deps/libzip-8228d34f1cec4b5d.rlib -L native=/tmp/cargo-mutants-amplihack-pr-YcCg5x.tmp/target/debug/build/lbug-c2061b4e8dfc1d6b/out/build/src -L native=/tmp/cargo-mutants-amplihack-pr-YcCg5x.tmp/target/debug/build/lbug-c2061b4e8dfc1d6b/out/build/third_party/utf8proc -L native=/tmp/cargo-mutants-amplihack-pr-YcCg5x.tmp/target/debug/build/lbug-c2061b4e8dfc1d6b/out/build/third_party/antlr4_cypher -L native=/tmp/cargo-mutants-amplihack-pr-YcCg5x.tmp/target/debug/build/lbug-c2061b4e8dfc1d6b/out/build/third_party/antlr4_runtime -L native=/tmp/cargo-mutants-amplihack-pr-YcCg5x.tmp/target/debug/build/lbug-c2061b4e8dfc1d6b/out/build/third_party/re2 -L native=/tmp/cargo-mutants-amplihack-pr-YcCg5x.tmp/target/debug/build/lbug-c2061b4e8dfc1d6b/out/build/third_party/brotli -L native=/tmp/cargo-mutants-amplihack-pr-YcCg5x.tmp/target/debug/build/lbug-c2061b4e8dfc1d6b/out/build/third_party/alp -L native=/tmp/cargo-mutants-amplihack-pr-YcCg5x.tmp/target/debug/build/lbug-c2061b4e8dfc1d6b/out/build/third_party/fastpfor -L native=/tmp/cargo-mutants-amplihack-pr-YcCg5x.tmp/target/debug/build/lbug-c2061b4e8dfc1d6b/out/build/third_party/parquet -L native=/tmp/cargo-mutants-amplihack-pr-YcCg5x.tmp/target/debug/build/lbug-c2061b4e8dfc1d6b/out/build/third_party/thrift -L native=/tmp/cargo-mutants-amplihack-pr-YcCg5x.tmp/target/debug/build/lbug-c2061b4e8dfc1d6b/out/build/third_party/snappy -L native=/tmp/cargo-mutants-amplihack-pr-YcCg5x.tmp/target/debug/build/lbug-c2061b4e8dfc1d6b/out/build/third_party/zstd -L native=/tmp/cargo-mutants-amplihack-pr-YcCg5x.tmp/target/debug/build/lbug-c2061b4e8dfc1d6b/out/build/third_party/miniz -L native=/tmp/cargo-mutants-amplihack-pr-YcCg5x.tmp/target/debug/build/lbug-c2061b4e8dfc1d6b/out/build/third_party/mbedtls -L native=/tmp/cargo-mutants-amplihack-pr-YcCg5x.tmp/target/debug/build/lbug-c2061b4e8dfc1d6b/out/build/third_party/lz4 -L native=/tmp/cargo-mutants-amplihack-pr-YcCg5x.tmp/target/debug/build/lbug-c2061b4e8dfc1d6b/out/build/third_party/roaring_bitmap -L native=/tmp/cargo-mutants-amplihack-pr-YcCg5x.tmp/target/debug/build/lbug-c2061b4e8dfc1d6b/out/build/third_party/simsimd -L native=/tmp/cargo-mutants-amplihack-pr-YcCg5x.tmp/target/debug/build/lbug-c2061b4e8dfc1d6b/out/build/third_party/yyjson -L native=/tmp/cargo-mutants-amplihack-pr-YcCg5x.tmp/target/debug/build/lbug-c2061b4e8dfc1d6b/out -L native=/tmp/cargo-mutants-amplihack-pr-YcCg5x.tmp/target/debug/build/cxx-3dafb46d76064c7e/out -L native=/tmp/cargo-mutants-amplihack-pr-YcCg5x.tmp/target/debug/build/link-cplusplus-99e4942e4cf65b7c/out -L native=/tmp/cargo-mutants-amplihack-pr-YcCg5x.tmp/target/debug/build/libsqlite3-sys-f4dcd415928f89cb/out -L native=/tmp/cargo-mutants-amplihack-pr-YcCg5x.tmp/target/debug/build/ring-439005edc122cf5b/out`
     Running `/home/azureuser/.rustup/toolchains/1.97.0-x86_64-unknown-linux-gnu/bin/rustc --crate-name spec_conformance --edition=2024 crates/amplihack-cli/tests/spec_conformance.rs --error-format=json --json=diagnostic-rendered-ansi,artifacts,future-incompat --emit=dep-info,link -C embed-bitcode=no -C debuginfo=line-tables-only --warn=unexpected_cfgs --check-cfg 'cfg(kani)' --test --cfg 'feature="default"' --check-cfg 'cfg(docsrs,test)' --check-cfg 'cfg(feature, values("default", "signal", "test-support"))' -C metadata=e714a3f46204ca2b -C extra-filename=-36dac6a2f78328d9 --out-dir /tmp/cargo-mutants-amplihack-pr-YcCg5x.tmp/target/debug/deps -C incremental=/tmp/cargo-mutants-amplihack-pr-YcCg5x.tmp/target/debug/incremental -L dependency=/tmp/cargo-mutants-amplihack-pr-YcCg5x.tmp/target/debug/deps --extern amplihack_builders=/tmp/cargo-mutants-amplihack-pr-YcCg5x.tmp/target/debug/deps/libamplihack_builders-03993fac7567dfac.rlib --extern amplihack_cli=/tmp/cargo-mutants-amplihack-pr-YcCg5x.tmp/target/debug/deps/libamplihack_cli-29d762ce3c0fd35c.rlib --extern amplihack_hive=/tmp/cargo-mutants-amplihack-pr-YcCg5x.tmp/target/debug/deps/libamplihack_hive-7dcf48bdaeaf754c.rlib --extern amplihack_launcher=/tmp/cargo-mutants-amplihack-pr-YcCg5x.tmp/target/debug/deps/libamplihack_launcher-a0b196619987966a.rlib --extern amplihack_memory=/tmp/cargo-mutants-amplihack-pr-YcCg5x.tmp/target/debug/deps/libamplihack_memory-52ac4db15a775e5a.rlib --extern amplihack_orchestration=/tmp/cargo-mutants-amplihack-pr-YcCg5x.tmp/target/debug/deps/libamplihack_orchestration-ed20700a2c166be7.rlib --extern amplihack_reflection=/tmp/cargo-mutants-amplihack-pr-YcCg5x.tmp/target/debug/deps/libamplihack_reflection-9fc868256a9530da.rlib --extern amplihack_remote=/tmp/cargo-mutants-amplihack-pr-YcCg5x.tmp/target/debug/deps/libamplihack_remote-bda9eaf1668cac2f.rlib --extern amplihack_signal=/tmp/cargo-mutants-amplihack-pr-YcCg5x.tmp/target/debug/deps/libamplihack_signal-12b09c972d1bf694.rlib --extern amplihack_state=/tmp/cargo-mutants-amplihack-pr-YcCg5x.tmp/target/debug/deps/libamplihack_state-5bfc4593aa3c2735.rlib --extern amplihack_turn=/tmp/cargo-mutants-amplihack-pr-YcCg5x.tmp/target/debug/deps/libamplihack_turn-bf066a2c4d2d9785.rlib --extern amplihack_types=/tmp/cargo-mutants-amplihack-pr-YcCg5x.tmp/target/debug/deps/libamplihack_types-5aa2c2ee7df7bcf4.rlib --extern amplihack_utils=/tmp/cargo-mutants-amplihack-pr-YcCg5x.tmp/target/debug/deps/libamplihack_utils-08a9c706cfc82cac.rlib --extern amplihack_workflows=/tmp/cargo-mutants-amplihack-pr-YcCg5x.tmp/target/debug/deps/libamplihack_workflows-15e51595127c129b.rlib --extern anyhow=/tmp/cargo-mutants-amplihack-pr-YcCg5x.tmp/target/debug/deps/libanyhow-aaead62bc88b9429.rlib --extern assert_cmd=/tmp/cargo-mutants-amplihack-pr-YcCg5x.tmp/target/debug/deps/libassert_cmd-7a96199b9b843959.rlib --extern async_trait=/tmp/cargo-mutants-amplihack-pr-YcCg5x.tmp/target/debug/deps/libasync_trait-601d0c3ace375beb.so --extern chrono=/tmp/cargo-mutants-amplihack-pr-YcCg5x.tmp/target/debug/deps/libchrono-698d0514bedff45c.rlib --extern clap=/tmp/cargo-mutants-amplihack-pr-YcCg5x.tmp/target/debug/deps/libclap-0a08011544f8a5b8.rlib --extern clap_complete=/tmp/cargo-mutants-amplihack-pr-YcCg5x.tmp/target/debug/deps/libclap_complete-037496bed915a9d8.rlib --extern dialoguer=/tmp/cargo-mutants-amplihack-pr-YcCg5x.tmp/target/debug/deps/libdialoguer-701eb5d666153ef9.rlib --extern flate2=/tmp/cargo-mutants-amplihack-pr-YcCg5x.tmp/target/debug/deps/libflate2-c3906d7a8bde7622.rlib --extern fs4=/tmp/cargo-mutants-amplihack-pr-YcCg5x.tmp/target/debug/deps/libfs4-5b0e4af1974bf2a4.rlib --extern lbug=/tmp/cargo-mutants-amplihack-pr-YcCg5x.tmp/target/debug/deps/liblbug-59cfc3aac2014f89.rlib --extern libc=/tmp/cargo-mutants-amplihack-pr-YcCg5x.tmp/target/debug/deps/liblibc-4d73f44b645ff25b.rlib --extern lru=/tmp/cargo-mutants-amplihack-pr-YcCg5x.tmp/target/debug/deps/liblru-7e6e70a4ddd6b98d.rlib --extern prost=/tmp/cargo-mutants-amplihack-pr-YcCg5x.tmp/target/debug/deps/libprost-add16c9af461c9ee.rlib --extern regex=/tmp/cargo-mutants-amplihack-pr-YcCg5x.tmp/target/debug/deps/libregex-03ca1be4cec3c16d.rlib --extern rexpect=/tmp/cargo-mutants-amplihack-pr-YcCg5x.tmp/target/debug/deps/librexpect-5a0111470db11a54.rlib --extern rusqlite=/tmp/cargo-mutants-amplihack-pr-YcCg5x.tmp/target/debug/deps/librusqlite-90f542ebc6046a0d.rlib --extern semver=/tmp/cargo-mutants-amplihack-pr-YcCg5x.tmp/target/debug/deps/libsemver-d1ac1c952db7cf2d.rlib --extern serde=/tmp/cargo-mutants-amplihack-pr-YcCg5x.tmp/target/debug/deps/libserde-9862aaefd1081862.rlib --extern serde_json=/tmp/cargo-mutants-amplihack-pr-YcCg5x.tmp/target/debug/deps/libserde_json-061c00ff3e9853d1.rlib --extern serde_yaml=/tmp/cargo-mutants-amplihack-pr-YcCg5x.tmp/target/debug/deps/libserde_yaml-32f4debdc5c586ac.rlib --extern sha2=/tmp/cargo-mutants-amplihack-pr-YcCg5x.tmp/target/debug/deps/libsha2-9bd26e6f526c10f4.rlib --extern signal_hook=/tmp/cargo-mutants-amplihack-pr-YcCg5x.tmp/target/debug/deps/libsignal_hook-016995c66640b093.rlib --extern tar=/tmp/cargo-mutants-amplihack-pr-YcCg5x.tmp/target/debug/deps/libtar-739a95e6c50d0407.rlib --extern tempfile=/tmp/cargo-mutants-amplihack-pr-YcCg5x.tmp/target/debug/deps/libtempfile-5a176b43127bd653.rlib --extern thiserror=/tmp/cargo-mutants-amplihack-pr-YcCg5x.tmp/target/debug/deps/libthiserror-2e6c1412a455e99c.rlib --extern time=/tmp/cargo-mutants-amplihack-pr-YcCg5x.tmp/target/debug/deps/libtime-16367d88b56805ba.rlib --extern tokio=/tmp/cargo-mutants-amplihack-pr-YcCg5x.tmp/target/debug/deps/libtokio-72d59edba91c3e05.rlib --extern toml=/tmp/cargo-mutants-amplihack-pr-YcCg5x.tmp/target/debug/deps/libtoml-1a9bef83c37016d2.rlib --extern tracing=/tmp/cargo-mutants-amplihack-pr-YcCg5x.tmp/target/debug/deps/libtracing-c155b65c27f48072.rlib --extern tracing_subscriber=/tmp/cargo-mutants-amplihack-pr-YcCg5x.tmp/target/debug/deps/libtracing_subscriber-0a1c6037d6d0ddb6.rlib --extern ureq=/tmp/cargo-mutants-amplihack-pr-YcCg5x.tmp/target/debug/deps/libureq-a52054ce8bf46ff7.rlib --extern uuid=/tmp/cargo-mutants-amplihack-pr-YcCg5x.tmp/target/debug/deps/libuuid-d03d2fc21fd13b3e.rlib --extern zip=/tmp/cargo-mutants-amplihack-pr-YcCg5x.tmp/target/debug/deps/libzip-8228d34f1cec4b5d.rlib -L native=/tmp/cargo-mutants-amplihack-pr-YcCg5x.tmp/target/debug/build/lbug-c2061b4e8dfc1d6b/out/build/src -L native=/tmp/cargo-mutants-amplihack-pr-YcCg5x.tmp/target/debug/build/lbug-c2061b4e8dfc1d6b/out/build/third_party/utf8proc -L native=/tmp/cargo-mutants-amplihack-pr-YcCg5x.tmp/target/debug/build/lbug-c2061b4e8dfc1d6b/out/build/third_party/antlr4_cypher -L native=/tmp/cargo-mutants-amplihack-pr-YcCg5x.tmp/target/debug/build/lbug-c2061b4e8dfc1d6b/out/build/third_party/antlr4_runtime -L native=/tmp/cargo-mutants-amplihack-pr-YcCg5x.tmp/target/debug/build/lbug-c2061b4e8dfc1d6b/out/build/third_party/re2 -L native=/tmp/cargo-mutants-amplihack-pr-YcCg5x.tmp/target/debug/build/lbug-c2061b4e8dfc1d6b/out/build/third_party/brotli -L native=/tmp/cargo-mutants-amplihack-pr-YcCg5x.tmp/target/debug/build/lbug-c2061b4e8dfc1d6b/out/build/third_party/alp -L native=/tmp/cargo-mutants-amplihack-pr-YcCg5x.tmp/target/debug/build/lbug-c2061b4e8dfc1d6b/out/build/third_party/fastpfor -L native=/tmp/cargo-mutants-amplihack-pr-YcCg5x.tmp/target/debug/build/lbug-c2061b4e8dfc1d6b/out/build/third_party/parquet -L native=/tmp/cargo-mutants-amplihack-pr-YcCg5x.tmp/target/debug/build/lbug-c2061b4e8dfc1d6b/out/build/third_party/thrift -L native=/tmp/cargo-mutants-amplihack-pr-YcCg5x.tmp/target/debug/build/lbug-c2061b4e8dfc1d6b/out/build/third_party/snappy -L native=/tmp/cargo-mutants-amplihack-pr-YcCg5x.tmp/target/debug/build/lbug-c2061b4e8dfc1d6b/out/build/third_party/zstd -L native=/tmp/cargo-mutants-amplihack-pr-YcCg5x.tmp/target/debug/build/lbug-c2061b4e8dfc1d6b/out/build/third_party/miniz -L native=/tmp/cargo-mutants-amplihack-pr-YcCg5x.tmp/target/debug/build/lbug-c2061b4e8dfc1d6b/out/build/third_party/mbedtls -L native=/tmp/cargo-mutants-amplihack-pr-YcCg5x.tmp/target/debug/build/lbug-c2061b4e8dfc1d6b/out/build/third_party/lz4 -L native=/tmp/cargo-mutants-amplihack-pr-YcCg5x.tmp/target/debug/build/lbug-c2061b4e8dfc1d6b/out/build/third_party/roaring_bitmap -L native=/tmp/cargo-mutants-amplihack-pr-YcCg5x.tmp/target/debug/build/lbug-c2061b4e8dfc1d6b/out/build/third_party/simsimd -L native=/tmp/cargo-mutants-amplihack-pr-YcCg5x.tmp/target/debug/build/lbug-c2061b4e8dfc1d6b/out/build/third_party/yyjson -L native=/tmp/cargo-mutants-amplihack-pr-YcCg5x.tmp/target/debug/build/lbug-c2061b4e8dfc1d6b/out -L native=/tmp/cargo-mutants-amplihack-pr-YcCg5x.tmp/target/debug/build/cxx-3dafb46d76064c7e/out -L native=/tmp/cargo-mutants-amplihack-pr-YcCg5x.tmp/target/debug/build/link-cplusplus-99e4942e4cf65b7c/out -L native=/tmp/cargo-mutants-amplihack-pr-YcCg5x.tmp/target/debug/build/libsqlite3-sys-f4dcd415928f89cb/out -L native=/tmp/cargo-mutants-amplihack-pr-YcCg5x.tmp/target/debug/build/ring-439005edc122cf5b/out`
     Running `/home/azureuser/.rustup/toolchains/1.97.0-x86_64-unknown-linux-gnu/bin/rustc --crate-name agentic_workflow_first_present --edition=2024 crates/amplihack-cli/tests/agentic_workflow_first_present.rs --error-format=json --json=diagnostic-rendered-ansi,artifacts,future-incompat --emit=dep-info,link -C embed-bitcode=no -C debuginfo=line-tables-only --warn=unexpected_cfgs --check-cfg 'cfg(kani)' --test --cfg 'feature="default"' --check-cfg 'cfg(docsrs,test)' --check-cfg 'cfg(feature, values("default", "signal", "test-support"))' -C metadata=e9ca44b3b1241b96 -C extra-filename=-f479054a8a01a120 --out-dir /tmp/cargo-mutants-amplihack-pr-YcCg5x.tmp/target/debug/deps -C incremental=/tmp/cargo-mutants-amplihack-pr-YcCg5x.tmp/target/debug/incremental -L dependency=/tmp/cargo-mutants-amplihack-pr-YcCg5x.tmp/target/debug/deps --extern amplihack_builders=/tmp/cargo-mutants-amplihack-pr-YcCg5x.tmp/target/debug/deps/libamplihack_builders-03993fac7567dfac.rlib --extern amplihack_cli=/tmp/cargo-mutants-amplihack-pr-YcCg5x.tmp/target/debug/deps/libamplihack_cli-29d762ce3c0fd35c.rlib --extern amplihack_hive=/tmp/cargo-mutants-amplihack-pr-YcCg5x.tmp/target/debug/deps/libamplihack_hive-7dcf48bdaeaf754c.rlib --extern amplihack_launcher=/tmp/cargo-mutants-amplihack-pr-YcCg5x.tmp/target/debug/deps/libamplihack_launcher-a0b196619987966a.rlib --extern amplihack_memory=/tmp/cargo-mutants-amplihack-pr-YcCg5x.tmp/target/debug/deps/libamplihack_memory-52ac4db15a775e5a.rlib --extern amplihack_orchestration=/tmp/cargo-mutants-amplihack-pr-YcCg5x.tmp/target/debug/deps/libamplihack_orchestration-ed20700a2c166be7.rlib --extern amplihack_reflection=/tmp/cargo-mutants-amplihack-pr-YcCg5x.tmp/target/debug/deps/libamplihack_reflection-9fc868256a9530da.rlib --extern amplihack_remote=/tmp/cargo-mutants-amplihack-pr-YcCg5x.tmp/target/debug/deps/libamplihack_remote-bda9eaf1668cac2f.rlib --extern amplihack_signal=/tmp/cargo-mutants-amplihack-pr-YcCg5x.tmp/target/debug/deps/libamplihack_signal-12b09c972d1bf694.rlib --extern amplihack_state=/tmp/cargo-mutants-amplihack-pr-YcCg5x.tmp/target/debug/deps/libamplihack_state-5bfc4593aa3c2735.rlib --extern amplihack_turn=/tmp/cargo-mutants-amplihack-pr-YcCg5x.tmp/target/debug/deps/libamplihack_turn-bf066a2c4d2d9785.rlib --extern amplihack_types=/tmp/cargo-mutants-amplihack-pr-YcCg5x.tmp/target/debug/deps/libamplihack_types-5aa2c2ee7df7bcf4.rlib --extern amplihack_utils=/tmp/cargo-mutants-amplihack-pr-YcCg5x.tmp/target/debug/deps/libamplihack_utils-08a9c706cfc82cac.rlib --extern amplihack_workflows=/tmp/cargo-mutants-amplihack-pr-YcCg5x.tmp/target/debug/deps/libamplihack_workflows-15e51595127c129b.rlib --extern anyhow=/tmp/cargo-mutants-amplihack-pr-YcCg5x.tmp/target/debug/deps/libanyhow-aaead62bc88b9429.rlib --extern assert_cmd=/tmp/cargo-mutants-amplihack-pr-YcCg5x.tmp/target/debug/deps/libassert_cmd-7a96199b9b843959.rlib --extern async_trait=/tmp/cargo-mutants-amplihack-pr-YcCg5x.tmp/target/debug/deps/libasync_trait-601d0c3ace375beb.so --extern chrono=/tmp/cargo-mutants-amplihack-pr-YcCg5x.tmp/target/debug/deps/libchrono-698d0514bedff45c.rlib --extern clap=/tmp/cargo-mutants-amplihack-pr-YcCg5x.tmp/target/debug/deps/libclap-0a08011544f8a5b8.rlib --extern clap_complete=/tmp/cargo-mutants-amplihack-pr-YcCg5x.tmp/target/debug/deps/libclap_complete-037496bed915a9d8.rlib --extern dialoguer=/tmp/cargo-mutants-amplihack-pr-YcCg5x.tmp/target/debug/deps/libdialoguer-701eb5d666153ef9.rlib --extern flate2=/tmp/cargo-mutants-amplihack-pr-YcCg5x.tmp/target/debug/deps/libflate2-c3906d7a8bde7622.rlib --extern fs4=/tmp/cargo-mutants-amplihack-pr-YcCg5x.tmp/target/debug/deps/libfs4-5b0e4af1974bf2a4.rlib --extern lbug=/tmp/cargo-mutants-amplihack-pr-YcCg5x.tmp/target/debug/deps/liblbug-59cfc3aac2014f89.rlib --extern libc=/tmp/cargo-mutants-amplihack-pr-YcCg5x.tmp/target/debug/deps/liblibc-4d73f44b645ff25b.rlib --extern lru=/tmp/cargo-mutants-amplihack-pr-YcCg5x.tmp/target/debug/deps/liblru-7e6e70a4ddd6b98d.rlib --extern prost=/tmp/cargo-mutants-amplihack-pr-YcCg5x.tmp/target/debug/deps/libprost-add16c9af461c9ee.rlib --extern regex=/tmp/cargo-mutants-amplihack-pr-YcCg5x.tmp/target/debug/deps/libregex-03ca1be4cec3c16d.rlib --extern rexpect=/tmp/cargo-mutants-amplihack-pr-YcCg5x.tmp/target/debug/deps/librexpect-5a0111470db11a54.rlib --extern rusqlite=/tmp/cargo-mutants-amplihack-pr-YcCg5x.tmp/target/debug/deps/librusqlite-90f542ebc6046a0d.rlib --extern semver=/tmp/cargo-mutants-amplihack-pr-YcCg5x.tmp/target/debug/deps/libsemver-d1ac1c952db7cf2d.rlib --extern serde=/tmp/cargo-mutants-amplihack-pr-YcCg5x.tmp/target/debug/deps/libserde-9862aaefd1081862.rlib --extern serde_json=/tmp/cargo-mutants-amplihack-pr-YcCg5x.tmp/target/debug/deps/libserde_json-061c00ff3e9853d1.rlib --extern serde_yaml=/tmp/cargo-mutants-amplihack-pr-YcCg5x.tmp/target/debug/deps/libserde_yaml-32f4debdc5c586ac.rlib --extern sha2=/tmp/cargo-mutants-amplihack-pr-YcCg5x.tmp/target/debug/deps/libsha2-9bd26e6f526c10f4.rlib --extern signal_hook=/tmp/cargo-mutants-amplihack-pr-YcCg5x.tmp/target/debug/deps/libsignal_hook-016995c66640b093.rlib --extern tar=/tmp/cargo-mutants-amplihack-pr-YcCg5x.tmp/target/debug/deps/libtar-739a95e6c50d0407.rlib --extern tempfile=/tmp/cargo-mutants-amplihack-pr-YcCg5x.tmp/target/debug/deps/libtempfile-5a176b43127bd653.rlib --extern thiserror=/tmp/cargo-mutants-amplihack-pr-YcCg5x.tmp/target/debug/deps/libthiserror-2e6c1412a455e99c.rlib --extern time=/tmp/cargo-mutants-amplihack-pr-YcCg5x.tmp/target/debug/deps/libtime-16367d88b56805ba.rlib --extern tokio=/tmp/cargo-mutants-amplihack-pr-YcCg5x.tmp/target/debug/deps/libtokio-72d59edba91c3e05.rlib --extern toml=/tmp/cargo-mutants-amplihack-pr-YcCg5x.tmp/target/debug/deps/libtoml-1a9bef83c37016d2.rlib --extern tracing=/tmp/cargo-mutants-amplihack-pr-YcCg5x.tmp/target/debug/deps/libtracing-c155b65c27f48072.rlib --extern tracing_subscriber=/tmp/cargo-mutants-amplihack-pr-YcCg5x.tmp/target/debug/deps/libtracing_subscriber-0a1c6037d6d0ddb6.rlib --extern ureq=/tmp/cargo-mutants-amplihack-pr-YcCg5x.tmp/target/debug/deps/libureq-a52054ce8bf46ff7.rlib --extern uuid=/tmp/cargo-mutants-amplihack-pr-YcCg5x.tmp/target/debug/deps/libuuid-d03d2fc21fd13b3e.rlib --extern zip=/tmp/cargo-mutants-amplihack-pr-YcCg5x.tmp/target/debug/deps/libzip-8228d34f1cec4b5d.rlib -L native=/tmp/cargo-mutants-amplihack-pr-YcCg5x.tmp/target/debug/build/lbug-c2061b4e8dfc1d6b/out/build/src -L native=/tmp/cargo-mutants-amplihack-pr-YcCg5x.tmp/target/debug/build/lbug-c2061b4e8dfc1d6b/out/build/third_party/utf8proc -L native=/tmp/cargo-mutants-amplihack-pr-YcCg5x.tmp/target/debug/build/lbug-c2061b4e8dfc1d6b/out/build/third_party/antlr4_cypher -L native=/tmp/cargo-mutants-amplihack-pr-YcCg5x.tmp/target/debug/build/lbug-c2061b4e8dfc1d6b/out/build/third_party/antlr4_runtime -L native=/tmp/cargo-mutants-amplihack-pr-YcCg5x.tmp/target/debug/build/lbug-c2061b4e8dfc1d6b/out/build/third_party/re2 -L native=/tmp/cargo-mutants-amplihack-pr-YcCg5x.tmp/target/debug/build/lbug-c2061b4e8dfc1d6b/out/build/third_party/brotli -L native=/tmp/cargo-mutants-amplihack-pr-YcCg5x.tmp/target/debug/build/lbug-c2061b4e8dfc1d6b/out/build/third_party/alp -L native=/tmp/cargo-mutants-amplihack-pr-YcCg5x.tmp/target/debug/build/lbug-c2061b4e8dfc1d6b/out/build/third_party/fastpfor -L native=/tmp/cargo-mutants-amplihack-pr-YcCg5x.tmp/target/debug/build/lbug-c2061b4e8dfc1d6b/out/build/third_party/parquet -L native=/tmp/cargo-mutants-amplihack-pr-YcCg5x.tmp/target/debug/build/lbug-c2061b4e8dfc1d6b/out/build/third_party/thrift -L native=/tmp/cargo-mutants-amplihack-pr-YcCg5x.tmp/target/debug/build/lbug-c2061b4e8dfc1d6b/out/build/third_party/snappy -L native=/tmp/cargo-mutants-amplihack-pr-YcCg5x.tmp/target/debug/build/lbug-c2061b4e8dfc1d6b/out/build/third_party/zstd -L native=/tmp/cargo-mutants-amplihack-pr-YcCg5x.tmp/target/debug/build/lbug-c2061b4e8dfc1d6b/out/build/third_party/miniz -L native=/tmp/cargo-mutants-amplihack-pr-YcCg5x.tmp/target/debug/build/lbug-c2061b4e8dfc1d6b/out/build/third_party/mbedtls -L native=/tmp/cargo-mutants-amplihack-pr-YcCg5x.tmp/target/debug/build/lbug-c2061b4e8dfc1d6b/out/build/third_party/lz4 -L native=/tmp/cargo-mutants-amplihack-pr-YcCg5x.tmp/target/debug/build/lbug-c2061b4e8dfc1d6b/out/build/third_party/roaring_bitmap -L native=/tmp/cargo-mutants-amplihack-pr-YcCg5x.tmp/target/debug/build/lbug-c2061b4e8dfc1d6b/out/build/third_party/simsimd -L native=/tmp/cargo-mutants-amplihack-pr-YcCg5x.tmp/target/debug/build/lbug-c2061b4e8dfc1d6b/out/build/third_party/yyjson -L native=/tmp/cargo-mutants-amplihack-pr-YcCg5x.tmp/target/debug/build/lbug-c2061b4e8dfc1d6b/out -L native=/tmp/cargo-mutants-amplihack-pr-YcCg5x.tmp/target/debug/build/cxx-3dafb46d76064c7e/out -L native=/tmp/cargo-mutants-amplihack-pr-YcCg5x.tmp/target/debug/build/link-cplusplus-99e4942e4cf65b7c/out -L native=/tmp/cargo-mutants-amplihack-pr-YcCg5x.tmp/target/debug/build/libsqlite3-sys-f4dcd415928f89cb/out -L native=/tmp/cargo-mutants-amplihack-pr-YcCg5x.tmp/target/debug/build/ring-439005edc122cf5b/out`
     Running `/home/azureuser/.rustup/toolchains/1.97.0-x86_64-unknown-linux-gnu/bin/rustc --crate-name issue_672_workflow_reliability_contracts --edition=2024 crates/amplihack-cli/tests/issue_672_workflow_reliability_contracts.rs --error-format=json --json=diagnostic-rendered-ansi,artifacts,future-incompat --emit=dep-info,link -C embed-bitcode=no -C debuginfo=line-tables-only --warn=unexpected_cfgs --check-cfg 'cfg(kani)' --test --cfg 'feature="default"' --check-cfg 'cfg(docsrs,test)' --check-cfg 'cfg(feature, values("default", "signal", "test-support"))' -C metadata=f152449af8bc4bce -C extra-filename=-c224fa5989f3c193 --out-dir /tmp/cargo-mutants-amplihack-pr-YcCg5x.tmp/target/debug/deps -C incremental=/tmp/cargo-mutants-amplihack-pr-YcCg5x.tmp/target/debug/incremental -L dependency=/tmp/cargo-mutants-amplihack-pr-YcCg5x.tmp/target/debug/deps --extern amplihack_builders=/tmp/cargo-mutants-amplihack-pr-YcCg5x.tmp/target/debug/deps/libamplihack_builders-03993fac7567dfac.rlib --extern amplihack_cli=/tmp/cargo-mutants-amplihack-pr-YcCg5x.tmp/target/debug/deps/libamplihack_cli-29d762ce3c0fd35c.rlib --extern amplihack_hive=/tmp/cargo-mutants-amplihack-pr-YcCg5x.tmp/target/debug/deps/libamplihack_hive-7dcf48bdaeaf754c.rlib --extern amplihack_launcher=/tmp/cargo-mutants-amplihack-pr-YcCg5x.tmp/target/debug/deps/libamplihack_launcher-a0b196619987966a.rlib --extern amplihack_memory=/tmp/cargo-mutants-amplihack-pr-YcCg5x.tmp/target/debug/deps/libamplihack_memory-52ac4db15a775e5a.rlib --extern amplihack_orchestration=/tmp/cargo-mutants-amplihack-pr-YcCg5x.tmp/target/debug/deps/libamplihack_orchestration-ed20700a2c166be7.rlib --extern amplihack_reflection=/tmp/cargo-mutants-amplihack-pr-YcCg5x.tmp/target/debug/deps/libamplihack_reflection-9fc868256a9530da.rlib --extern amplihack_remote=/tmp/cargo-mutants-amplihack-pr-YcCg5x.tmp/target/debug/deps/libamplihack_remote-bda9eaf1668cac2f.rlib --extern amplihack_signal=/tmp/cargo-mutants-amplihack-pr-YcCg5x.tmp/target/debug/deps/libamplihack_signal-12b09c972d1bf694.rlib --extern amplihack_state=/tmp/cargo-mutants-amplihack-pr-YcCg5x.tmp/target/debug/deps/libamplihack_state-5bfc4593aa3c2735.rlib --extern amplihack_turn=/tmp/cargo-mutants-amplihack-pr-YcCg5x.tmp/target/debug/deps/libamplihack_turn-bf066a2c4d2d9785.rlib --extern amplihack_types=/tmp/cargo-mutants-amplihack-pr-YcCg5x.tmp/target/debug/deps/libamplihack_types-5aa2c2ee7df7bcf4.rlib --extern amplihack_utils=/tmp/cargo-mutants-amplihack-pr-YcCg5x.tmp/target/debug/deps/libamplihack_utils-08a9c706cfc82cac.rlib --extern amplihack_workflows=/tmp/cargo-mutants-amplihack-pr-YcCg5x.tmp/target/debug/deps/libamplihack_workflows-15e51595127c129b.rlib --extern anyhow=/tmp/cargo-mutants-amplihack-pr-YcCg5x.tmp/target/debug/deps/libanyhow-aaead62bc88b9429.rlib --extern assert_cmd=/tmp/cargo-mutants-amplihack-pr-YcCg5x.tmp/target/debug/deps/libassert_cmd-7a96199b9b843959.rlib --extern async_trait=/tmp/cargo-mutants-amplihack-pr-YcCg5x.tmp/target/debug/deps/libasync_trait-601d0c3ace375beb.so --extern chrono=/tmp/cargo-mutants-amplihack-pr-YcCg5x.tmp/target/debug/deps/libchrono-698d0514bedff45c.rlib --extern clap=/tmp/cargo-mutants-amplihack-pr-YcCg5x.tmp/target/debug/deps/libclap-0a08011544f8a5b8.rlib --extern clap_complete=/tmp/cargo-mutants-amplihack-pr-YcCg5x.tmp/target/debug/deps/libclap_complete-037496bed915a9d8.rlib --extern dialoguer=/tmp/cargo-mutants-amplihack-pr-YcCg5x.tmp/target/debug/deps/libdialoguer-701eb5d666153ef9.rlib --extern flate2=/tmp/cargo-mutants-amplihack-pr-YcCg5x.tmp/target/debug/deps/libflate2-c3906d7a8bde7622.rlib --extern fs4=/tmp/cargo-mutants-amplihack-pr-YcCg5x.tmp/target/debug/deps/libfs4-5b0e4af1974bf2a4.rlib --extern lbug=/tmp/cargo-mutants-amplihack-pr-YcCg5x.tmp/target/debug/deps/liblbug-59cfc3aac2014f89.rlib --extern libc=/tmp/cargo-mutants-amplihack-pr-YcCg5x.tmp/target/debug/deps/liblibc-4d73f44b645ff25b.rlib --extern lru=/tmp/cargo-mutants-amplihack-pr-YcCg5x.tmp/target/debug/deps/liblru-7e6e70a4ddd6b98d.rlib --extern prost=/tmp/cargo-mutants-amplihack-pr-YcCg5x.tmp/target/debug/deps/libprost-add16c9af461c9ee.rlib --extern regex=/tmp/cargo-mutants-amplihack-pr-YcCg5x.tmp/target/debug/deps/libregex-03ca1be4cec3c16d.rlib --extern rexpect=/tmp/cargo-mutants-amplihack-pr-YcCg5x.tmp/target/debug/deps/librexpect-5a0111470db11a54.rlib --extern rusqlite=/tmp/cargo-mutants-amplihack-pr-YcCg5x.tmp/target/debug/deps/librusqlite-90f542ebc6046a0d.rlib --extern semver=/tmp/cargo-mutants-amplihack-pr-YcCg5x.tmp/target/debug/deps/libsemver-d1ac1c952db7cf2d.rlib --extern serde=/tmp/cargo-mutants-amplihack-pr-YcCg5x.tmp/target/debug/deps/libserde-9862aaefd1081862.rlib --extern serde_json=/tmp/cargo-mutants-amplihack-pr-YcCg5x.tmp/target/debug/deps/libserde_json-061c00ff3e9853d1.rlib --extern serde_yaml=/tmp/cargo-mutants-amplihack-pr-YcCg5x.tmp/target/debug/deps/libserde_yaml-32f4debdc5c586ac.rlib --extern sha2=/tmp/cargo-mutants-amplihack-pr-YcCg5x.tmp/target/debug/deps/libsha2-9bd26e6f526c10f4.rlib --extern signal_hook=/tmp/cargo-mutants-amplihack-pr-YcCg5x.tmp/target/debug/deps/libsignal_hook-016995c66640b093.rlib --extern tar=/tmp/cargo-mutants-amplihack-pr-YcCg5x.tmp/target/debug/deps/libtar-739a95e6c50d0407.rlib --extern tempfile=/tmp/cargo-mutants-amplihack-pr-YcCg5x.tmp/target/debug/deps/libtempfile-5a176b43127bd653.rlib --extern thiserror=/tmp/cargo-mutants-amplihack-pr-YcCg5x.tmp/target/debug/deps/libthiserror-2e6c1412a455e99c.rlib --extern time=/tmp/cargo-mutants-amplihack-pr-YcCg5x.tmp/target/debug/deps/libtime-16367d88b56805ba.rlib --extern tokio=/tmp/cargo-mutants-amplihack-pr-YcCg5x.tmp/target/debug/deps/libtokio-72d59edba91c3e05.rlib --extern toml=/tmp/cargo-mutants-amplihack-pr-YcCg5x.tmp/target/debug/deps/libtoml-1a9bef83c37016d2.rlib --extern tracing=/tmp/cargo-mutants-amplihack-pr-YcCg5x.tmp/target/debug/deps/libtracing-c155b65c27f48072.rlib --extern tracing_subscriber=/tmp/cargo-mutants-amplihack-pr-YcCg5x.tmp/target/debug/deps/libtracing_subscriber-0a1c6037d6d0ddb6.rlib --extern ureq=/tmp/cargo-mutants-amplihack-pr-YcCg5x.tmp/target/debug/deps/libureq-a52054ce8bf46ff7.rlib --extern uuid=/tmp/cargo-mutants-amplihack-pr-YcCg5x.tmp/target/debug/deps/libuuid-d03d2fc21fd13b3e.rlib --extern zip=/tmp/cargo-mutants-amplihack-pr-YcCg5x.tmp/target/debug/deps/libzip-8228d34f1cec4b5d.rlib -L native=/tmp/cargo-mutants-amplihack-pr-YcCg5x.tmp/target/debug/build/lbug-c2061b4e8dfc1d6b/out/build/src -L native=/tmp/cargo-mutants-amplihack-pr-YcCg5x.tmp/target/debug/build/lbug-c2061b4e8dfc1d6b/out/build/third_party/utf8proc -L native=/tmp/cargo-mutants-amplihack-pr-YcCg5x.tmp/target/debug/build/lbug-c2061b4e8dfc1d6b/out/build/third_party/antlr4_cypher -L native=/tmp/cargo-mutants-amplihack-pr-YcCg5x.tmp/target/debug/build/lbug-c2061b4e8dfc1d6b/out/build/third_party/antlr4_runtime -L native=/tmp/cargo-mutants-amplihack-pr-YcCg5x.tmp/target/debug/build/lbug-c2061b4e8dfc1d6b/out/build/third_party/re2 -L native=/tmp/cargo-mutants-amplihack-pr-YcCg5x.tmp/target/debug/build/lbug-c2061b4e8dfc1d6b/out/build/third_party/brotli -L native=/tmp/cargo-mutants-amplihack-pr-YcCg5x.tmp/target/debug/build/lbug-c2061b4e8dfc1d6b/out/build/third_party/alp -L native=/tmp/cargo-mutants-amplihack-pr-YcCg5x.tmp/target/debug/build/lbug-c2061b4e8dfc1d6b/out/build/third_party/fastpfor -L native=/tmp/cargo-mutants-amplihack-pr-YcCg5x.tmp/target/debug/build/lbug-c2061b4e8dfc1d6b/out/build/third_party/parquet -L native=/tmp/cargo-mutants-amplihack-pr-YcCg5x.tmp/target/debug/build/lbug-c2061b4e8dfc1d6b/out/build/third_party/thrift -L native=/tmp/cargo-mutants-amplihack-pr-YcCg5x.tmp/target/debug/build/lbug-c2061b4e8dfc1d6b/out/build/third_party/snappy -L native=/tmp/cargo-mutants-amplihack-pr-YcCg5x.tmp/target/debug/build/lbug-c2061b4e8dfc1d6b/out/build/third_party/zstd -L native=/tmp/cargo-mutants-amplihack-pr-YcCg5x.tmp/target/debug/build/lbug-c2061b4e8dfc1d6b/out/build/third_party/miniz -L native=/tmp/cargo-mutants-amplihack-pr-YcCg5x.tmp/target/debug/build/lbug-c2061b4e8dfc1d6b/out/build/third_party/mbedtls -L native=/tmp/cargo-mutants-amplihack-pr-YcCg5x.tmp/target/debug/build/lbug-c2061b4e8dfc1d6b/out/build/third_party/lz4 -L native=/tmp/cargo-mutants-amplihack-pr-YcCg5x.tmp/target/debug/build/lbug-c2061b4e8dfc1d6b/out/build/third_party/roaring_bitmap -L native=/tmp/cargo-mutants-amplihack-pr-YcCg5x.tmp/target/debug/build/lbug-c2061b4e8dfc1d6b/out/build/third_party/simsimd -L native=/tmp/cargo-mutants-amplihack-pr-YcCg5x.tmp/target/debug/build/lbug-c2061b4e8dfc1d6b/out/build/third_party/yyjson -L native=/tmp/cargo-mutants-amplihack-pr-YcCg5x.tmp/target/debug/build/lbug-c2061b4e8dfc1d6b/out -L native=/tmp/cargo-mutants-amplihack-pr-YcCg5x.tmp/target/debug/build/cxx-3dafb46d76064c7e/out -L native=/tmp/cargo-mutants-amplihack-pr-YcCg5x.tmp/target/debug/build/link-cplusplus-99e4942e4cf65b7c/out -L native=/tmp/cargo-mutants-amplihack-pr-YcCg5x.tmp/target/debug/build/libsqlite3-sys-f4dcd415928f89cb/out -L native=/tmp/cargo-mutants-amplihack-pr-YcCg5x.tmp/target/debug/build/ring-439005edc122cf5b/out`
     Running `/home/azureuser/.rustup/toolchains/1.97.0-x86_64-unknown-linux-gnu/bin/rustc --crate-name issue_625_update_prompt_subprocess_safe --edition=2024 crates/amplihack-cli/tests/issue_625_update_prompt_subprocess_safe.rs --error-format=json --json=diagnostic-rendered-ansi,artifacts,future-incompat --emit=dep-info,link -C embed-bitcode=no -C debuginfo=line-tables-only --warn=unexpected_cfgs --check-cfg 'cfg(kani)' --test --cfg 'feature="default"' --check-cfg 'cfg(docsrs,test)' --check-cfg 'cfg(feature, values("default", "signal", "test-support"))' -C metadata=71f28a14110b426c -C extra-filename=-5e60c3735d6e2d16 --out-dir /tmp/cargo-mutants-amplihack-pr-YcCg5x.tmp/target/debug/deps -C incremental=/tmp/cargo-mutants-amplihack-pr-YcCg5x.tmp/target/debug/incremental -L dependency=/tmp/cargo-mutants-amplihack-pr-YcCg5x.tmp/target/debug/deps --extern amplihack_builders=/tmp/cargo-mutants-amplihack-pr-YcCg5x.tmp/target/debug/deps/libamplihack_builders-03993fac7567dfac.rlib --extern amplihack_cli=/tmp/cargo-mutants-amplihack-pr-YcCg5x.tmp/target/debug/deps/libamplihack_cli-29d762ce3c0fd35c.rlib --extern amplihack_hive=/tmp/cargo-mutants-amplihack-pr-YcCg5x.tmp/target/debug/deps/libamplihack_hive-7dcf48bdaeaf754c.rlib --extern amplihack_launcher=/tmp/cargo-mutants-amplihack-pr-YcCg5x.tmp/target/debug/deps/libamplihack_launcher-a0b196619987966a.rlib --extern amplihack_memory=/tmp/cargo-mutants-amplihack-pr-YcCg5x.tmp/target/debug/deps/libamplihack_memory-52ac4db15a775e5a.rlib --extern amplihack_orchestration=/tmp/cargo-mutants-amplihack-pr-YcCg5x.tmp/target/debug/deps/libamplihack_orchestration-ed20700a2c166be7.rlib --extern amplihack_reflection=/tmp/cargo-mutants-amplihack-pr-YcCg5x.tmp/target/debug/deps/libamplihack_reflection-9fc868256a9530da.rlib --extern amplihack_remote=/tmp/cargo-mutants-amplihack-pr-YcCg5x.tmp/target/debug/deps/libamplihack_remote-bda9eaf1668cac2f.rlib --extern amplihack_signal=/tmp/cargo-mutants-amplihack-pr-YcCg5x.tmp/target/debug/deps/libamplihack_signal-12b09c972d1bf694.rlib --extern amplihack_state=/tmp/cargo-mutants-amplihack-pr-YcCg5x.tmp/target/debug/deps/libamplihack_state-5bfc4593aa3c2735.rlib --extern amplihack_turn=/tmp/cargo-mutants-amplihack-pr-YcCg5x.tmp/target/debug/deps/libamplihack_turn-bf066a2c4d2d9785.rlib --extern amplihack_types=/tmp/cargo-mutants-amplihack-pr-YcCg5x.tmp/target/debug/deps/libamplihack_types-5aa2c2ee7df7bcf4.rlib --extern amplihack_utils=/tmp/cargo-mutants-amplihack-pr-YcCg5x.tmp/target/debug/deps/libamplihack_utils-08a9c706cfc82cac.rlib --extern amplihack_workflows=/tmp/cargo-mutants-amplihack-pr-YcCg5x.tmp/target/debug/deps/libamplihack_workflows-15e51595127c129b.rlib --extern anyhow=/tmp/cargo-mutants-amplihack-pr-YcCg5x.tmp/target/debug/deps/libanyhow-aaead62bc88b9429.rlib --extern assert_cmd=/tmp/cargo-mutants-amplihack-pr-YcCg5x.tmp/target/debug/deps/libassert_cmd-7a96199b9b843959.rlib --extern async_trait=/tmp/cargo-mutants-amplihack-pr-YcCg5x.tmp/target/debug/deps/libasync_trait-601d0c3ace375beb.so --extern chrono=/tmp/cargo-mutants-amplihack-pr-YcCg5x.tmp/target/debug/deps/libchrono-698d0514bedff45c.rlib --extern clap=/tmp/cargo-mutants-amplihack-pr-YcCg5x.tmp/target/debug/deps/libclap-0a08011544f8a5b8.rlib --extern clap_complete=/tmp/cargo-mutants-amplihack-pr-YcCg5x.tmp/target/debug/deps/libclap_complete-037496bed915a9d8.rlib --extern dialoguer=/tmp/cargo-mutants-amplihack-pr-YcCg5x.tmp/target/debug/deps/libdialoguer-701eb5d666153ef9.rlib --extern flate2=/tmp/cargo-mutants-amplihack-pr-YcCg5x.tmp/target/debug/deps/libflate2-c3906d7a8bde7622.rlib --extern fs4=/tmp/cargo-mutants-amplihack-pr-YcCg5x.tmp/target/debug/deps/libfs4-5b0e4af1974bf2a4.rlib --extern lbug=/tmp/cargo-mutants-amplihack-pr-YcCg5x.tmp/target/debug/deps/liblbug-59cfc3aac2014f89.rlib --extern libc=/tmp/cargo-mutants-amplihack-pr-YcCg5x.tmp/target/debug/deps/liblibc-4d73f44b645ff25b.rlib --extern lru=/tmp/cargo-mutants-amplihack-pr-YcCg5x.tmp/target/debug/deps/liblru-7e6e70a4ddd6b98d.rlib --extern prost=/tmp/cargo-mutants-amplihack-pr-YcCg5x.tmp/target/debug/deps/libprost-add16c9af461c9ee.rlib --extern regex=/tmp/cargo-mutants-amplihack-pr-YcCg5x.tmp/target/debug/deps/libregex-03ca1be4cec3c16d.rlib --extern rexpect=/tmp/cargo-mutants-amplihack-pr-YcCg5x.tmp/target/debug/deps/librexpect-5a0111470db11a54.rlib --extern rusqlite=/tmp/cargo-mutants-amplihack-pr-YcCg5x.tmp/target/debug/deps/librusqlite-90f542ebc6046a0d.rlib --extern semver=/tmp/cargo-mutants-amplihack-pr-YcCg5x.tmp/target/debug/deps/libsemver-d1ac1c952db7cf2d.rlib --extern serde=/tmp/cargo-mutants-amplihack-pr-YcCg5x.tmp/target/debug/deps/libserde-9862aaefd1081862.rlib --extern serde_json=/tmp/cargo-mutants-amplihack-pr-YcCg5x.tmp/target/debug/deps/libserde_json-061c00ff3e9853d1.rlib --extern serde_yaml=/tmp/cargo-mutants-amplihack-pr-YcCg5x.tmp/target/debug/deps/libserde_yaml-32f4debdc5c586ac.rlib --extern sha2=/tmp/cargo-mutants-amplihack-pr-YcCg5x.tmp/target/debug/deps/libsha2-9bd26e6f526c10f4.rlib --extern signal_hook=/tmp/cargo-mutants-amplihack-pr-YcCg5x.tmp/target/debug/deps/libsignal_hook-016995c66640b093.rlib --extern tar=/tmp/cargo-mutants-amplihack-pr-YcCg5x.tmp/target/debug/deps/libtar-739a95e6c50d0407.rlib --extern tempfile=/tmp/cargo-mutants-amplihack-pr-YcCg5x.tmp/target/debug/deps/libtempfile-5a176b43127bd653.rlib --extern thiserror=/tmp/cargo-mutants-amplihack-pr-YcCg5x.tmp/target/debug/deps/libthiserror-2e6c1412a455e99c.rlib --extern time=/tmp/cargo-mutants-amplihack-pr-YcCg5x.tmp/target/debug/deps/libtime-16367d88b56805ba.rlib --extern tokio=/tmp/cargo-mutants-amplihack-pr-YcCg5x.tmp/target/debug/deps/libtokio-72d59edba91c3e05.rlib --extern toml=/tmp/cargo-mutants-amplihack-pr-YcCg5x.tmp/target/debug/deps/libtoml-1a9bef83c37016d2.rlib --extern tracing=/tmp/cargo-mutants-amplihack-pr-YcCg5x.tmp/target/debug/deps/libtracing-c155b65c27f48072.rlib --extern tracing_subscriber=/tmp/cargo-mutants-amplihack-pr-YcCg5x.tmp/target/debug/deps/libtracing_subscriber-0a1c6037d6d0ddb6.rlib --extern ureq=/tmp/cargo-mutants-amplihack-pr-YcCg5x.tmp/target/debug/deps/libureq-a52054ce8bf46ff7.rlib --extern uuid=/tmp/cargo-mutants-amplihack-pr-YcCg5x.tmp/target/debug/deps/libuuid-d03d2fc21fd13b3e.rlib --extern zip=/tmp/cargo-mutants-amplihack-pr-YcCg5x.tmp/target/debug/deps/libzip-8228d34f1cec4b5d.rlib -L native=/tmp/cargo-mutants-amplihack-pr-YcCg5x.tmp/target/debug/build/lbug-c2061b4e8dfc1d6b/out/build/src -L native=/tmp/cargo-mutants-amplihack-pr-YcCg5x.tmp/target/debug/build/lbug-c2061b4e8dfc1d6b/out/build/third_party/utf8proc -L native=/tmp/cargo-mutants-amplihack-pr-YcCg5x.tmp/target/debug/build/lbug-c2061b4e8dfc1d6b/out/build/third_party/antlr4_cypher -L native=/tmp/cargo-mutants-amplihack-pr-YcCg5x.tmp/target/debug/build/lbug-c2061b4e8dfc1d6b/out/build/third_party/antlr4_runtime -L native=/tmp/cargo-mutants-amplihack-pr-YcCg5x.tmp/target/debug/build/lbug-c2061b4e8dfc1d6b/out/build/third_party/re2 -L native=/tmp/cargo-mutants-amplihack-pr-YcCg5x.tmp/target/debug/build/lbug-c2061b4e8dfc1d6b/out/build/third_party/brotli -L native=/tmp/cargo-mutants-amplihack-pr-YcCg5x.tmp/target/debug/build/lbug-c2061b4e8dfc1d6b/out/build/third_party/alp -L native=/tmp/cargo-mutants-amplihack-pr-YcCg5x.tmp/target/debug/build/lbug-c2061b4e8dfc1d6b/out/build/third_party/fastpfor -L native=/tmp/cargo-mutants-amplihack-pr-YcCg5x.tmp/target/debug/build/lbug-c2061b4e8dfc1d6b/out/build/third_party/parquet -L native=/tmp/cargo-mutants-amplihack-pr-YcCg5x.tmp/target/debug/build/lbug-c2061b4e8dfc1d6b/out/build/third_party/thrift -L native=/tmp/cargo-mutants-amplihack-pr-YcCg5x.tmp/target/debug/build/lbug-c2061b4e8dfc1d6b/out/build/third_party/snappy -L native=/tmp/cargo-mutants-amplihack-pr-YcCg5x.tmp/target/debug/build/lbug-c2061b4e8dfc1d6b/out/build/third_party/zstd -L native=/tmp/cargo-mutants-amplihack-pr-YcCg5x.tmp/target/debug/build/lbug-c2061b4e8dfc1d6b/out/build/third_party/miniz -L native=/tmp/cargo-mutants-amplihack-pr-YcCg5x.tmp/target/debug/build/lbug-c2061b4e8dfc1d6b/out/build/third_party/mbedtls -L native=/tmp/cargo-mutants-amplihack-pr-YcCg5x.tmp/target/debug/build/lbug-c2061b4e8dfc1d6b/out/build/third_party/lz4 -L native=/tmp/cargo-mutants-amplihack-pr-YcCg5x.tmp/target/debug/build/lbug-c2061b4e8dfc1d6b/out/build/third_party/roaring_bitmap -L native=/tmp/cargo-mutants-amplihack-pr-YcCg5x.tmp/target/debug/build/lbug-c2061b4e8dfc1d6b/out/build/third_party/simsimd -L native=/tmp/cargo-mutants-amplihack-pr-YcCg5x.tmp/target/debug/build/lbug-c2061b4e8dfc1d6b/out/build/third_party/yyjson -L native=/tmp/cargo-mutants-amplihack-pr-YcCg5x.tmp/target/debug/build/lbug-c2061b4e8dfc1d6b/out -L native=/tmp/cargo-mutants-amplihack-pr-YcCg5x.tmp/target/debug/build/cxx-3dafb46d76064c7e/out -L native=/tmp/cargo-mutants-amplihack-pr-YcCg5x.tmp/target/debug/build/link-cplusplus-99e4942e4cf65b7c/out -L native=/tmp/cargo-mutants-amplihack-pr-YcCg5x.tmp/target/debug/build/libsqlite3-sys-f4dcd415928f89cb/out -L native=/tmp/cargo-mutants-amplihack-pr-YcCg5x.tmp/target/debug/build/ring-439005edc122cf5b/out`
     Running `/home/azureuser/.rustup/toolchains/1.97.0-x86_64-unknown-linux-gnu/bin/rustc --crate-name active_agent_binary_default_test --edition=2024 crates/amplihack-cli/tests/active_agent_binary_default_test.rs --error-format=json --json=diagnostic-rendered-ansi,artifacts,future-incompat --emit=dep-info,link -C embed-bitcode=no -C debuginfo=line-tables-only --warn=unexpected_cfgs --check-cfg 'cfg(kani)' --test --cfg 'feature="default"' --check-cfg 'cfg(docsrs,test)' --check-cfg 'cfg(feature, values("default", "signal", "test-support"))' -C metadata=5885ff6f9eb32d2c -C extra-filename=-8825f6db6c85eaf3 --out-dir /tmp/cargo-mutants-amplihack-pr-YcCg5x.tmp/target/debug/deps -C incremental=/tmp/cargo-mutants-amplihack-pr-YcCg5x.tmp/target/debug/incremental -L dependency=/tmp/cargo-mutants-amplihack-pr-YcCg5x.tmp/target/debug/deps --extern amplihack_builders=/tmp/cargo-mutants-amplihack-pr-YcCg5x.tmp/target/debug/deps/libamplihack_builders-03993fac7567dfac.rlib --extern amplihack_cli=/tmp/cargo-mutants-amplihack-pr-YcCg5x.tmp/target/debug/deps/libamplihack_cli-29d762ce3c0fd35c.rlib --extern amplihack_hive=/tmp/cargo-mutants-amplihack-pr-YcCg5x.tmp/target/debug/deps/libamplihack_hive-7dcf48bdaeaf754c.rlib --extern amplihack_launcher=/tmp/cargo-mutants-amplihack-pr-YcCg5x.tmp/target/debug/deps/libamplihack_launcher-a0b196619987966a.rlib --extern amplihack_memory=/tmp/cargo-mutants-amplihack-pr-YcCg5x.tmp/target/debug/deps/libamplihack_memory-52ac4db15a775e5a.rlib --extern amplihack_orchestration=/tmp/cargo-mutants-amplihack-pr-YcCg5x.tmp/target/debug/deps/libamplihack_orchestration-ed20700a2c166be7.rlib --extern amplihack_reflection=/tmp/cargo-mutants-amplihack-pr-YcCg5x.tmp/target/debug/deps/libamplihack_reflection-9fc868256a9530da.rlib --extern amplihack_remote=/tmp/cargo-mutants-amplihack-pr-YcCg5x.tmp/target/debug/deps/libamplihack_remote-bda9eaf1668cac2f.rlib --extern amplihack_signal=/tmp/cargo-mutants-amplihack-pr-YcCg5x.tmp/target/debug/deps/libamplihack_signal-12b09c972d1bf694.rlib --extern amplihack_state=/tmp/cargo-mutants-amplihack-pr-YcCg5x.tmp/target/debug/deps/libamplihack_state-5bfc4593aa3c2735.rlib --extern amplihack_turn=/tmp/cargo-mutants-amplihack-pr-YcCg5x.tmp/target/debug/deps/libamplihack_turn-bf066a2c4d2d9785.rlib --extern amplihack_types=/tmp/cargo-mutants-amplihack-pr-YcCg5x.tmp/target/debug/deps/libamplihack_types-5aa2c2ee7df7bcf4.rlib --extern amplihack_utils=/tmp/cargo-mutants-amplihack-pr-YcCg5x.tmp/target/debug/deps/libamplihack_utils-08a9c706cfc82cac.rlib --extern amplihack_workflows=/tmp/cargo-mutants-amplihack-pr-YcCg5x.tmp/target/debug/deps/libamplihack_workflows-15e51595127c129b.rlib --extern anyhow=/tmp/cargo-mutants-amplihack-pr-YcCg5x.tmp/target/debug/deps/libanyhow-aaead62bc88b9429.rlib --extern assert_cmd=/tmp/cargo-mutants-amplihack-pr-YcCg5x.tmp/target/debug/deps/libassert_cmd-7a96199b9b843959.rlib --extern async_trait=/tmp/cargo-mutants-amplihack-pr-YcCg5x.tmp/target/debug/deps/libasync_trait-601d0c3ace375beb.so --extern chrono=/tmp/cargo-mutants-amplihack-pr-YcCg5x.tmp/target/debug/deps/libchrono-698d0514bedff45c.rlib --extern clap=/tmp/cargo-mutants-amplihack-pr-YcCg5x.tmp/target/debug/deps/libclap-0a08011544f8a5b8.rlib --extern clap_complete=/tmp/cargo-mutants-amplihack-pr-YcCg5x.tmp/target/debug/deps/libclap_complete-037496bed915a9d8.rlib --extern dialoguer=/tmp/cargo-mutants-amplihack-pr-YcCg5x.tmp/target/debug/deps/libdialoguer-701eb5d666153ef9.rlib --extern flate2=/tmp/cargo-mutants-amplihack-pr-YcCg5x.tmp/target/debug/deps/libflate2-c3906d7a8bde7622.rlib --extern fs4=/tmp/cargo-mutants-amplihack-pr-YcCg5x.tmp/target/debug/deps/libfs4-5b0e4af1974bf2a4.rlib --extern lbug=/tmp/cargo-mutants-amplihack-pr-YcCg5x.tmp/target/debug/deps/liblbug-59cfc3aac2014f89.rlib --extern libc=/tmp/cargo-mutants-amplihack-pr-YcCg5x.tmp/target/debug/deps/liblibc-4d73f44b645ff25b.rlib --extern lru=/tmp/cargo-mutants-amplihack-pr-YcCg5x.tmp/target/debug/deps/liblru-7e6e70a4ddd6b98d.rlib --extern prost=/tmp/cargo-mutants-amplihack-pr-YcCg5x.tmp/target/debug/deps/libprost-add16c9af461c9ee.rlib --extern regex=/tmp/cargo-mutants-amplihack-pr-YcCg5x.tmp/target/debug/deps/libregex-03ca1be4cec3c16d.rlib --extern rexpect=/tmp/cargo-mutants-amplihack-pr-YcCg5x.tmp/target/debug/deps/librexpect-5a0111470db11a54.rlib --extern rusqlite=/tmp/cargo-mutants-amplihack-pr-YcCg5x.tmp/target/debug/deps/librusqlite-90f542ebc6046a0d.rlib --extern semver=/tmp/cargo-mutants-amplihack-pr-YcCg5x.tmp/target/debug/deps/libsemver-d1ac1c952db7cf2d.rlib --extern serde=/tmp/cargo-mutants-amplihack-pr-YcCg5x.tmp/target/debug/deps/libserde-9862aaefd1081862.rlib --extern serde_json=/tmp/cargo-mutants-amplihack-pr-YcCg5x.tmp/target/debug/deps/libserde_json-061c00ff3e9853d1.rlib --extern serde_yaml=/tmp/cargo-mutants-amplihack-pr-YcCg5x.tmp/target/debug/deps/libserde_yaml-32f4debdc5c586ac.rlib --extern sha2=/tmp/cargo-mutants-amplihack-pr-YcCg5x.tmp/target/debug/deps/libsha2-9bd26e6f526c10f4.rlib --extern signal_hook=/tmp/cargo-mutants-amplihack-pr-YcCg5x.tmp/target/debug/deps/libsignal_hook-016995c66640b093.rlib --extern tar=/tmp/cargo-mutants-amplihack-pr-YcCg5x.tmp/target/debug/deps/libtar-739a95e6c50d0407.rlib --extern tempfile=/tmp/cargo-mutants-amplihack-pr-YcCg5x.tmp/target/debug/deps/libtempfile-5a176b43127bd653.rlib --extern thiserror=/tmp/cargo-mutants-amplihack-pr-YcCg5x.tmp/target/debug/deps/libthiserror-2e6c1412a455e99c.rlib --extern time=/tmp/cargo-mutants-amplihack-pr-YcCg5x.tmp/target/debug/deps/libtime-16367d88b56805ba.rlib --extern tokio=/tmp/cargo-mutants-amplihack-pr-YcCg5x.tmp/target/debug/deps/libtokio-72d59edba91c3e05.rlib --extern toml=/tmp/cargo-mutants-amplihack-pr-YcCg5x.tmp/target/debug/deps/libtoml-1a9bef83c37016d2.rlib --extern tracing=/tmp/cargo-mutants-amplihack-pr-YcCg5x.tmp/target/debug/deps/libtracing-c155b65c27f48072.rlib --extern tracing_subscriber=/tmp/cargo-mutants-amplihack-pr-YcCg5x.tmp/target/debug/deps/libtracing_subscriber-0a1c6037d6d0ddb6.rlib --extern ureq=/tmp/cargo-mutants-amplihack-pr-YcCg5x.tmp/target/debug/deps/libureq-a52054ce8bf46ff7.rlib --extern uuid=/tmp/cargo-mutants-amplihack-pr-YcCg5x.tmp/target/debug/deps/libuuid-d03d2fc21fd13b3e.rlib --extern zip=/tmp/cargo-mutants-amplihack-pr-YcCg5x.tmp/target/debug/deps/libzip-8228d34f1cec4b5d.rlib -L native=/tmp/cargo-mutants-amplihack-pr-YcCg5x.tmp/target/debug/build/lbug-c2061b4e8dfc1d6b/out/build/src -L native=/tmp/cargo-mutants-amplihack-pr-YcCg5x.tmp/target/debug/build/lbug-c2061b4e8dfc1d6b/out/build/third_party/utf8proc -L native=/tmp/cargo-mutants-amplihack-pr-YcCg5x.tmp/target/debug/build/lbug-c2061b4e8dfc1d6b/out/build/third_party/antlr4_cypher -L native=/tmp/cargo-mutants-amplihack-pr-YcCg5x.tmp/target/debug/build/lbug-c2061b4e8dfc1d6b/out/build/third_party/antlr4_runtime -L native=/tmp/cargo-mutants-amplihack-pr-YcCg5x.tmp/target/debug/build/lbug-c2061b4e8dfc1d6b/out/build/third_party/re2 -L native=/tmp/cargo-mutants-amplihack-pr-YcCg5x.tmp/target/debug/build/lbug-c2061b4e8dfc1d6b/out/build/third_party/brotli -L native=/tmp/cargo-mutants-amplihack-pr-YcCg5x.tmp/target/debug/build/lbug-c2061b4e8dfc1d6b/out/build/third_party/alp -L native=/tmp/cargo-mutants-amplihack-pr-YcCg5x.tmp/target/debug/build/lbug-c2061b4e8dfc1d6b/out/build/third_party/fastpfor -L native=/tmp/cargo-mutants-amplihack-pr-YcCg5x.tmp/target/debug/build/lbug-c2061b4e8dfc1d6b/out/build/third_party/parquet -L native=/tmp/cargo-mutants-amplihack-pr-YcCg5x.tmp/target/debug/build/lbug-c2061b4e8dfc1d6b/out/build/third_party/thrift -L native=/tmp/cargo-mutants-amplihack-pr-YcCg5x.tmp/target/debug/build/lbug-c2061b4e8dfc1d6b/out/build/third_party/snappy -L native=/tmp/cargo-mutants-amplihack-pr-YcCg5x.tmp/target/debug/build/lbug-c2061b4e8dfc1d6b/out/build/third_party/zstd -L native=/tmp/cargo-mutants-amplihack-pr-YcCg5x.tmp/target/debug/build/lbug-c2061b4e8dfc1d6b/out/build/third_party/miniz -L native=/tmp/cargo-mutants-amplihack-pr-YcCg5x.tmp/target/debug/build/lbug-c2061b4e8dfc1d6b/out/build/third_party/mbedtls -L native=/tmp/cargo-mutants-amplihack-pr-YcCg5x.tmp/target/debug/build/lbug-c2061b4e8dfc1d6b/out/build/third_party/lz4 -L native=/tmp/cargo-mutants-amplihack-pr-YcCg5x.tmp/target/debug/build/lbug-c2061b4e8dfc1d6b/out/build/third_party/roaring_bitmap -L native=/tmp/cargo-mutants-amplihack-pr-YcCg5x.tmp/target/debug/build/lbug-c2061b4e8dfc1d6b/out/build/third_party/simsimd -L native=/tmp/cargo-mutants-amplihack-pr-YcCg5x.tmp/target/debug/build/lbug-c2061b4e8dfc1d6b/out/build/third_party/yyjson -L native=/tmp/cargo-mutants-amplihack-pr-YcCg5x.tmp/target/debug/build/lbug-c2061b4e8dfc1d6b/out -L native=/tmp/cargo-mutants-amplihack-pr-YcCg5x.tmp/target/debug/build/cxx-3dafb46d76064c7e/out -L native=/tmp/cargo-mutants-amplihack-pr-YcCg5x.tmp/target/debug/build/link-cplusplus-99e4942e4cf65b7c/out -L native=/tmp/cargo-mutants-amplihack-pr-YcCg5x.tmp/target/debug/build/libsqlite3-sys-f4dcd415928f89cb/out -L native=/tmp/cargo-mutants-amplihack-pr-YcCg5x.tmp/target/debug/build/ring-439005edc122cf5b/out`
     Running `/home/azureuser/.rustup/toolchains/1.97.0-x86_64-unknown-linux-gnu/bin/rustc --crate-name signal_chat_it --edition=2024 crates/amplihack-cli/tests/signal_chat_it.rs --error-format=json --json=diagnostic-rendered-ansi,artifacts,future-incompat --emit=dep-info,link -C embed-bitcode=no -C debuginfo=line-tables-only --warn=unexpected_cfgs --check-cfg 'cfg(kani)' --test --cfg 'feature="default"' --check-cfg 'cfg(docsrs,test)' --check-cfg 'cfg(feature, values("default", "signal", "test-support"))' -C metadata=95728f7712c77d8a -C extra-filename=-acb48e4cc950b539 --out-dir /tmp/cargo-mutants-amplihack-pr-YcCg5x.tmp/target/debug/deps -C incremental=/tmp/cargo-mutants-amplihack-pr-YcCg5x.tmp/target/debug/incremental -L dependency=/tmp/cargo-mutants-amplihack-pr-YcCg5x.tmp/target/debug/deps --extern amplihack_builders=/tmp/cargo-mutants-amplihack-pr-YcCg5x.tmp/target/debug/deps/libamplihack_builders-03993fac7567dfac.rlib --extern amplihack_cli=/tmp/cargo-mutants-amplihack-pr-YcCg5x.tmp/target/debug/deps/libamplihack_cli-29d762ce3c0fd35c.rlib --extern amplihack_hive=/tmp/cargo-mutants-amplihack-pr-YcCg5x.tmp/target/debug/deps/libamplihack_hive-7dcf48bdaeaf754c.rlib --extern amplihack_launcher=/tmp/cargo-mutants-amplihack-pr-YcCg5x.tmp/target/debug/deps/libamplihack_launcher-a0b196619987966a.rlib --extern amplihack_memory=/tmp/cargo-mutants-amplihack-pr-YcCg5x.tmp/target/debug/deps/libamplihack_memory-52ac4db15a775e5a.rlib --extern amplihack_orchestration=/tmp/cargo-mutants-amplihack-pr-YcCg5x.tmp/target/debug/deps/libamplihack_orchestration-ed20700a2c166be7.rlib --extern amplihack_reflection=/tmp/cargo-mutants-amplihack-pr-YcCg5x.tmp/target/debug/deps/libamplihack_reflection-9fc868256a9530da.rlib --extern amplihack_remote=/tmp/cargo-mutants-amplihack-pr-YcCg5x.tmp/target/debug/deps/libamplihack_remote-bda9eaf1668cac2f.rlib --extern amplihack_signal=/tmp/cargo-mutants-amplihack-pr-YcCg5x.tmp/target/debug/deps/libamplihack_signal-12b09c972d1bf694.rlib --extern amplihack_state=/tmp/cargo-mutants-amplihack-pr-YcCg5x.tmp/target/debug/deps/libamplihack_state-5bfc4593aa3c2735.rlib --extern amplihack_turn=/tmp/cargo-mutants-amplihack-pr-YcCg5x.tmp/target/debug/deps/libamplihack_turn-bf066a2c4d2d9785.rlib --extern amplihack_types=/tmp/cargo-mutants-amplihack-pr-YcCg5x.tmp/target/debug/deps/libamplihack_types-5aa2c2ee7df7bcf4.rlib --extern amplihack_utils=/tmp/cargo-mutants-amplihack-pr-YcCg5x.tmp/target/debug/deps/libamplihack_utils-08a9c706cfc82cac.rlib --extern amplihack_workflows=/tmp/cargo-mutants-amplihack-pr-YcCg5x.tmp/target/debug/deps/libamplihack_workflows-15e51595127c129b.rlib --extern anyhow=/tmp/cargo-mutants-amplihack-pr-YcCg5x.tmp/target/debug/deps/libanyhow-aaead62bc88b9429.rlib --extern assert_cmd=/tmp/cargo-mutants-amplihack-pr-YcCg5x.tmp/target/debug/deps/libassert_cmd-7a96199b9b843959.rlib --extern async_trait=/tmp/cargo-mutants-amplihack-pr-YcCg5x.tmp/target/debug/deps/libasync_trait-601d0c3ace375beb.so --extern chrono=/tmp/cargo-mutants-amplihack-pr-YcCg5x.tmp/target/debug/deps/libchrono-698d0514bedff45c.rlib --extern clap=/tmp/cargo-mutants-amplihack-pr-YcCg5x.tmp/target/debug/deps/libclap-0a08011544f8a5b8.rlib --extern clap_complete=/tmp/cargo-mutants-amplihack-pr-YcCg5x.tmp/target/debug/deps/libclap_complete-037496bed915a9d8.rlib --extern dialoguer=/tmp/cargo-mutants-amplihack-pr-YcCg5x.tmp/target/debug/deps/libdialoguer-701eb5d666153ef9.rlib --extern flate2=/tmp/cargo-mutants-amplihack-pr-YcCg5x.tmp/target/debug/deps/libflate2-c3906d7a8bde7622.rlib --extern fs4=/tmp/cargo-mutants-amplihack-pr-YcCg5x.tmp/target/debug/deps/libfs4-5b0e4af1974bf2a4.rlib --extern lbug=/tmp/cargo-mutants-amplihack-pr-YcCg5x.tmp/target/debug/deps/liblbug-59cfc3aac2014f89.rlib --extern libc=/tmp/cargo-mutants-amplihack-pr-YcCg5x.tmp/target/debug/deps/liblibc-4d73f44b645ff25b.rlib --extern lru=/tmp/cargo-mutants-amplihack-pr-YcCg5x.tmp/target/debug/deps/liblru-7e6e70a4ddd6b98d.rlib --extern prost=/tmp/cargo-mutants-amplihack-pr-YcCg5x.tmp/target/debug/deps/libprost-add16c9af461c9ee.rlib --extern regex=/tmp/cargo-mutants-amplihack-pr-YcCg5x.tmp/target/debug/deps/libregex-03ca1be4cec3c16d.rlib --extern rexpect=/tmp/cargo-mutants-amplihack-pr-YcCg5x.tmp/target/debug/deps/librexpect-5a0111470db11a54.rlib --extern rusqlite=/tmp/cargo-mutants-amplihack-pr-YcCg5x.tmp/target/debug/deps/librusqlite-90f542ebc6046a0d.rlib --extern semver=/tmp/cargo-mutants-amplihack-pr-YcCg5x.tmp/target/debug/deps/libsemver-d1ac1c952db7cf2d.rlib --extern serde=/tmp/cargo-mutants-amplihack-pr-YcCg5x.tmp/target/debug/deps/libserde-9862aaefd1081862.rlib --extern serde_json=/tmp/cargo-mutants-amplihack-pr-YcCg5x.tmp/target/debug/deps/libserde_json-061c00ff3e9853d1.rlib --extern serde_yaml=/tmp/cargo-mutants-amplihack-pr-YcCg5x.tmp/target/debug/deps/libserde_yaml-32f4debdc5c586ac.rlib --extern sha2=/tmp/cargo-mutants-amplihack-pr-YcCg5x.tmp/target/debug/deps/libsha2-9bd26e6f526c10f4.rlib --extern signal_hook=/tmp/cargo-mutants-amplihack-pr-YcCg5x.tmp/target/debug/deps/libsignal_hook-016995c66640b093.rlib --extern tar=/tmp/cargo-mutants-amplihack-pr-YcCg5x.tmp/target/debug/deps/libtar-739a95e6c50d0407.rlib --extern tempfile=/tmp/cargo-mutants-amplihack-pr-YcCg5x.tmp/target/debug/deps/libtempfile-5a176b43127bd653.rlib --extern thiserror=/tmp/cargo-mutants-amplihack-pr-YcCg5x.tmp/target/debug/deps/libthiserror-2e6c1412a455e99c.rlib --extern time=/tmp/cargo-mutants-amplihack-pr-YcCg5x.tmp/target/debug/deps/libtime-16367d88b56805ba.rlib --extern tokio=/tmp/cargo-mutants-amplihack-pr-YcCg5x.tmp/target/debug/deps/libtokio-72d59edba91c3e05.rlib --extern toml=/tmp/cargo-mutants-amplihack-pr-YcCg5x.tmp/target/debug/deps/libtoml-1a9bef83c37016d2.rlib --extern tracing=/tmp/cargo-mutants-amplihack-pr-YcCg5x.tmp/target/debug/deps/libtracing-c155b65c27f48072.rlib --extern tracing_subscriber=/tmp/cargo-mutants-amplihack-pr-YcCg5x.tmp/target/debug/deps/libtracing_subscriber-0a1c6037d6d0ddb6.rlib --extern ureq=/tmp/cargo-mutants-amplihack-pr-YcCg5x.tmp/target/debug/deps/libureq-a52054ce8bf46ff7.rlib --extern uuid=/tmp/cargo-mutants-amplihack-pr-YcCg5x.tmp/target/debug/deps/libuuid-d03d2fc21fd13b3e.rlib --extern zip=/tmp/cargo-mutants-amplihack-pr-YcCg5x.tmp/target/debug/deps/libzip-8228d34f1cec4b5d.rlib -L native=/tmp/cargo-mutants-amplihack-pr-YcCg5x.tmp/target/debug/build/lbug-c2061b4e8dfc1d6b/out/build/src -L native=/tmp/cargo-mutants-amplihack-pr-YcCg5x.tmp/target/debug/build/lbug-c2061b4e8dfc1d6b/out/build/third_party/utf8proc -L native=/tmp/cargo-mutants-amplihack-pr-YcCg5x.tmp/target/debug/build/lbug-c2061b4e8dfc1d6b/out/build/third_party/antlr4_cypher -L native=/tmp/cargo-mutants-amplihack-pr-YcCg5x.tmp/target/debug/build/lbug-c2061b4e8dfc1d6b/out/build/third_party/antlr4_runtime -L native=/tmp/cargo-mutants-amplihack-pr-YcCg5x.tmp/target/debug/build/lbug-c2061b4e8dfc1d6b/out/build/third_party/re2 -L native=/tmp/cargo-mutants-amplihack-pr-YcCg5x.tmp/target/debug/build/lbug-c2061b4e8dfc1d6b/out/build/third_party/brotli -L native=/tmp/cargo-mutants-amplihack-pr-YcCg5x.tmp/target/debug/build/lbug-c2061b4e8dfc1d6b/out/build/third_party/alp -L native=/tmp/cargo-mutants-amplihack-pr-YcCg5x.tmp/target/debug/build/lbug-c2061b4e8dfc1d6b/out/build/third_party/fastpfor -L native=/tmp/cargo-mutants-amplihack-pr-YcCg5x.tmp/target/debug/build/lbug-c2061b4e8dfc1d6b/out/build/third_party/parquet -L native=/tmp/cargo-mutants-amplihack-pr-YcCg5x.tmp/target/debug/build/lbug-c2061b4e8dfc1d6b/out/build/third_party/thrift -L native=/tmp/cargo-mutants-amplihack-pr-YcCg5x.tmp/target/debug/build/lbug-c2061b4e8dfc1d6b/out/build/third_party/snappy -L native=/tmp/cargo-mutants-amplihack-pr-YcCg5x.tmp/target/debug/build/lbug-c2061b4e8dfc1d6b/out/build/third_party/zstd -L native=/tmp/cargo-mutants-amplihack-pr-YcCg5x.tmp/target/debug/build/lbug-c2061b4e8dfc1d6b/out/build/third_party/miniz -L native=/tmp/cargo-mutants-amplihack-pr-YcCg5x.tmp/target/debug/build/lbug-c2061b4e8dfc1d6b/out/build/third_party/mbedtls -L native=/tmp/cargo-mutants-amplihack-pr-YcCg5x.tmp/target/debug/build/lbug-c2061b4e8dfc1d6b/out/build/third_party/lz4 -L native=/tmp/cargo-mutants-amplihack-pr-YcCg5x.tmp/target/debug/build/lbug-c2061b4e8dfc1d6b/out/build/third_party/roaring_bitmap -L native=/tmp/cargo-mutants-amplihack-pr-YcCg5x.tmp/target/debug/build/lbug-c2061b4e8dfc1d6b/out/build/third_party/simsimd -L native=/tmp/cargo-mutants-amplihack-pr-YcCg5x.tmp/target/debug/build/lbug-c2061b4e8dfc1d6b/out/build/third_party/yyjson -L native=/tmp/cargo-mutants-amplihack-pr-YcCg5x.tmp/target/debug/build/lbug-c2061b4e8dfc1d6b/out -L native=/tmp/cargo-mutants-amplihack-pr-YcCg5x.tmp/target/debug/build/cxx-3dafb46d76064c7e/out -L native=/tmp/cargo-mutants-amplihack-pr-YcCg5x.tmp/target/debug/build/link-cplusplus-99e4942e4cf65b7c/out -L native=/tmp/cargo-mutants-amplihack-pr-YcCg5x.tmp/target/debug/build/libsqlite3-sys-f4dcd415928f89cb/out -L native=/tmp/cargo-mutants-amplihack-pr-YcCg5x.tmp/target/debug/build/ring-439005edc122cf5b/out`
     Running `/home/azureuser/.rustup/toolchains/1.97.0-x86_64-unknown-linux-gnu/bin/rustc --crate-name signal_azlin_lister --edition=2024 crates/amplihack-cli/tests/signal_azlin_lister.rs --error-format=json --json=diagnostic-rendered-ansi,artifacts,future-incompat --emit=dep-info,link -C embed-bitcode=no -C debuginfo=line-tables-only --warn=unexpected_cfgs --check-cfg 'cfg(kani)' --test --cfg 'feature="default"' --check-cfg 'cfg(docsrs,test)' --check-cfg 'cfg(feature, values("default", "signal", "test-support"))' -C metadata=0829f36bad4b16e7 -C extra-filename=-cf97e5726a2b7f18 --out-dir /tmp/cargo-mutants-amplihack-pr-YcCg5x.tmp/target/debug/deps -C incremental=/tmp/cargo-mutants-amplihack-pr-YcCg5x.tmp/target/debug/incremental -L dependency=/tmp/cargo-mutants-amplihack-pr-YcCg5x.tmp/target/debug/deps --extern amplihack_builders=/tmp/cargo-mutants-amplihack-pr-YcCg5x.tmp/target/debug/deps/libamplihack_builders-03993fac7567dfac.rlib --extern amplihack_cli=/tmp/cargo-mutants-amplihack-pr-YcCg5x.tmp/target/debug/deps/libamplihack_cli-29d762ce3c0fd35c.rlib --extern amplihack_hive=/tmp/cargo-mutants-amplihack-pr-YcCg5x.tmp/target/debug/deps/libamplihack_hive-7dcf48bdaeaf754c.rlib --extern amplihack_launcher=/tmp/cargo-mutants-amplihack-pr-YcCg5x.tmp/target/debug/deps/libamplihack_launcher-a0b196619987966a.rlib --extern amplihack_memory=/tmp/cargo-mutants-amplihack-pr-YcCg5x.tmp/target/debug/deps/libamplihack_memory-52ac4db15a775e5a.rlib --extern amplihack_orchestration=/tmp/cargo-mutants-amplihack-pr-YcCg5x.tmp/target/debug/deps/libamplihack_orchestration-ed20700a2c166be7.rlib --extern amplihack_reflection=/tmp/cargo-mutants-amplihack-pr-YcCg5x.tmp/target/debug/deps/libamplihack_reflection-9fc868256a9530da.rlib --extern amplihack_remote=/tmp/cargo-mutants-amplihack-pr-YcCg5x.tmp/target/debug/deps/libamplihack_remote-bda9eaf1668cac2f.rlib --extern amplihack_signal=/tmp/cargo-mutants-amplihack-pr-YcCg5x.tmp/target/debug/deps/libamplihack_signal-12b09c972d1bf694.rlib --extern amplihack_state=/tmp/cargo-mutants-amplihack-pr-YcCg5x.tmp/target/debug/deps/libamplihack_state-5bfc4593aa3c2735.rlib --extern amplihack_turn=/tmp/cargo-mutants-amplihack-pr-YcCg5x.tmp/target/debug/deps/libamplihack_turn-bf066a2c4d2d9785.rlib --extern amplihack_types=/tmp/cargo-mutants-amplihack-pr-YcCg5x.tmp/target/debug/deps/libamplihack_types-5aa2c2ee7df7bcf4.rlib --extern amplihack_utils=/tmp/cargo-mutants-amplihack-pr-YcCg5x.tmp/target/debug/deps/libamplihack_utils-08a9c706cfc82cac.rlib --extern amplihack_workflows=/tmp/cargo-mutants-amplihack-pr-YcCg5x.tmp/target/debug/deps/libamplihack_workflows-15e51595127c129b.rlib --extern anyhow=/tmp/cargo-mutants-amplihack-pr-YcCg5x.tmp/target/debug/deps/libanyhow-aaead62bc88b9429.rlib --extern assert_cmd=/tmp/cargo-mutants-amplihack-pr-YcCg5x.tmp/target/debug/deps/libassert_cmd-7a96199b9b843959.rlib --extern async_trait=/tmp/cargo-mutants-amplihack-pr-YcCg5x.tmp/target/debug/deps/libasync_trait-601d0c3ace375beb.so --extern chrono=/tmp/cargo-mutants-amplihack-pr-YcCg5x.tmp/target/debug/deps/libchrono-698d0514bedff45c.rlib --extern clap=/tmp/cargo-mutants-amplihack-pr-YcCg5x.tmp/target/debug/deps/libclap-0a08011544f8a5b8.rlib --extern clap_complete=/tmp/cargo-mutants-amplihack-pr-YcCg5x.tmp/target/debug/deps/libclap_complete-037496bed915a9d8.rlib --extern dialoguer=/tmp/cargo-mutants-amplihack-pr-YcCg5x.tmp/target/debug/deps/libdialoguer-701eb5d666153ef9.rlib --extern flate2=/tmp/cargo-mutants-amplihack-pr-YcCg5x.tmp/target/debug/deps/libflate2-c3906d7a8bde7622.rlib --extern fs4=/tmp/cargo-mutants-amplihack-pr-YcCg5x.tmp/target/debug/deps/libfs4-5b0e4af1974bf2a4.rlib --extern lbug=/tmp/cargo-mutants-amplihack-pr-YcCg5x.tmp/target/debug/deps/liblbug-59cfc3aac2014f89.rlib --extern libc=/tmp/cargo-mutants-amplihack-pr-YcCg5x.tmp/target/debug/deps/liblibc-4d73f44b645ff25b.rlib --extern lru=/tmp/cargo-mutants-amplihack-pr-YcCg5x.tmp/target/debug/deps/liblru-7e6e70a4ddd6b98d.rlib --extern prost=/tmp/cargo-mutants-amplihack-pr-YcCg5x.tmp/target/debug/deps/libprost-add16c9af461c9ee.rlib --extern regex=/tmp/cargo-mutants-amplihack-pr-YcCg5x.tmp/target/debug/deps/libregex-03ca1be4cec3c16d.rlib --extern rexpect=/tmp/cargo-mutants-amplihack-pr-YcCg5x.tmp/target/debug/deps/librexpect-5a0111470db11a54.rlib --extern rusqlite=/tmp/cargo-mutants-amplihack-pr-YcCg5x.tmp/target/debug/deps/librusqlite-90f542ebc6046a0d.rlib --extern semver=/tmp/cargo-mutants-amplihack-pr-YcCg5x.tmp/target/debug/deps/libsemver-d1ac1c952db7cf2d.rlib --extern serde=/tmp/cargo-mutants-amplihack-pr-YcCg5x.tmp/target/debug/deps/libserde-9862aaefd1081862.rlib --extern serde_json=/tmp/cargo-mutants-amplihack-pr-YcCg5x.tmp/target/debug/deps/libserde_json-061c00ff3e9853d1.rlib --extern serde_yaml=/tmp/cargo-mutants-amplihack-pr-YcCg5x.tmp/target/debug/deps/libserde_yaml-32f4debdc5c586ac.rlib --extern sha2=/tmp/cargo-mutants-amplihack-pr-YcCg5x.tmp/target/debug/deps/libsha2-9bd26e6f526c10f4.rlib --extern signal_hook=/tmp/cargo-mutants-amplihack-pr-YcCg5x.tmp/target/debug/deps/libsignal_hook-016995c66640b093.rlib --extern tar=/tmp/cargo-mutants-amplihack-pr-YcCg5x.tmp/target/debug/deps/libtar-739a95e6c50d0407.rlib --extern tempfile=/tmp/cargo-mutants-amplihack-pr-YcCg5x.tmp/target/debug/deps/libtempfile-5a176b43127bd653.rlib --extern thiserror=/tmp/cargo-mutants-amplihack-pr-YcCg5x.tmp/target/debug/deps/libthiserror-2e6c1412a455e99c.rlib --extern time=/tmp/cargo-mutants-amplihack-pr-YcCg5x.tmp/target/debug/deps/libtime-16367d88b56805ba.rlib --extern tokio=/tmp/cargo-mutants-amplihack-pr-YcCg5x.tmp/target/debug/deps/libtokio-72d59edba91c3e05.rlib --extern toml=/tmp/cargo-mutants-amplihack-pr-YcCg5x.tmp/target/debug/deps/libtoml-1a9bef83c37016d2.rlib --extern tracing=/tmp/cargo-mutants-amplihack-pr-YcCg5x.tmp/target/debug/deps/libtracing-c155b65c27f48072.rlib --extern tracing_subscriber=/tmp/cargo-mutants-amplihack-pr-YcCg5x.tmp/target/debug/deps/libtracing_subscriber-0a1c6037d6d0ddb6.rlib --extern ureq=/tmp/cargo-mutants-amplihack-pr-YcCg5x.tmp/target/debug/deps/libureq-a52054ce8bf46ff7.rlib --extern uuid=/tmp/cargo-mutants-amplihack-pr-YcCg5x.tmp/target/debug/deps/libuuid-d03d2fc21fd13b3e.rlib --extern zip=/tmp/cargo-mutants-amplihack-pr-YcCg5x.tmp/target/debug/deps/libzip-8228d34f1cec4b5d.rlib -L native=/tmp/cargo-mutants-amplihack-pr-YcCg5x.tmp/target/debug/build/lbug-c2061b4e8dfc1d6b/out/build/src -L native=/tmp/cargo-mutants-amplihack-pr-YcCg5x.tmp/target/debug/build/lbug-c2061b4e8dfc1d6b/out/build/third_party/utf8proc -L native=/tmp/cargo-mutants-amplihack-pr-YcCg5x.tmp/target/debug/build/lbug-c2061b4e8dfc1d6b/out/build/third_party/antlr4_cypher -L native=/tmp/cargo-mutants-amplihack-pr-YcCg5x.tmp/target/debug/build/lbug-c2061b4e8dfc1d6b/out/build/third_party/antlr4_runtime -L native=/tmp/cargo-mutants-amplihack-pr-YcCg5x.tmp/target/debug/build/lbug-c2061b4e8dfc1d6b/out/build/third_party/re2 -L native=/tmp/cargo-mutants-amplihack-pr-YcCg5x.tmp/target/debug/build/lbug-c2061b4e8dfc1d6b/out/build/third_party/brotli -L native=/tmp/cargo-mutants-amplihack-pr-YcCg5x.tmp/target/debug/build/lbug-c2061b4e8dfc1d6b/out/build/third_party/alp -L native=/tmp/cargo-mutants-amplihack-pr-YcCg5x.tmp/target/debug/build/lbug-c2061b4e8dfc1d6b/out/build/third_party/fastpfor -L native=/tmp/cargo-mutants-amplihack-pr-YcCg5x.tmp/target/debug/build/lbug-c2061b4e8dfc1d6b/out/build/third_party/parquet -L native=/tmp/cargo-mutants-amplihack-pr-YcCg5x.tmp/target/debug/build/lbug-c2061b4e8dfc1d6b/out/build/third_party/thrift -L native=/tmp/cargo-mutants-amplihack-pr-YcCg5x.tmp/target/debug/build/lbug-c2061b4e8dfc1d6b/out/build/third_party/snappy -L native=/tmp/cargo-mutants-amplihack-pr-YcCg5x.tmp/target/debug/build/lbug-c2061b4e8dfc1d6b/out/build/third_party/zstd -L native=/tmp/cargo-mutants-amplihack-pr-YcCg5x.tmp/target/debug/build/lbug-c2061b4e8dfc1d6b/out/build/third_party/miniz -L native=/tmp/cargo-mutants-amplihack-pr-YcCg5x.tmp/target/debug/build/lbug-c2061b4e8dfc1d6b/out/build/third_party/mbedtls -L native=/tmp/cargo-mutants-amplihack-pr-YcCg5x.tmp/target/debug/build/lbug-c2061b4e8dfc1d6b/out/build/third_party/lz4 -L native=/tmp/cargo-mutants-amplihack-pr-YcCg5x.tmp/target/debug/build/lbug-c2061b4e8dfc1d6b/out/build/third_party/roaring_bitmap -L native=/tmp/cargo-mutants-amplihack-pr-YcCg5x.tmp/target/debug/build/lbug-c2061b4e8dfc1d6b/out/build/third_party/simsimd -L native=/tmp/cargo-mutants-amplihack-pr-YcCg5x.tmp/target/debug/build/lbug-c2061b4e8dfc1d6b/out/build/third_party/yyjson -L native=/tmp/cargo-mutants-amplihack-pr-YcCg5x.tmp/target/debug/build/lbug-c2061b4e8dfc1d6b/out -L native=/tmp/cargo-mutants-amplihack-pr-YcCg5x.tmp/target/debug/build/cxx-3dafb46d76064c7e/out -L native=/tmp/cargo-mutants-amplihack-pr-YcCg5x.tmp/target/debug/build/link-cplusplus-99e4942e4cf65b7c/out -L native=/tmp/cargo-mutants-amplihack-pr-YcCg5x.tmp/target/debug/build/libsqlite3-sys-f4dcd415928f89cb/out -L native=/tmp/cargo-mutants-amplihack-pr-YcCg5x.tmp/target/debug/build/ring-439005edc122cf5b/out`
     Running `/home/azureuser/.rustup/toolchains/1.97.0-x86_64-unknown-linux-gnu/bin/rustc --crate-name signal_endpoint_precedence --edition=2024 crates/amplihack-cli/tests/signal_endpoint_precedence.rs --error-format=json --json=diagnostic-rendered-ansi,artifacts,future-incompat --emit=dep-info,link -C embed-bitcode=no -C debuginfo=line-tables-only --warn=unexpected_cfgs --check-cfg 'cfg(kani)' --test --cfg 'feature="default"' --check-cfg 'cfg(docsrs,test)' --check-cfg 'cfg(feature, values("default", "signal", "test-support"))' -C metadata=ec8d0ad018294115 -C extra-filename=-baf7d04ca810b559 --out-dir /tmp/cargo-mutants-amplihack-pr-YcCg5x.tmp/target/debug/deps -C incremental=/tmp/cargo-mutants-amplihack-pr-YcCg5x.tmp/target/debug/incremental -L dependency=/tmp/cargo-mutants-amplihack-pr-YcCg5x.tmp/target/debug/deps --extern amplihack_builders=/tmp/cargo-mutants-amplihack-pr-YcCg5x.tmp/target/debug/deps/libamplihack_builders-03993fac7567dfac.rlib --extern amplihack_cli=/tmp/cargo-mutants-amplihack-pr-YcCg5x.tmp/target/debug/deps/libamplihack_cli-29d762ce3c0fd35c.rlib --extern amplihack_hive=/tmp/cargo-mutants-amplihack-pr-YcCg5x.tmp/target/debug/deps/libamplihack_hive-7dcf48bdaeaf754c.rlib --extern amplihack_launcher=/tmp/cargo-mutants-amplihack-pr-YcCg5x.tmp/target/debug/deps/libamplihack_launcher-a0b196619987966a.rlib --extern amplihack_memory=/tmp/cargo-mutants-amplihack-pr-YcCg5x.tmp/target/debug/deps/libamplihack_memory-52ac4db15a775e5a.rlib --extern amplihack_orchestration=/tmp/cargo-mutants-amplihack-pr-YcCg5x.tmp/target/debug/deps/libamplihack_orchestration-ed20700a2c166be7.rlib --extern amplihack_reflection=/tmp/cargo-mutants-amplihack-pr-YcCg5x.tmp/target/debug/deps/libamplihack_reflection-9fc868256a9530da.rlib --extern amplihack_remote=/tmp/cargo-mutants-amplihack-pr-YcCg5x.tmp/target/debug/deps/libamplihack_remote-bda9eaf1668cac2f.rlib --extern amplihack_signal=/tmp/cargo-mutants-amplihack-pr-YcCg5x.tmp/target/debug/deps/libamplihack_signal-12b09c972d1bf694.rlib --extern amplihack_state=/tmp/cargo-mutants-amplihack-pr-YcCg5x.tmp/target/debug/deps/libamplihack_state-5bfc4593aa3c2735.rlib --extern amplihack_turn=/tmp/cargo-mutants-amplihack-pr-YcCg5x.tmp/target/debug/deps/libamplihack_turn-bf066a2c4d2d9785.rlib --extern amplihack_types=/tmp/cargo-mutants-amplihack-pr-YcCg5x.tmp/target/debug/deps/libamplihack_types-5aa2c2ee7df7bcf4.rlib --extern amplihack_utils=/tmp/cargo-mutants-amplihack-pr-YcCg5x.tmp/target/debug/deps/libamplihack_utils-08a9c706cfc82cac.rlib --extern amplihack_workflows=/tmp/cargo-mutants-amplihack-pr-YcCg5x.tmp/target/debug/deps/libamplihack_workflows-15e51595127c129b.rlib --extern anyhow=/tmp/cargo-mutants-amplihack-pr-YcCg5x.tmp/target/debug/deps/libanyhow-aaead62bc88b9429.rlib --extern assert_cmd=/tmp/cargo-mutants-amplihack-pr-YcCg5x.tmp/target/debug/deps/libassert_cmd-7a96199b9b843959.rlib --extern async_trait=/tmp/cargo-mutants-amplihack-pr-YcCg5x.tmp/target/debug/deps/libasync_trait-601d0c3ace375beb.so --extern chrono=/tmp/cargo-mutants-amplihack-pr-YcCg5x.tmp/target/debug/deps/libchrono-698d0514bedff45c.rlib --extern clap=/tmp/cargo-mutants-amplihack-pr-YcCg5x.tmp/target/debug/deps/libclap-0a08011544f8a5b8.rlib --extern clap_complete=/tmp/cargo-mutants-amplihack-pr-YcCg5x.tmp/target/debug/deps/libclap_complete-037496bed915a9d8.rlib --extern dialoguer=/tmp/cargo-mutants-amplihack-pr-YcCg5x.tmp/target/debug/deps/libdialoguer-701eb5d666153ef9.rlib --extern flate2=/tmp/cargo-mutants-amplihack-pr-YcCg5x.tmp/target/debug/deps/libflate2-c3906d7a8bde7622.rlib --extern fs4=/tmp/cargo-mutants-amplihack-pr-YcCg5x.tmp/target/debug/deps/libfs4-5b0e4af1974bf2a4.rlib --extern lbug=/tmp/cargo-mutants-amplihack-pr-YcCg5x.tmp/target/debug/deps/liblbug-59cfc3aac2014f89.rlib --extern libc=/tmp/cargo-mutants-amplihack-pr-YcCg5x.tmp/target/debug/deps/liblibc-4d73f44b645ff25b.rlib --extern lru=/tmp/cargo-mutants-amplihack-pr-YcCg5x.tmp/target/debug/deps/liblru-7e6e70a4ddd6b98d.rlib --extern prost=/tmp/cargo-mutants-amplihack-pr-YcCg5x.tmp/target/debug/deps/libprost-add16c9af461c9ee.rlib --extern regex=/tmp/cargo-mutants-amplihack-pr-YcCg5x.tmp/target/debug/deps/libregex-03ca1be4cec3c16d.rlib --extern rexpect=/tmp/cargo-mutants-amplihack-pr-YcCg5x.tmp/target/debug/deps/librexpect-5a0111470db11a54.rlib --extern rusqlite=/tmp/cargo-mutants-amplihack-pr-YcCg5x.tmp/target/debug/deps/librusqlite-90f542ebc6046a0d.rlib --extern semver=/tmp/cargo-mutants-amplihack-pr-YcCg5x.tmp/target/debug/deps/libsemver-d1ac1c952db7cf2d.rlib --extern serde=/tmp/cargo-mutants-amplihack-pr-YcCg5x.tmp/target/debug/deps/libserde-9862aaefd1081862.rlib --extern serde_json=/tmp/cargo-mutants-amplihack-pr-YcCg5x.tmp/target/debug/deps/libserde_json-061c00ff3e9853d1.rlib --extern serde_yaml=/tmp/cargo-mutants-amplihack-pr-YcCg5x.tmp/target/debug/deps/libserde_yaml-32f4debdc5c586ac.rlib --extern sha2=/tmp/cargo-mutants-amplihack-pr-YcCg5x.tmp/target/debug/deps/libsha2-9bd26e6f526c10f4.rlib --extern signal_hook=/tmp/cargo-mutants-amplihack-pr-YcCg5x.tmp/target/debug/deps/libsignal_hook-016995c66640b093.rlib --extern tar=/tmp/cargo-mutants-amplihack-pr-YcCg5x.tmp/target/debug/deps/libtar-739a95e6c50d0407.rlib --extern tempfile=/tmp/cargo-mutants-amplihack-pr-YcCg5x.tmp/target/debug/deps/libtempfile-5a176b43127bd653.rlib --extern thiserror=/tmp/cargo-mutants-amplihack-pr-YcCg5x.tmp/target/debug/deps/libthiserror-2e6c1412a455e99c.rlib --extern time=/tmp/cargo-mutants-amplihack-pr-YcCg5x.tmp/target/debug/deps/libtime-16367d88b56805ba.rlib --extern tokio=/tmp/cargo-mutants-amplihack-pr-YcCg5x.tmp/target/debug/deps/libtokio-72d59edba91c3e05.rlib --extern toml=/tmp/cargo-mutants-amplihack-pr-YcCg5x.tmp/target/debug/deps/libtoml-1a9bef83c37016d2.rlib --extern tracing=/tmp/cargo-mutants-amplihack-pr-YcCg5x.tmp/target/debug/deps/libtracing-c155b65c27f48072.rlib --extern tracing_subscriber=/tmp/cargo-mutants-amplihack-pr-YcCg5x.tmp/target/debug/deps/libtracing_subscriber-0a1c6037d6d0ddb6.rlib --extern ureq=/tmp/cargo-mutants-amplihack-pr-YcCg5x.tmp/target/debug/deps/libureq-a52054ce8bf46ff7.rlib --extern uuid=/tmp/cargo-mutants-amplihack-pr-YcCg5x.tmp/target/debug/deps/libuuid-d03d2fc21fd13b3e.rlib --extern zip=/tmp/cargo-mutants-amplihack-pr-YcCg5x.tmp/target/debug/deps/libzip-8228d34f1cec4b5d.rlib -L native=/tmp/cargo-mutants-amplihack-pr-YcCg5x.tmp/target/debug/build/lbug-c2061b4e8dfc1d6b/out/build/src -L native=/tmp/cargo-mutants-amplihack-pr-YcCg5x.tmp/target/debug/build/lbug-c2061b4e8dfc1d6b/out/build/third_party/utf8proc -L native=/tmp/cargo-mutants-amplihack-pr-YcCg5x.tmp/target/debug/build/lbug-c2061b4e8dfc1d6b/out/build/third_party/antlr4_cypher -L native=/tmp/cargo-mutants-amplihack-pr-YcCg5x.tmp/target/debug/build/lbug-c2061b4e8dfc1d6b/out/build/third_party/antlr4_runtime -L native=/tmp/cargo-mutants-amplihack-pr-YcCg5x.tmp/target/debug/build/lbug-c2061b4e8dfc1d6b/out/build/third_party/re2 -L native=/tmp/cargo-mutants-amplihack-pr-YcCg5x.tmp/target/debug/build/lbug-c2061b4e8dfc1d6b/out/build/third_party/brotli -L native=/tmp/cargo-mutants-amplihack-pr-YcCg5x.tmp/target/debug/build/lbug-c2061b4e8dfc1d6b/out/build/third_party/alp -L native=/tmp/cargo-mutants-amplihack-pr-YcCg5x.tmp/target/debug/build/lbug-c2061b4e8dfc1d6b/out/build/third_party/fastpfor -L native=/tmp/cargo-mutants-amplihack-pr-YcCg5x.tmp/target/debug/build/lbug-c2061b4e8dfc1d6b/out/build/third_party/parquet -L native=/tmp/cargo-mutants-amplihack-pr-YcCg5x.tmp/target/debug/build/lbug-c2061b4e8dfc1d6b/out/build/third_party/thrift -L native=/tmp/cargo-mutants-amplihack-pr-YcCg5x.tmp/target/debug/build/lbug-c2061b4e8dfc1d6b/out/build/third_party/snappy -L native=/tmp/cargo-mutants-amplihack-pr-YcCg5x.tmp/target/debug/build/lbug-c2061b4e8dfc1d6b/out/build/third_party/zstd -L native=/tmp/cargo-mutants-amplihack-pr-YcCg5x.tmp/target/debug/build/lbug-c2061b4e8dfc1d6b/out/build/third_party/miniz -L native=/tmp/cargo-mutants-amplihack-pr-YcCg5x.tmp/target/debug/build/lbug-c2061b4e8dfc1d6b/out/build/third_party/mbedtls -L native=/tmp/cargo-mutants-amplihack-pr-YcCg5x.tmp/target/debug/build/lbug-c2061b4e8dfc1d6b/out/build/third_party/lz4 -L native=/tmp/cargo-mutants-amplihack-pr-YcCg5x.tmp/target/debug/build/lbug-c2061b4e8dfc1d6b/out/build/third_party/roaring_bitmap -L native=/tmp/cargo-mutants-amplihack-pr-YcCg5x.tmp/target/debug/build/lbug-c2061b4e8dfc1d6b/out/build/third_party/simsimd -L native=/tmp/cargo-mutants-amplihack-pr-YcCg5x.tmp/target/debug/build/lbug-c2061b4e8dfc1d6b/out/build/third_party/yyjson -L native=/tmp/cargo-mutants-amplihack-pr-YcCg5x.tmp/target/debug/build/lbug-c2061b4e8dfc1d6b/out -L native=/tmp/cargo-mutants-amplihack-pr-YcCg5x.tmp/target/debug/build/cxx-3dafb46d76064c7e/out -L native=/tmp/cargo-mutants-amplihack-pr-YcCg5x.tmp/target/debug/build/link-cplusplus-99e4942e4cf65b7c/out -L native=/tmp/cargo-mutants-amplihack-pr-YcCg5x.tmp/target/debug/build/libsqlite3-sys-f4dcd415928f89cb/out -L native=/tmp/cargo-mutants-amplihack-pr-YcCg5x.tmp/target/debug/build/ring-439005edc122cf5b/out`
     Running `/home/azureuser/.rustup/toolchains/1.97.0-x86_64-unknown-linux-gnu/bin/rustc --crate-name signal_security --edition=2024 crates/amplihack-cli/tests/signal_security.rs --error-format=json --json=diagnostic-rendered-ansi,artifacts,future-incompat --emit=dep-info,link -C embed-bitcode=no -C debuginfo=line-tables-only --warn=unexpected_cfgs --check-cfg 'cfg(kani)' --test --cfg 'feature="default"' --check-cfg 'cfg(docsrs,test)' --check-cfg 'cfg(feature, values("default", "signal", "test-support"))' -C metadata=bdc31efb0c08e8ef -C extra-filename=-dfced29df82e3f0c --out-dir /tmp/cargo-mutants-amplihack-pr-YcCg5x.tmp/target/debug/deps -C incremental=/tmp/cargo-mutants-amplihack-pr-YcCg5x.tmp/target/debug/incremental -L dependency=/tmp/cargo-mutants-amplihack-pr-YcCg5x.tmp/target/debug/deps --extern amplihack_builders=/tmp/cargo-mutants-amplihack-pr-YcCg5x.tmp/target/debug/deps/libamplihack_builders-03993fac7567dfac.rlib --extern amplihack_cli=/tmp/cargo-mutants-amplihack-pr-YcCg5x.tmp/target/debug/deps/libamplihack_cli-29d762ce3c0fd35c.rlib --extern amplihack_hive=/tmp/cargo-mutants-amplihack-pr-YcCg5x.tmp/target/debug/deps/libamplihack_hive-7dcf48bdaeaf754c.rlib --extern amplihack_launcher=/tmp/cargo-mutants-amplihack-pr-YcCg5x.tmp/target/debug/deps/libamplihack_launcher-a0b196619987966a.rlib --extern amplihack_memory=/tmp/cargo-mutants-amplihack-pr-YcCg5x.tmp/target/debug/deps/libamplihack_memory-52ac4db15a775e5a.rlib --extern amplihack_orchestration=/tmp/cargo-mutants-amplihack-pr-YcCg5x.tmp/target/debug/deps/libamplihack_orchestration-ed20700a2c166be7.rlib --extern amplihack_reflection=/tmp/cargo-mutants-amplihack-pr-YcCg5x.tmp/target/debug/deps/libamplihack_reflection-9fc868256a9530da.rlib --extern amplihack_remote=/tmp/cargo-mutants-amplihack-pr-YcCg5x.tmp/target/debug/deps/libamplihack_remote-bda9eaf1668cac2f.rlib --extern amplihack_signal=/tmp/cargo-mutants-amplihack-pr-YcCg5x.tmp/target/debug/deps/libamplihack_signal-12b09c972d1bf694.rlib --extern amplihack_state=/tmp/cargo-mutants-amplihack-pr-YcCg5x.tmp/target/debug/deps/libamplihack_state-5bfc4593aa3c2735.rlib --extern amplihack_turn=/tmp/cargo-mutants-amplihack-pr-YcCg5x.tmp/target/debug/deps/libamplihack_turn-bf066a2c4d2d9785.rlib --extern amplihack_types=/tmp/cargo-mutants-amplihack-pr-YcCg5x.tmp/target/debug/deps/libamplihack_types-5aa2c2ee7df7bcf4.rlib --extern amplihack_utils=/tmp/cargo-mutants-amplihack-pr-YcCg5x.tmp/target/debug/deps/libamplihack_utils-08a9c706cfc82cac.rlib --extern amplihack_workflows=/tmp/cargo-mutants-amplihack-pr-YcCg5x.tmp/target/debug/deps/libamplihack_workflows-15e51595127c129b.rlib --extern anyhow=/tmp/cargo-mutants-amplihack-pr-YcCg5x.tmp/target/debug/deps/libanyhow-aaead62bc88b9429.rlib --extern assert_cmd=/tmp/cargo-mutants-amplihack-pr-YcCg5x.tmp/target/debug/deps/libassert_cmd-7a96199b9b843959.rlib --extern async_trait=/tmp/cargo-mutants-amplihack-pr-YcCg5x.tmp/target/debug/deps/libasync_trait-601d0c3ace375beb.so --extern chrono=/tmp/cargo-mutants-amplihack-pr-YcCg5x.tmp/target/debug/deps/libchrono-698d0514bedff45c.rlib --extern clap=/tmp/cargo-mutants-amplihack-pr-YcCg5x.tmp/target/debug/deps/libclap-0a08011544f8a5b8.rlib --extern clap_complete=/tmp/cargo-mutants-amplihack-pr-YcCg5x.tmp/target/debug/deps/libclap_complete-037496bed915a9d8.rlib --extern dialoguer=/tmp/cargo-mutants-amplihack-pr-YcCg5x.tmp/target/debug/deps/libdialoguer-701eb5d666153ef9.rlib --extern flate2=/tmp/cargo-mutants-amplihack-pr-YcCg5x.tmp/target/debug/deps/libflate2-c3906d7a8bde7622.rlib --extern fs4=/tmp/cargo-mutants-amplihack-pr-YcCg5x.tmp/target/debug/deps/libfs4-5b0e4af1974bf2a4.rlib --extern lbug=/tmp/cargo-mutants-amplihack-pr-YcCg5x.tmp/target/debug/deps/liblbug-59cfc3aac2014f89.rlib --extern libc=/tmp/cargo-mutants-amplihack-pr-YcCg5x.tmp/target/debug/deps/liblibc-4d73f44b645ff25b.rlib --extern lru=/tmp/cargo-mutants-amplihack-pr-YcCg5x.tmp/target/debug/deps/liblru-7e6e70a4ddd6b98d.rlib --extern prost=/tmp/cargo-mutants-amplihack-pr-YcCg5x.tmp/target/debug/deps/libprost-add16c9af461c9ee.rlib --extern regex=/tmp/cargo-mutants-amplihack-pr-YcCg5x.tmp/target/debug/deps/libregex-03ca1be4cec3c16d.rlib --extern rexpect=/tmp/cargo-mutants-amplihack-pr-YcCg5x.tmp/target/debug/deps/librexpect-5a0111470db11a54.rlib --extern rusqlite=/tmp/cargo-mutants-amplihack-pr-YcCg5x.tmp/target/debug/deps/librusqlite-90f542ebc6046a0d.rlib --extern semver=/tmp/cargo-mutants-amplihack-pr-YcCg5x.tmp/target/debug/deps/libsemver-d1ac1c952db7cf2d.rlib --extern serde=/tmp/cargo-mutants-amplihack-pr-YcCg5x.tmp/target/debug/deps/libserde-9862aaefd1081862.rlib --extern serde_json=/tmp/cargo-mutants-amplihack-pr-YcCg5x.tmp/target/debug/deps/libserde_json-061c00ff3e9853d1.rlib --extern serde_yaml=/tmp/cargo-mutants-amplihack-pr-YcCg5x.tmp/target/debug/deps/libserde_yaml-32f4debdc5c586ac.rlib --extern sha2=/tmp/cargo-mutants-amplihack-pr-YcCg5x.tmp/target/debug/deps/libsha2-9bd26e6f526c10f4.rlib --extern signal_hook=/tmp/cargo-mutants-amplihack-pr-YcCg5x.tmp/target/debug/deps/libsignal_hook-016995c66640b093.rlib --extern tar=/tmp/cargo-mutants-amplihack-pr-YcCg5x.tmp/target/debug/deps/libtar-739a95e6c50d0407.rlib --extern tempfile=/tmp/cargo-mutants-amplihack-pr-YcCg5x.tmp/target/debug/deps/libtempfile-5a176b43127bd653.rlib --extern thiserror=/tmp/cargo-mutants-amplihack-pr-YcCg5x.tmp/target/debug/deps/libthiserror-2e6c1412a455e99c.rlib --extern time=/tmp/cargo-mutants-amplihack-pr-YcCg5x.tmp/target/debug/deps/libtime-16367d88b56805ba.rlib --extern tokio=/tmp/cargo-mutants-amplihack-pr-YcCg5x.tmp/target/debug/deps/libtokio-72d59edba91c3e05.rlib --extern toml=/tmp/cargo-mutants-amplihack-pr-YcCg5x.tmp/target/debug/deps/libtoml-1a9bef83c37016d2.rlib --extern tracing=/tmp/cargo-mutants-amplihack-pr-YcCg5x.tmp/target/debug/deps/libtracing-c155b65c27f48072.rlib --extern tracing_subscriber=/tmp/cargo-mutants-amplihack-pr-YcCg5x.tmp/target/debug/deps/libtracing_subscriber-0a1c6037d6d0ddb6.rlib --extern ureq=/tmp/cargo-mutants-amplihack-pr-YcCg5x.tmp/target/debug/deps/libureq-a52054ce8bf46ff7.rlib --extern uuid=/tmp/cargo-mutants-amplihack-pr-YcCg5x.tmp/target/debug/deps/libuuid-d03d2fc21fd13b3e.rlib --extern zip=/tmp/cargo-mutants-amplihack-pr-YcCg5x.tmp/target/debug/deps/libzip-8228d34f1cec4b5d.rlib -L native=/tmp/cargo-mutants-amplihack-pr-YcCg5x.tmp/target/debug/build/lbug-c2061b4e8dfc1d6b/out/build/src -L native=/tmp/cargo-mutants-amplihack-pr-YcCg5x.tmp/target/debug/build/lbug-c2061b4e8dfc1d6b/out/build/third_party/utf8proc -L native=/tmp/cargo-mutants-amplihack-pr-YcCg5x.tmp/target/debug/build/lbug-c2061b4e8dfc1d6b/out/build/third_party/antlr4_cypher -L native=/tmp/cargo-mutants-amplihack-pr-YcCg5x.tmp/target/debug/build/lbug-c2061b4e8dfc1d6b/out/build/third_party/antlr4_runtime -L native=/tmp/cargo-mutants-amplihack-pr-YcCg5x.tmp/target/debug/build/lbug-c2061b4e8dfc1d6b/out/build/third_party/re2 -L native=/tmp/cargo-mutants-amplihack-pr-YcCg5x.tmp/target/debug/build/lbug-c2061b4e8dfc1d6b/out/build/third_party/brotli -L native=/tmp/cargo-mutants-amplihack-pr-YcCg5x.tmp/target/debug/build/lbug-c2061b4e8dfc1d6b/out/build/third_party/alp -L native=/tmp/cargo-mutants-amplihack-pr-YcCg5x.tmp/target/debug/build/lbug-c2061b4e8dfc1d6b/out/build/third_party/fastpfor -L native=/tmp/cargo-mutants-amplihack-pr-YcCg5x.tmp/target/debug/build/lbug-c2061b4e8dfc1d6b/out/build/third_party/parquet -L native=/tmp/cargo-mutants-amplihack-pr-YcCg5x.tmp/target/debug/build/lbug-c2061b4e8dfc1d6b/out/build/third_party/thrift -L native=/tmp/cargo-mutants-amplihack-pr-YcCg5x.tmp/target/debug/build/lbug-c2061b4e8dfc1d6b/out/build/third_party/snappy -L native=/tmp/cargo-mutants-amplihack-pr-YcCg5x.tmp/target/debug/build/lbug-c2061b4e8dfc1d6b/out/build/third_party/zstd -L native=/tmp/cargo-mutants-amplihack-pr-YcCg5x.tmp/target/debug/build/lbug-c2061b4e8dfc1d6b/out/build/third_party/miniz -L native=/tmp/cargo-mutants-amplihack-pr-YcCg5x.tmp/target/debug/build/lbug-c2061b4e8dfc1d6b/out/build/third_party/mbedtls -L native=/tmp/cargo-mutants-amplihack-pr-YcCg5x.tmp/target/debug/build/lbug-c2061b4e8dfc1d6b/out/build/third_party/lz4 -L native=/tmp/cargo-mutants-amplihack-pr-YcCg5x.tmp/target/debug/build/lbug-c2061b4e8dfc1d6b/out/build/third_party/roaring_bitmap -L native=/tmp/cargo-mutants-amplihack-pr-YcCg5x.tmp/target/debug/build/lbug-c2061b4e8dfc1d6b/out/build/third_party/simsimd -L native=/tmp/cargo-mutants-amplihack-pr-YcCg5x.tmp/target/debug/build/lbug-c2061b4e8dfc1d6b/out/build/third_party/yyjson -L native=/tmp/cargo-mutants-amplihack-pr-YcCg5x.tmp/target/debug/build/lbug-c2061b4e8dfc1d6b/out -L native=/tmp/cargo-mutants-amplihack-pr-YcCg5x.tmp/target/debug/build/cxx-3dafb46d76064c7e/out -L native=/tmp/cargo-mutants-amplihack-pr-YcCg5x.tmp/target/debug/build/link-cplusplus-99e4942e4cf65b7c/out -L native=/tmp/cargo-mutants-amplihack-pr-YcCg5x.tmp/target/debug/build/libsqlite3-sys-f4dcd415928f89cb/out -L native=/tmp/cargo-mutants-amplihack-pr-YcCg5x.tmp/target/debug/build/ring-439005edc122cf5b/out`
     Running `/home/azureuser/.rustup/toolchains/1.97.0-x86_64-unknown-linux-gnu/bin/rustc --crate-name system_prompt_append_fragment --edition=2024 crates/amplihack-cli/tests/system_prompt_append_fragment.rs --error-format=json --json=diagnostic-rendered-ansi,artifacts,future-incompat --emit=dep-info,link -C embed-bitcode=no -C debuginfo=line-tables-only --warn=unexpected_cfgs --check-cfg 'cfg(kani)' --test --cfg 'feature="default"' --check-cfg 'cfg(docsrs,test)' --check-cfg 'cfg(feature, values("default", "signal", "test-support"))' -C metadata=d86c7f58febf7106 -C extra-filename=-870737cde1556510 --out-dir /tmp/cargo-mutants-amplihack-pr-YcCg5x.tmp/target/debug/deps -C incremental=/tmp/cargo-mutants-amplihack-pr-YcCg5x.tmp/target/debug/incremental -L dependency=/tmp/cargo-mutants-amplihack-pr-YcCg5x.tmp/target/debug/deps --extern amplihack_builders=/tmp/cargo-mutants-amplihack-pr-YcCg5x.tmp/target/debug/deps/libamplihack_builders-03993fac7567dfac.rlib --extern amplihack_cli=/tmp/cargo-mutants-amplihack-pr-YcCg5x.tmp/target/debug/deps/libamplihack_cli-29d762ce3c0fd35c.rlib --extern amplihack_hive=/tmp/cargo-mutants-amplihack-pr-YcCg5x.tmp/target/debug/deps/libamplihack_hive-7dcf48bdaeaf754c.rlib --extern amplihack_launcher=/tmp/cargo-mutants-amplihack-pr-YcCg5x.tmp/target/debug/deps/libamplihack_launcher-a0b196619987966a.rlib --extern amplihack_memory=/tmp/cargo-mutants-amplihack-pr-YcCg5x.tmp/target/debug/deps/libamplihack_memory-52ac4db15a775e5a.rlib --extern amplihack_orchestration=/tmp/cargo-mutants-amplihack-pr-YcCg5x.tmp/target/debug/deps/libamplihack_orchestration-ed20700a2c166be7.rlib --extern amplihack_reflection=/tmp/cargo-mutants-amplihack-pr-YcCg5x.tmp/target/debug/deps/libamplihack_reflection-9fc868256a9530da.rlib --extern amplihack_remote=/tmp/cargo-mutants-amplihack-pr-YcCg5x.tmp/target/debug/deps/libamplihack_remote-bda9eaf1668cac2f.rlib --extern amplihack_signal=/tmp/cargo-mutants-amplihack-pr-YcCg5x.tmp/target/debug/deps/libamplihack_signal-12b09c972d1bf694.rlib --extern amplihack_state=/tmp/cargo-mutants-amplihack-pr-YcCg5x.tmp/target/debug/deps/libamplihack_state-5bfc4593aa3c2735.rlib --extern amplihack_turn=/tmp/cargo-mutants-amplihack-pr-YcCg5x.tmp/target/debug/deps/libamplihack_turn-bf066a2c4d2d9785.rlib --extern amplihack_types=/tmp/cargo-mutants-amplihack-pr-YcCg5x.tmp/target/debug/deps/libamplihack_types-5aa2c2ee7df7bcf4.rlib --extern amplihack_utils=/tmp/cargo-mutants-amplihack-pr-YcCg5x.tmp/target/debug/deps/libamplihack_utils-08a9c706cfc82cac.rlib --extern amplihack_workflows=/tmp/cargo-mutants-amplihack-pr-YcCg5x.tmp/target/debug/deps/libamplihack_workflows-15e51595127c129b.rlib --extern anyhow=/tmp/cargo-mutants-amplihack-pr-YcCg5x.tmp/target/debug/deps/libanyhow-aaead62bc88b9429.rlib --extern assert_cmd=/tmp/cargo-mutants-amplihack-pr-YcCg5x.tmp/target/debug/deps/libassert_cmd-7a96199b9b843959.rlib --extern async_trait=/tmp/cargo-mutants-amplihack-pr-YcCg5x.tmp/target/debug/deps/libasync_trait-601d0c3ace375beb.so --extern chrono=/tmp/cargo-mutants-amplihack-pr-YcCg5x.tmp/target/debug/deps/libchrono-698d0514bedff45c.rlib --extern clap=/tmp/cargo-mutants-amplihack-pr-YcCg5x.tmp/target/debug/deps/libclap-0a08011544f8a5b8.rlib --extern clap_complete=/tmp/cargo-mutants-amplihack-pr-YcCg5x.tmp/target/debug/deps/libclap_complete-037496bed915a9d8.rlib --extern dialoguer=/tmp/cargo-mutants-amplihack-pr-YcCg5x.tmp/target/debug/deps/libdialoguer-701eb5d666153ef9.rlib --extern flate2=/tmp/cargo-mutants-amplihack-pr-YcCg5x.tmp/target/debug/deps/libflate2-c3906d7a8bde7622.rlib --extern fs4=/tmp/cargo-mutants-amplihack-pr-YcCg5x.tmp/target/debug/deps/libfs4-5b0e4af1974bf2a4.rlib --extern lbug=/tmp/cargo-mutants-amplihack-pr-YcCg5x.tmp/target/debug/deps/liblbug-59cfc3aac2014f89.rlib --extern libc=/tmp/cargo-mutants-amplihack-pr-YcCg5x.tmp/target/debug/deps/liblibc-4d73f44b645ff25b.rlib --extern lru=/tmp/cargo-mutants-amplihack-pr-YcCg5x.tmp/target/debug/deps/liblru-7e6e70a4ddd6b98d.rlib --extern prost=/tmp/cargo-mutants-amplihack-pr-YcCg5x.tmp/target/debug/deps/libprost-add16c9af461c9ee.rlib --extern regex=/tmp/cargo-mutants-amplihack-pr-YcCg5x.tmp/target/debug/deps/libregex-03ca1be4cec3c16d.rlib --extern rexpect=/tmp/cargo-mutants-amplihack-pr-YcCg5x.tmp/target/debug/deps/librexpect-5a0111470db11a54.rlib --extern rusqlite=/tmp/cargo-mutants-amplihack-pr-YcCg5x.tmp/target/debug/deps/librusqlite-90f542ebc6046a0d.rlib --extern semver=/tmp/cargo-mutants-amplihack-pr-YcCg5x.tmp/target/debug/deps/libsemver-d1ac1c952db7cf2d.rlib --extern serde=/tmp/cargo-mutants-amplihack-pr-YcCg5x.tmp/target/debug/deps/libserde-9862aaefd1081862.rlib --extern serde_json=/tmp/cargo-mutants-amplihack-pr-YcCg5x.tmp/target/debug/deps/libserde_json-061c00ff3e9853d1.rlib --extern serde_yaml=/tmp/cargo-mutants-amplihack-pr-YcCg5x.tmp/target/debug/deps/libserde_yaml-32f4debdc5c586ac.rlib --extern sha2=/tmp/cargo-mutants-amplihack-pr-YcCg5x.tmp/target/debug/deps/libsha2-9bd26e6f526c10f4.rlib --extern signal_hook=/tmp/cargo-mutants-amplihack-pr-YcCg5x.tmp/target/debug/deps/libsignal_hook-016995c66640b093.rlib --extern tar=/tmp/cargo-mutants-amplihack-pr-YcCg5x.tmp/target/debug/deps/libtar-739a95e6c50d0407.rlib --extern tempfile=/tmp/cargo-mutants-amplihack-pr-YcCg5x.tmp/target/debug/deps/libtempfile-5a176b43127bd653.rlib --extern thiserror=/tmp/cargo-mutants-amplihack-pr-YcCg5x.tmp/target/debug/deps/libthiserror-2e6c1412a455e99c.rlib --extern time=/tmp/cargo-mutants-amplihack-pr-YcCg5x.tmp/target/debug/deps/libtime-16367d88b56805ba.rlib --extern tokio=/tmp/cargo-mutants-amplihack-pr-YcCg5x.tmp/target/debug/deps/libtokio-72d59edba91c3e05.rlib --extern toml=/tmp/cargo-mutants-amplihack-pr-YcCg5x.tmp/target/debug/deps/libtoml-1a9bef83c37016d2.rlib --extern tracing=/tmp/cargo-mutants-amplihack-pr-YcCg5x.tmp/target/debug/deps/libtracing-c155b65c27f48072.rlib --extern tracing_subscriber=/tmp/cargo-mutants-amplihack-pr-YcCg5x.tmp/target/debug/deps/libtracing_subscriber-0a1c6037d6d0ddb6.rlib --extern ureq=/tmp/cargo-mutants-amplihack-pr-YcCg5x.tmp/target/debug/deps/libureq-a52054ce8bf46ff7.rlib --extern uuid=/tmp/cargo-mutants-amplihack-pr-YcCg5x.tmp/target/debug/deps/libuuid-d03d2fc21fd13b3e.rlib --extern zip=/tmp/cargo-mutants-amplihack-pr-YcCg5x.tmp/target/debug/deps/libzip-8228d34f1cec4b5d.rlib -L native=/tmp/cargo-mutants-amplihack-pr-YcCg5x.tmp/target/debug/build/lbug-c2061b4e8dfc1d6b/out/build/src -L native=/tmp/cargo-mutants-amplihack-pr-YcCg5x.tmp/target/debug/build/lbug-c2061b4e8dfc1d6b/out/build/third_party/utf8proc -L native=/tmp/cargo-mutants-amplihack-pr-YcCg5x.tmp/target/debug/build/lbug-c2061b4e8dfc1d6b/out/build/third_party/antlr4_cypher -L native=/tmp/cargo-mutants-amplihack-pr-YcCg5x.tmp/target/debug/build/lbug-c2061b4e8dfc1d6b/out/build/third_party/antlr4_runtime -L native=/tmp/cargo-mutants-amplihack-pr-YcCg5x.tmp/target/debug/build/lbug-c2061b4e8dfc1d6b/out/build/third_party/re2 -L native=/tmp/cargo-mutants-amplihack-pr-YcCg5x.tmp/target/debug/build/lbug-c2061b4e8dfc1d6b/out/build/third_party/brotli -L native=/tmp/cargo-mutants-amplihack-pr-YcCg5x.tmp/target/debug/build/lbug-c2061b4e8dfc1d6b/out/build/third_party/alp -L native=/tmp/cargo-mutants-amplihack-pr-YcCg5x.tmp/target/debug/build/lbug-c2061b4e8dfc1d6b/out/build/third_party/fastpfor -L native=/tmp/cargo-mutants-amplihack-pr-YcCg5x.tmp/target/debug/build/lbug-c2061b4e8dfc1d6b/out/build/third_party/parquet -L native=/tmp/cargo-mutants-amplihack-pr-YcCg5x.tmp/target/debug/build/lbug-c2061b4e8dfc1d6b/out/build/third_party/thrift -L native=/tmp/cargo-mutants-amplihack-pr-YcCg5x.tmp/target/debug/build/lbug-c2061b4e8dfc1d6b/out/build/third_party/snappy -L native=/tmp/cargo-mutants-amplihack-pr-YcCg5x.tmp/target/debug/build/lbug-c2061b4e8dfc1d6b/out/build/third_party/zstd -L native=/tmp/cargo-mutants-amplihack-pr-YcCg5x.tmp/target/debug/build/lbug-c2061b4e8dfc1d6b/out/build/third_party/miniz -L native=/tmp/cargo-mutants-amplihack-pr-YcCg5x.tmp/target/debug/build/lbug-c2061b4e8dfc1d6b/out/build/third_party/mbedtls -L native=/tmp/cargo-mutants-amplihack-pr-YcCg5x.tmp/target/debug/build/lbug-c2061b4e8dfc1d6b/out/build/third_party/lz4 -L native=/tmp/cargo-mutants-amplihack-pr-YcCg5x.tmp/target/debug/build/lbug-c2061b4e8dfc1d6b/out/build/third_party/roaring_bitmap -L native=/tmp/cargo-mutants-amplihack-pr-YcCg5x.tmp/target/debug/build/lbug-c2061b4e8dfc1d6b/out/build/third_party/simsimd -L native=/tmp/cargo-mutants-amplihack-pr-YcCg5x.tmp/target/debug/build/lbug-c2061b4e8dfc1d6b/out/build/third_party/yyjson -L native=/tmp/cargo-mutants-amplihack-pr-YcCg5x.tmp/target/debug/build/lbug-c2061b4e8dfc1d6b/out -L native=/tmp/cargo-mutants-amplihack-pr-YcCg5x.tmp/target/debug/build/cxx-3dafb46d76064c7e/out -L native=/tmp/cargo-mutants-amplihack-pr-YcCg5x.tmp/target/debug/build/link-cplusplus-99e4942e4cf65b7c/out -L native=/tmp/cargo-mutants-amplihack-pr-YcCg5x.tmp/target/debug/build/libsqlite3-sys-f4dcd415928f89cb/out -L native=/tmp/cargo-mutants-amplihack-pr-YcCg5x.tmp/target/debug/build/ring-439005edc122cf5b/out`
error: failed to write file '/tmp/cargo-mutants-amplihack-pr-YcCg5x.tmp/target/debug/deps/liblbug-59cfc3aac2014f89.rlib': No space left on device (os error 28)

error: could not compile `amplihack-cli` (lib test) due to 1 previous error

Caused by:
  process didn't exit successfully: `/home/azureuser/.rustup/toolchains/1.97.0-x86_64-unknown-linux-gnu/bin/rustc --crate-name amplihack_cli --edition=2024 crates/amplihack-cli/src/lib.rs --error-format=json --json=diagnostic-rendered-ansi,artifacts,future-incompat --emit=dep-info,link -C embed-bitcode=no -C debuginfo=line-tables-only --warn=unexpected_cfgs --check-cfg 'cfg(kani)' --test --cfg 'feature="default"' --check-cfg 'cfg(docsrs,test)' --check-cfg 'cfg(feature, values("default", "signal", "test-support"))' -C metadata=3bc5a3280097f8ca -C extra-filename=-9a96a7f78998a81d --out-dir /tmp/cargo-mutants-amplihack-pr-YcCg5x.tmp/target/debug/deps -C incremental=/tmp/cargo-mutants-amplihack-pr-YcCg5x.tmp/target/debug/incremental -L dependency=/tmp/cargo-mutants-amplihack-pr-YcCg5x.tmp/target/debug/deps --extern amplihack_builders=/tmp/cargo-mutants-amplihack-pr-YcCg5x.tmp/target/debug/deps/libamplihack_builders-03993fac7567dfac.rlib --extern amplihack_hive=/tmp/cargo-mutants-amplihack-pr-YcCg5x.tmp/target/debug/deps/libamplihack_hive-7dcf48bdaeaf754c.rlib --extern amplihack_launcher=/tmp/cargo-mutants-amplihack-pr-YcCg5x.tmp/target/debug/deps/libamplihack_launcher-a0b196619987966a.rlib --extern amplihack_memory=/tmp/cargo-mutants-amplihack-pr-YcCg5x.tmp/target/debug/deps/libamplihack_memory-52ac4db15a775e5a.rlib --extern amplihack_orchestration=/tmp/cargo-mutants-amplihack-pr-YcCg5x.tmp/target/debug/deps/libamplihack_orchestration-ed20700a2c166be7.rlib --extern amplihack_reflection=/tmp/cargo-mutants-amplihack-pr-YcCg5x.tmp/target/debug/deps/libamplihack_reflection-9fc868256a9530da.rlib --extern amplihack_remote=/tmp/cargo-mutants-amplihack-pr-YcCg5x.tmp/target/debug/deps/libamplihack_remote-bda9eaf1668cac2f.rlib --extern amplihack_signal=/tmp/cargo-mutants-amplihack-pr-YcCg5x.tmp/target/debug/deps/libamplihack_signal-12b09c972d1bf694.rlib --extern amplihack_state=/tmp/cargo-mutants-amplihack-pr-YcCg5x.tmp/target/debug/deps/libamplihack_state-5bfc4593aa3c2735.rlib --extern amplihack_turn=/tmp/cargo-mutants-amplihack-pr-YcCg5x.tmp/target/debug/deps/libamplihack_turn-bf066a2c4d2d9785.rlib --extern amplihack_types=/tmp/cargo-mutants-amplihack-pr-YcCg5x.tmp/target/debug/deps/libamplihack_types-5aa2c2ee7df7bcf4.rlib --extern amplihack_utils=/tmp/cargo-mutants-amplihack-pr-YcCg5x.tmp/target/debug/deps/libamplihack_utils-08a9c706cfc82cac.rlib --extern amplihack_workflows=/tmp/cargo-mutants-amplihack-pr-YcCg5x.tmp/target/debug/deps/libamplihack_workflows-15e51595127c129b.rlib --extern anyhow=/tmp/cargo-mutants-amplihack-pr-YcCg5x.tmp/target/debug/deps/libanyhow-aaead62bc88b9429.rlib --extern assert_cmd=/tmp/cargo-mutants-amplihack-pr-YcCg5x.tmp/target/debug/deps/libassert_cmd-7a96199b9b843959.rlib --extern async_trait=/tmp/cargo-mutants-amplihack-pr-YcCg5x.tmp/target/debug/deps/libasync_trait-601d0c3ace375beb.so --extern chrono=/tmp/cargo-mutants-amplihack-pr-YcCg5x.tmp/target/debug/deps/libchrono-698d0514bedff45c.rlib --extern clap=/tmp/cargo-mutants-amplihack-pr-YcCg5x.tmp/target/debug/deps/libclap-0a08011544f8a5b8.rlib --extern clap_complete=/tmp/cargo-mutants-amplihack-pr-YcCg5x.tmp/target/debug/deps/libclap_complete-037496bed915a9d8.rlib --extern dialoguer=/tmp/cargo-mutants-amplihack-pr-YcCg5x.tmp/target/debug/deps/libdialoguer-701eb5d666153ef9.rlib --extern flate2=/tmp/cargo-mutants-amplihack-pr-YcCg5x.tmp/target/debug/deps/libflate2-c3906d7a8bde7622.rlib --extern fs4=/tmp/cargo-mutants-amplihack-pr-YcCg5x.tmp/target/debug/deps/libfs4-5b0e4af1974bf2a4.rlib --extern lbug=/tmp/cargo-mutants-amplihack-pr-YcCg5x.tmp/target/debug/deps/liblbug-59cfc3aac2014f89.rlib --extern libc=/tmp/cargo-mutants-amplihack-pr-YcCg5x.tmp/target/debug/deps/liblibc-4d73f44b645ff25b.rlib --extern lru=/tmp/cargo-mutants-amplihack-pr-YcCg5x.tmp/target/debug/deps/liblru-7e6e70a4ddd6b98d.rlib --extern prost=/tmp/cargo-mutants-amplihack-pr-YcCg5x.tmp/target/debug/deps/libprost-add16c9af461c9ee.rlib --extern regex=/tmp/cargo-mutants-amplihack-pr-YcCg5x.tmp/target/debug/deps/libregex-03ca1be4cec3c16d.rlib --extern rexpect=/tmp/cargo-mutants-amplihack-pr-YcCg5x.tmp/target/debug/deps/librexpect-5a0111470db11a54.rlib --extern rusqlite=/tmp/cargo-mutants-amplihack-pr-YcCg5x.tmp/target/debug/deps/librusqlite-90f542ebc6046a0d.rlib --extern semver=/tmp/cargo-mutants-amplihack-pr-YcCg5x.tmp/target/debug/deps/libsemver-d1ac1c952db7cf2d.rlib --extern serde=/tmp/cargo-mutants-amplihack-pr-YcCg5x.tmp/target/debug/deps/libserde-9862aaefd1081862.rlib --extern serde_json=/tmp/cargo-mutants-amplihack-pr-YcCg5x.tmp/target/debug/deps/libserde_json-061c00ff3e9853d1.rlib --extern serde_yaml=/tmp/cargo-mutants-amplihack-pr-YcCg5x.tmp/target/debug/deps/libserde_yaml-32f4debdc5c586ac.rlib --extern sha2=/tmp/cargo-mutants-amplihack-pr-YcCg5x.tmp/target/debug/deps/libsha2-9bd26e6f526c10f4.rlib --extern signal_hook=/tmp/cargo-mutants-amplihack-pr-YcCg5x.tmp/target/debug/deps/libsignal_hook-016995c66640b093.rlib --extern tar=/tmp/cargo-mutants-amplihack-pr-YcCg5x.tmp/target/debug/deps/libtar-739a95e6c50d0407.rlib --extern tempfile=/tmp/cargo-mutants-amplihack-pr-YcCg5x.tmp/target/debug/deps/libtempfile-5a176b43127bd653.rlib --extern thiserror=/tmp/cargo-mutants-amplihack-pr-YcCg5x.tmp/target/debug/deps/libthiserror-2e6c1412a455e99c.rlib --extern time=/tmp/cargo-mutants-amplihack-pr-YcCg5x.tmp/target/debug/deps/libtime-16367d88b56805ba.rlib --extern tokio=/tmp/cargo-mutants-amplihack-pr-YcCg5x.tmp/target/debug/deps/libtokio-72d59edba91c3e05.rlib --extern toml=/tmp/cargo-mutants-amplihack-pr-YcCg5x.tmp/target/debug/deps/libtoml-1a9bef83c37016d2.rlib --extern tracing=/tmp/cargo-mutants-amplihack-pr-YcCg5x.tmp/target/debug/deps/libtracing-c155b65c27f48072.rlib --extern tracing_subscriber=/tmp/cargo-mutants-amplihack-pr-YcCg5x.tmp/target/debug/deps/libtracing_subscriber-0a1c6037d6d0ddb6.rlib --extern ureq=/tmp/cargo-mutants-amplihack-pr-YcCg5x.tmp/target/debug/deps/libureq-a52054ce8bf46ff7.rlib --extern uuid=/tmp/cargo-mutants-amplihack-pr-YcCg5x.tmp/target/debug/deps/libuuid-d03d2fc21fd13b3e.rlib --extern zip=/tmp/cargo-mutants-amplihack-pr-YcCg5x.tmp/target/debug/deps/libzip-8228d34f1cec4b5d.rlib -L native=/tmp/cargo-mutants-amplihack-pr-YcCg5x.tmp/target/debug/build/lbug-c2061b4e8dfc1d6b/out/build/src -L native=/tmp/cargo-mutants-amplihack-pr-YcCg5x.tmp/target/debug/build/lbug-c2061b4e8dfc1d6b/out/build/third_party/utf8proc -L native=/tmp/cargo-mutants-amplihack-pr-YcCg5x.tmp/target/debug/build/lbug-c2061b4e8dfc1d6b/out/build/third_party/antlr4_cypher -L native=/tmp/cargo-mutants-amplihack-pr-YcCg5x.tmp/target/debug/build/lbug-c2061b4e8dfc1d6b/out/build/third_party/antlr4_runtime -L native=/tmp/cargo-mutants-amplihack-pr-YcCg5x.tmp/target/debug/build/lbug-c2061b4e8dfc1d6b/out/build/third_party/re2 -L native=/tmp/cargo-mutants-amplihack-pr-YcCg5x.tmp/target/debug/build/lbug-c2061b4e8dfc1d6b/out/build/third_party/brotli -L native=/tmp/cargo-mutants-amplihack-pr-YcCg5x.tmp/target/debug/build/lbug-c2061b4e8dfc1d6b/out/build/third_party/alp -L native=/tmp/cargo-mutants-amplihack-pr-YcCg5x.tmp/target/debug/build/lbug-c2061b4e8dfc1d6b/out/build/third_party/fastpfor -L native=/tmp/cargo-mutants-amplihack-pr-YcCg5x.tmp/target/debug/build/lbug-c2061b4e8dfc1d6b/out/build/third_party/parquet -L native=/tmp/cargo-mutants-amplihack-pr-YcCg5x.tmp/target/debug/build/lbug-c2061b4e8dfc1d6b/out/build/third_party/thrift -L native=/tmp/cargo-mutants-amplihack-pr-YcCg5x.tmp/target/debug/build/lbug-c2061b4e8dfc1d6b/out/build/third_party/snappy -L native=/tmp/cargo-mutants-amplihack-pr-YcCg5x.tmp/target/debug/build/lbug-c2061b4e8dfc1d6b/out/build/third_party/zstd -L native=/tmp/cargo-mutants-amplihack-pr-YcCg5x.tmp/target/debug/build/lbug-c2061b4e8dfc1d6b/out/build/third_party/miniz -L native=/tmp/cargo-mutants-amplihack-pr-YcCg5x.tmp/target/debug/build/lbug-c2061b4e8dfc1d6b/out/build/third_party/mbedtls -L native=/tmp/cargo-mutants-amplihack-pr-YcCg5x.tmp/target/debug/build/lbug-c2061b4e8dfc1d6b/out/build/third_party/lz4 -L native=/tmp/cargo-mutants-amplihack-pr-YcCg5x.tmp/target/debug/build/lbug-c2061b4e8dfc1d6b/out/build/third_party/roaring_bitmap -L native=/tmp/cargo-mutants-amplihack-pr-YcCg5x.tmp/target/debug/build/lbug-c2061b4e8dfc1d6b/out/build/third_party/simsimd -L native=/tmp/cargo-mutants-amplihack-pr-YcCg5x.tmp/target/debug/build/lbug-c2061b4e8dfc1d6b/out/build/third_party/yyjson -L native=/tmp/cargo-mutants-amplihack-pr-YcCg5x.tmp/target/debug/build/lbug-c2061b4e8dfc1d6b/out -L native=/tmp/cargo-mutants-amplihack-pr-YcCg5x.tmp/target/debug/build/cxx-3dafb46d76064c7e/out -L native=/tmp/cargo-mutants-amplihack-pr-YcCg5x.tmp/target/debug/build/link-cplusplus-99e4942e4cf65b7c/out -L native=/tmp/cargo-mutants-amplihack-pr-YcCg5x.tmp/target/debug/build/libsqlite3-sys-f4dcd415928f89cb/out -L native=/tmp/cargo-mutants-amplihack-pr-YcCg5x.tmp/target/debug/build/ring-439005edc122cf5b/out` (exit status: 1)
warning: build failed, waiting for other jobs to finish...
error: could not compile `amplihack-cli` (test "active_agent_binary_default_test") due to 1 previous error

Caused by:
  process didn't exit successfully: `/home/azureuser/.rustup/toolchains/1.97.0-x86_64-unknown-linux-gnu/bin/rustc --crate-name active_agent_binary_default_test --edition=2024 crates/amplihack-cli/tests/active_agent_binary_default_test.rs --error-format=json --json=diagnostic-rendered-ansi,artifacts,future-incompat --emit=dep-info,link -C embed-bitcode=no -C debuginfo=line-tables-only --warn=unexpected_cfgs --check-cfg 'cfg(kani)' --test --cfg 'feature="default"' --check-cfg 'cfg(docsrs,test)' --check-cfg 'cfg(feature, values("default", "signal", "test-support"))' -C metadata=5885ff6f9eb32d2c -C extra-filename=-8825f6db6c85eaf3 --out-dir /tmp/cargo-mutants-amplihack-pr-YcCg5x.tmp/target/debug/deps -C incremental=/tmp/cargo-mutants-amplihack-pr-YcCg5x.tmp/target/debug/incremental -L dependency=/tmp/cargo-mutants-amplihack-pr-YcCg5x.tmp/target/debug/deps --extern amplihack_builders=/tmp/cargo-mutants-amplihack-pr-YcCg5x.tmp/target/debug/deps/libamplihack_builders-03993fac7567dfac.rlib --extern amplihack_cli=/tmp/cargo-mutants-amplihack-pr-YcCg5x.tmp/target/debug/deps/libamplihack_cli-29d762ce3c0fd35c.rlib --extern amplihack_hive=/tmp/cargo-mutants-amplihack-pr-YcCg5x.tmp/target/debug/deps/libamplihack_hive-7dcf48bdaeaf754c.rlib --extern amplihack_launcher=/tmp/cargo-mutants-amplihack-pr-YcCg5x.tmp/target/debug/deps/libamplihack_launcher-a0b196619987966a.rlib --extern amplihack_memory=/tmp/cargo-mutants-amplihack-pr-YcCg5x.tmp/target/debug/deps/libamplihack_memory-52ac4db15a775e5a.rlib --extern amplihack_orchestration=/tmp/cargo-mutants-amplihack-pr-YcCg5x.tmp/target/debug/deps/libamplihack_orchestration-ed20700a2c166be7.rlib --extern amplihack_reflection=/tmp/cargo-mutants-amplihack-pr-YcCg5x.tmp/target/debug/deps/libamplihack_reflection-9fc868256a9530da.rlib --extern amplihack_remote=/tmp/cargo-mutants-amplihack-pr-YcCg5x.tmp/target/debug/deps/libamplihack_remote-bda9eaf1668cac2f.rlib --extern amplihack_signal=/tmp/cargo-mutants-amplihack-pr-YcCg5x.tmp/target/debug/deps/libamplihack_signal-12b09c972d1bf694.rlib --extern amplihack_state=/tmp/cargo-mutants-amplihack-pr-YcCg5x.tmp/target/debug/deps/libamplihack_state-5bfc4593aa3c2735.rlib --extern amplihack_turn=/tmp/cargo-mutants-amplihack-pr-YcCg5x.tmp/target/debug/deps/libamplihack_turn-bf066a2c4d2d9785.rlib --extern amplihack_types=/tmp/cargo-mutants-amplihack-pr-YcCg5x.tmp/target/debug/deps/libamplihack_types-5aa2c2ee7df7bcf4.rlib --extern amplihack_utils=/tmp/cargo-mutants-amplihack-pr-YcCg5x.tmp/target/debug/deps/libamplihack_utils-08a9c706cfc82cac.rlib --extern amplihack_workflows=/tmp/cargo-mutants-amplihack-pr-YcCg5x.tmp/target/debug/deps/libamplihack_workflows-15e51595127c129b.rlib --extern anyhow=/tmp/cargo-mutants-amplihack-pr-YcCg5x.tmp/target/debug/deps/libanyhow-aaead62bc88b9429.rlib --extern assert_cmd=/tmp/cargo-mutants-amplihack-pr-YcCg5x.tmp/target/debug/deps/libassert_cmd-7a96199b9b843959.rlib --extern async_trait=/tmp/cargo-mutants-amplihack-pr-YcCg5x.tmp/target/debug/deps/libasync_trait-601d0c3ace375beb.so --extern chrono=/tmp/cargo-mutants-amplihack-pr-YcCg5x.tmp/target/debug/deps/libchrono-698d0514bedff45c.rlib --extern clap=/tmp/cargo-mutants-amplihack-pr-YcCg5x.tmp/target/debug/deps/libclap-0a08011544f8a5b8.rlib --extern clap_complete=/tmp/cargo-mutants-amplihack-pr-YcCg5x.tmp/target/debug/deps/libclap_complete-037496bed915a9d8.rlib --extern dialoguer=/tmp/cargo-mutants-amplihack-pr-YcCg5x.tmp/target/debug/deps/libdialoguer-701eb5d666153ef9.rlib --extern flate2=/tmp/cargo-mutants-amplihack-pr-YcCg5x.tmp/target/debug/deps/libflate2-c3906d7a8bde7622.rlib --extern fs4=/tmp/cargo-mutants-amplihack-pr-YcCg5x.tmp/target/debug/deps/libfs4-5b0e4af1974bf2a4.rlib --extern lbug=/tmp/cargo-mutants-amplihack-pr-YcCg5x.tmp/target/debug/deps/liblbug-59cfc3aac2014f89.rlib --extern libc=/tmp/cargo-mutants-amplihack-pr-YcCg5x.tmp/target/debug/deps/liblibc-4d73f44b645ff25b.rlib --extern lru=/tmp/cargo-mutants-amplihack-pr-YcCg5x.tmp/target/debug/deps/liblru-7e6e70a4ddd6b98d.rlib --extern prost=/tmp/cargo-mutants-amplihack-pr-YcCg5x.tmp/target/debug/deps/libprost-add16c9af461c9ee.rlib --extern regex=/tmp/cargo-mutants-amplihack-pr-YcCg5x.tmp/target/debug/deps/libregex-03ca1be4cec3c16d.rlib --extern rexpect=/tmp/cargo-mutants-amplihack-pr-YcCg5x.tmp/target/debug/deps/librexpect-5a0111470db11a54.rlib --extern rusqlite=/tmp/cargo-mutants-amplihack-pr-YcCg5x.tmp/target/debug/deps/librusqlite-90f542ebc6046a0d.rlib --extern semver=/tmp/cargo-mutants-amplihack-pr-YcCg5x.tmp/target/debug/deps/libsemver-d1ac1c952db7cf2d.rlib --extern serde=/tmp/cargo-mutants-amplihack-pr-YcCg5x.tmp/target/debug/deps/libserde-9862aaefd1081862.rlib --extern serde_json=/tmp/cargo-mutants-amplihack-pr-YcCg5x.tmp/target/debug/deps/libserde_json-061c00ff3e9853d1.rlib --extern serde_yaml=/tmp/cargo-mutants-amplihack-pr-YcCg5x.tmp/target/debug/deps/libserde_yaml-32f4debdc5c586ac.rlib --extern sha2=/tmp/cargo-mutants-amplihack-pr-YcCg5x.tmp/target/debug/deps/libsha2-9bd26e6f526c10f4.rlib --extern signal_hook=/tmp/cargo-mutants-amplihack-pr-YcCg5x.tmp/target/debug/deps/libsignal_hook-016995c66640b093.rlib --extern tar=/tmp/cargo-mutants-amplihack-pr-YcCg5x.tmp/target/debug/deps/libtar-739a95e6c50d0407.rlib --extern tempfile=/tmp/cargo-mutants-amplihack-pr-YcCg5x.tmp/target/debug/deps/libtempfile-5a176b43127bd653.rlib --extern thiserror=/tmp/cargo-mutants-amplihack-pr-YcCg5x.tmp/target/debug/deps/libthiserror-2e6c1412a455e99c.rlib --extern time=/tmp/cargo-mutants-amplihack-pr-YcCg5x.tmp/target/debug/deps/libtime-16367d88b56805ba.rlib --extern tokio=/tmp/cargo-mutants-amplihack-pr-YcCg5x.tmp/target/debug/deps/libtokio-72d59edba91c3e05.rlib --extern toml=/tmp/cargo-mutants-amplihack-pr-YcCg5x.tmp/target/debug/deps/libtoml-1a9bef83c37016d2.rlib --extern tracing=/tmp/cargo-mutants-amplihack-pr-YcCg5x.tmp/target/debug/deps/libtracing-c155b65c27f48072.rlib --extern tracing_subscriber=/tmp/cargo-mutants-amplihack-pr-YcCg5x.tmp/target/debug/deps/libtracing_subscriber-0a1c6037d6d0ddb6.rlib --extern ureq=/tmp/cargo-mutants-amplihack-pr-YcCg5x.tmp/target/debug/deps/libureq-a52054ce8bf46ff7.rlib --extern uuid=/tmp/cargo-mutants-amplihack-pr-YcCg5x.tmp/target/debug/deps/libuuid-d03d2fc21fd13b3e.rlib --extern zip=/tmp/cargo-mutants-amplihack-pr-YcCg5x.tmp/target/debug/deps/libzip-8228d34f1cec4b5d.rlib -L native=/tmp/cargo-mutants-amplihack-pr-YcCg5x.tmp/target/debug/build/lbug-c2061b4e8dfc1d6b/out/build/src -L native=/tmp/cargo-mutants-amplihack-pr-YcCg5x.tmp/target/debug/build/lbug-c2061b4e8dfc1d6b/out/build/third_party/utf8proc -L native=/tmp/cargo-mutants-amplihack-pr-YcCg5x.tmp/target/debug/build/lbug-c2061b4e8dfc1d6b/out/build/third_party/antlr4_cypher -L native=/tmp/cargo-mutants-amplihack-pr-YcCg5x.tmp/target/debug/build/lbug-c2061b4e8dfc1d6b/out/build/third_party/antlr4_runtime -L native=/tmp/cargo-mutants-amplihack-pr-YcCg5x.tmp/target/debug/build/lbug-c2061b4e8dfc1d6b/out/build/third_party/re2 -L native=/tmp/cargo-mutants-amplihack-pr-YcCg5x.tmp/target/debug/build/lbug-c2061b4e8dfc1d6b/out/build/third_party/brotli -L native=/tmp/cargo-mutants-amplihack-pr-YcCg5x.tmp/target/debug/build/lbug-c2061b4e8dfc1d6b/out/build/third_party/alp -L native=/tmp/cargo-mutants-amplihack-pr-YcCg5x.tmp/target/debug/build/lbug-c2061b4e8dfc1d6b/out/build/third_party/fastpfor -L native=/tmp/cargo-mutants-amplihack-pr-YcCg5x.tmp/target/debug/build/lbug-c2061b4e8dfc1d6b/out/build/third_party/parquet -L native=/tmp/cargo-mutants-amplihack-pr-YcCg5x.tmp/target/debug/build/lbug-c2061b4e8dfc1d6b/out/build/third_party/thrift -L native=/tmp/cargo-mutants-amplihack-pr-YcCg5x.tmp/target/debug/build/lbug-c2061b4e8dfc1d6b/out/build/third_party/snappy -L native=/tmp/cargo-mutants-amplihack-pr-YcCg5x.tmp/target/debug/build/lbug-c2061b4e8dfc1d6b/out/build/third_party/zstd -L native=/tmp/cargo-mutants-amplihack-pr-YcCg5x.tmp/target/debug/build/lbug-c2061b4e8dfc1d6b/out/build/third_party/miniz -L native=/tmp/cargo-mutants-amplihack-pr-YcCg5x.tmp/target/debug/build/lbug-c2061b4e8dfc1d6b/out/build/third_party/mbedtls -L native=/tmp/cargo-mutants-amplihack-pr-YcCg5x.tmp/target/debug/build/lbug-c2061b4e8dfc1d6b/out/build/third_party/lz4 -L native=/tmp/cargo-mutants-amplihack-pr-YcCg5x.tmp/target/debug/build/lbug-c2061b4e8dfc1d6b/out/build/third_party/roaring_bitmap -L native=/tmp/cargo-mutants-amplihack-pr-YcCg5x.tmp/target/debug/build/lbug-c2061b4e8dfc1d6b/out/build/third_party/simsimd -L native=/tmp/cargo-mutants-amplihack-pr-YcCg5x.tmp/target/debug/build/lbug-c2061b4e8dfc1d6b/out/build/third_party/yyjson -L native=/tmp/cargo-mutants-amplihack-pr-YcCg5x.tmp/target/debug/build/lbug-c2061b4e8dfc1d6b/out -L native=/tmp/cargo-mutants-amplihack-pr-YcCg5x.tmp/target/debug/build/cxx-3dafb46d76064c7e/out -L native=/tmp/cargo-mutants-amplihack-pr-YcCg5x.tmp/target/debug/build/link-cplusplus-99e4942e4cf65b7c/out -L native=/tmp/cargo-mutants-amplihack-pr-YcCg5x.tmp/target/debug/build/libsqlite3-sys-f4dcd415928f89cb/out -L native=/tmp/cargo-mutants-amplihack-pr-YcCg5x.tmp/target/debug/build/ring-439005edc122cf5b/out` (exit status: 1)
error: could not compile `amplihack-cli` (test "issue_820_merge_validations_mixed_output") due to 1 previous error

Caused by:
  process didn't exit successfully: `/home/azureuser/.rustup/toolchains/1.97.0-x86_64-unknown-linux-gnu/bin/rustc --crate-name issue_820_merge_validations_mixed_output --edition=2024 crates/amplihack-cli/tests/issue_820_merge_validations_mixed_output.rs --error-format=json --json=diagnostic-rendered-ansi,artifacts,future-incompat --emit=dep-info,link -C embed-bitcode=no -C debuginfo=line-tables-only --warn=unexpected_cfgs --check-cfg 'cfg(kani)' --test --cfg 'feature="default"' --check-cfg 'cfg(docsrs,test)' --check-cfg 'cfg(feature, values("default", "signal", "test-support"))' -C metadata=fedc36fbb073b95e -C extra-filename=-da2592b7abb30107 --out-dir /tmp/cargo-mutants-amplihack-pr-YcCg5x.tmp/target/debug/deps -C incremental=/tmp/cargo-mutants-amplihack-pr-YcCg5x.tmp/target/debug/incremental -L dependency=/tmp/cargo-mutants-amplihack-pr-YcCg5x.tmp/target/debug/deps --extern amplihack_builders=/tmp/cargo-mutants-amplihack-pr-YcCg5x.tmp/target/debug/deps/libamplihack_builders-03993fac7567dfac.rlib --extern amplihack_cli=/tmp/cargo-mutants-amplihack-pr-YcCg5x.tmp/target/debug/deps/libamplihack_cli-29d762ce3c0fd35c.rlib --extern amplihack_hive=/tmp/cargo-mutants-amplihack-pr-YcCg5x.tmp/target/debug/deps/libamplihack_hive-7dcf48bdaeaf754c.rlib --extern amplihack_launcher=/tmp/cargo-mutants-amplihack-pr-YcCg5x.tmp/target/debug/deps/libamplihack_launcher-a0b196619987966a.rlib --extern amplihack_memory=/tmp/cargo-mutants-amplihack-pr-YcCg5x.tmp/target/debug/deps/libamplihack_memory-52ac4db15a775e5a.rlib --extern amplihack_orchestration=/tmp/cargo-mutants-amplihack-pr-YcCg5x.tmp/target/debug/deps/libamplihack_orchestration-ed20700a2c166be7.rlib --extern amplihack_reflection=/tmp/cargo-mutants-amplihack-pr-YcCg5x.tmp/target/debug/deps/libamplihack_reflection-9fc868256a9530da.rlib --extern amplihack_remote=/tmp/cargo-mutants-amplihack-pr-YcCg5x.tmp/target/debug/deps/libamplihack_remote-bda9eaf1668cac2f.rlib --extern amplihack_signal=/tmp/cargo-mutants-amplihack-pr-YcCg5x.tmp/target/debug/deps/libamplihack_signal-12b09c972d1bf694.rlib --extern amplihack_state=/tmp/cargo-mutants-amplihack-pr-YcCg5x.tmp/target/debug/deps/libamplihack_state-5bfc4593aa3c2735.rlib --extern amplihack_turn=/tmp/cargo-mutants-amplihack-pr-YcCg5x.tmp/target/debug/deps/libamplihack_turn-bf066a2c4d2d9785.rlib --extern amplihack_types=/tmp/cargo-mutants-amplihack-pr-YcCg5x.tmp/target/debug/deps/libamplihack_types-5aa2c2ee7df7bcf4.rlib --extern amplihack_utils=/tmp/cargo-mutants-amplihack-pr-YcCg5x.tmp/target/debug/deps/libamplihack_utils-08a9c706cfc82cac.rlib --extern amplihack_workflows=/tmp/cargo-mutants-amplihack-pr-YcCg5x.tmp/target/debug/deps/libamplihack_workflows-15e51595127c129b.rlib --extern anyhow=/tmp/cargo-mutants-amplihack-pr-YcCg5x.tmp/target/debug/deps/libanyhow-aaead62bc88b9429.rlib --extern assert_cmd=/tmp/cargo-mutants-amplihack-pr-YcCg5x.tmp/target/debug/deps/libassert_cmd-7a96199b9b843959.rlib --extern async_trait=/tmp/cargo-mutants-amplihack-pr-YcCg5x.tmp/target/debug/deps/libasync_trait-601d0c3ace375beb.so --extern chrono=/tmp/cargo-mutants-amplihack-pr-YcCg5x.tmp/target/debug/deps/libchrono-698d0514bedff45c.rlib --extern clap=/tmp/cargo-mutants-amplihack-pr-YcCg5x.tmp/target/debug/deps/libclap-0a08011544f8a5b8.rlib --extern clap_complete=/tmp/cargo-mutants-amplihack-pr-YcCg5x.tmp/target/debug/deps/libclap_complete-037496bed915a9d8.rlib --extern dialoguer=/tmp/cargo-mutants-amplihack-pr-YcCg5x.tmp/target/debug/deps/libdialoguer-701eb5d666153ef9.rlib --extern flate2=/tmp/cargo-mutants-amplihack-pr-YcCg5x.tmp/target/debug/deps/libflate2-c3906d7a8bde7622.rlib --extern fs4=/tmp/cargo-mutants-amplihack-pr-YcCg5x.tmp/target/debug/deps/libfs4-5b0e4af1974bf2a4.rlib --extern lbug=/tmp/cargo-mutants-amplihack-pr-YcCg5x.tmp/target/debug/deps/liblbug-59cfc3aac2014f89.rlib --extern libc=/tmp/cargo-mutants-amplihack-pr-YcCg5x.tmp/target/debug/deps/liblibc-4d73f44b645ff25b.rlib --extern lru=/tmp/cargo-mutants-amplihack-pr-YcCg5x.tmp/target/debug/deps/liblru-7e6e70a4ddd6b98d.rlib --extern prost=/tmp/cargo-mutants-amplihack-pr-YcCg5x.tmp/target/debug/deps/libprost-add16c9af461c9ee.rlib --extern regex=/tmp/cargo-mutants-amplihack-pr-YcCg5x.tmp/target/debug/deps/libregex-03ca1be4cec3c16d.rlib --extern rexpect=/tmp/cargo-mutants-amplihack-pr-YcCg5x.tmp/target/debug/deps/librexpect-5a0111470db11a54.rlib --extern rusqlite=/tmp/cargo-mutants-amplihack-pr-YcCg5x.tmp/target/debug/deps/librusqlite-90f542ebc6046a0d.rlib --extern semver=/tmp/cargo-mutants-amplihack-pr-YcCg5x.tmp/target/debug/deps/libsemver-d1ac1c952db7cf2d.rlib --extern serde=/tmp/cargo-mutants-amplihack-pr-YcCg5x.tmp/target/debug/deps/libserde-9862aaefd1081862.rlib --extern serde_json=/tmp/cargo-mutants-amplihack-pr-YcCg5x.tmp/target/debug/deps/libserde_json-061c00ff3e9853d1.rlib --extern serde_yaml=/tmp/cargo-mutants-amplihack-pr-YcCg5x.tmp/target/debug/deps/libserde_yaml-32f4debdc5c586ac.rlib --extern sha2=/tmp/cargo-mutants-amplihack-pr-YcCg5x.tmp/target/debug/deps/libsha2-9bd26e6f526c10f4.rlib --extern signal_hook=/tmp/cargo-mutants-amplihack-pr-YcCg5x.tmp/target/debug/deps/libsignal_hook-016995c66640b093.rlib --extern tar=/tmp/cargo-mutants-amplihack-pr-YcCg5x.tmp/target/debug/deps/libtar-739a95e6c50d0407.rlib --extern tempfile=/tmp/cargo-mutants-amplihack-pr-YcCg5x.tmp/target/debug/deps/libtempfile-5a176b43127bd653.rlib --extern thiserror=/tmp/cargo-mutants-amplihack-pr-YcCg5x.tmp/target/debug/deps/libthiserror-2e6c1412a455e99c.rlib --extern time=/tmp/cargo-mutants-amplihack-pr-YcCg5x.tmp/target/debug/deps/libtime-16367d88b56805ba.rlib --extern tokio=/tmp/cargo-mutants-amplihack-pr-YcCg5x.tmp/target/debug/deps/libtokio-72d59edba91c3e05.rlib --extern toml=/tmp/cargo-mutants-amplihack-pr-YcCg5x.tmp/target/debug/deps/libtoml-1a9bef83c37016d2.rlib --extern tracing=/tmp/cargo-mutants-amplihack-pr-YcCg5x.tmp/target/debug/deps/libtracing-c155b65c27f48072.rlib --extern tracing_subscriber=/tmp/cargo-mutants-amplihack-pr-YcCg5x.tmp/target/debug/deps/libtracing_subscriber-0a1c6037d6d0ddb6.rlib --extern ureq=/tmp/cargo-mutants-amplihack-pr-YcCg5x.tmp/target/debug/deps/libureq-a52054ce8bf46ff7.rlib --extern uuid=/tmp/cargo-mutants-amplihack-pr-YcCg5x.tmp/target/debug/deps/libuuid-d03d2fc21fd13b3e.rlib --extern zip=/tmp/cargo-mutants-amplihack-pr-YcCg5x.tmp/target/debug/deps/libzip-8228d34f1cec4b5d.rlib -L native=/tmp/cargo-mutants-amplihack-pr-YcCg5x.tmp/target/debug/build/lbug-c2061b4e8dfc1d6b/out/build/src -L native=/tmp/cargo-mutants-amplihack-pr-YcCg5x.tmp/target/debug/build/lbug-c2061b4e8dfc1d6b/out/build/third_party/utf8proc -L native=/tmp/cargo-mutants-amplihack-pr-YcCg5x.tmp/target/debug/build/lbug-c2061b4e8dfc1d6b/out/build/third_party/antlr4_cypher -L native=/tmp/cargo-mutants-amplihack-pr-YcCg5x.tmp/target/debug/build/lbug-c2061b4e8dfc1d6b/out/build/third_party/antlr4_runtime -L native=/tmp/cargo-mutants-amplihack-pr-YcCg5x.tmp/target/debug/build/lbug-c2061b4e8dfc1d6b/out/build/third_party/re2 -L native=/tmp/cargo-mutants-amplihack-pr-YcCg5x.tmp/target/debug/build/lbug-c2061b4e8dfc1d6b/out/build/third_party/brotli -L native=/tmp/cargo-mutants-amplihack-pr-YcCg5x.tmp/target/debug/build/lbug-c2061b4e8dfc1d6b/out/build/third_party/alp -L native=/tmp/cargo-mutants-amplihack-pr-YcCg5x.tmp/target/debug/build/lbug-c2061b4e8dfc1d6b/out/build/third_party/fastpfor -L native=/tmp/cargo-mutants-amplihack-pr-YcCg5x.tmp/target/debug/build/lbug-c2061b4e8dfc1d6b/out/build/third_party/parquet -L native=/tmp/cargo-mutants-amplihack-pr-YcCg5x.tmp/target/debug/build/lbug-c2061b4e8dfc1d6b/out/build/third_party/thrift -L native=/tmp/cargo-mutants-amplihack-pr-YcCg5x.tmp/target/debug/build/lbug-c2061b4e8dfc1d6b/out/build/third_party/snappy -L native=/tmp/cargo-mutants-amplihack-pr-YcCg5x.tmp/target/debug/build/lbug-c2061b4e8dfc1d6b/out/build/third_party/zstd -L native=/tmp/cargo-mutants-amplihack-pr-YcCg5x.tmp/target/debug/build/lbug-c2061b4e8dfc1d6b/out/build/third_party/miniz -L native=/tmp/cargo-mutants-amplihack-pr-YcCg5x.tmp/target/debug/build/lbug-c2061b4e8dfc1d6b/out/build/third_party/mbedtls -L native=/tmp/cargo-mutants-amplihack-pr-YcCg5x.tmp/target/debug/build/lbug-c2061b4e8dfc1d6b/out/build/third_party/lz4 -L native=/tmp/cargo-mutants-amplihack-pr-YcCg5x.tmp/target/debug/build/lbug-c2061b4e8dfc1d6b/out/build/third_party/roaring_bitmap -L native=/tmp/cargo-mutants-amplihack-pr-YcCg5x.tmp/target/debug/build/lbug-c2061b4e8dfc1d6b/out/build/third_party/simsimd -L native=/tmp/cargo-mutants-amplihack-pr-YcCg5x.tmp/target/debug/build/lbug-c2061b4e8dfc1d6b/out/build/third_party/yyjson -L native=/tmp/cargo-mutants-amplihack-pr-YcCg5x.tmp/target/debug/build/lbug-c2061b4e8dfc1d6b/out -L native=/tmp/cargo-mutants-amplihack-pr-YcCg5x.tmp/target/debug/build/cxx-3dafb46d76064c7e/out -L native=/tmp/cargo-mutants-amplihack-pr-YcCg5x.tmp/target/debug/build/link-cplusplus-99e4942e4cf65b7c/out -L native=/tmp/cargo-mutants-amplihack-pr-YcCg5x.tmp/target/debug/build/libsqlite3-sys-f4dcd415928f89cb/out -L native=/tmp/cargo-mutants-amplihack-pr-YcCg5x.tmp/target/debug/build/ring-439005edc122cf5b/out` (exit status: 1)
error: could not compile `amplihack-cli` (test "install_update_output_contract") due to 1 previous error

Caused by:
  process didn't exit successfully: `/home/azureuser/.rustup/toolchains/1.97.0-x86_64-unknown-linux-gnu/bin/rustc --crate-name install_update_output_contract --edition=2024 crates/amplihack-cli/tests/install_update_output_contract.rs --error-format=json --json=diagnostic-rendered-ansi,artifacts,future-incompat --emit=dep-info,link -C embed-bitcode=no -C debuginfo=line-tables-only --warn=unexpected_cfgs --check-cfg 'cfg(kani)' --test --cfg 'feature="default"' --check-cfg 'cfg(docsrs,test)' --check-cfg 'cfg(feature, values("default", "signal", "test-support"))' -C metadata=5d771d1768780ec8 -C extra-filename=-1c4373b132647c32 --out-dir /tmp/cargo-mutants-amplihack-pr-YcCg5x.tmp/target/debug/deps -C incremental=/tmp/cargo-mutants-amplihack-pr-YcCg5x.tmp/target/debug/incremental -L dependency=/tmp/cargo-mutants-amplihack-pr-YcCg5x.tmp/target/debug/deps --extern amplihack_builders=/tmp/cargo-mutants-amplihack-pr-YcCg5x.tmp/target/debug/deps/libamplihack_builders-03993fac7567dfac.rlib --extern amplihack_cli=/tmp/cargo-mutants-amplihack-pr-YcCg5x.tmp/target/debug/deps/libamplihack_cli-29d762ce3c0fd35c.rlib --extern amplihack_hive=/tmp/cargo-mutants-amplihack-pr-YcCg5x.tmp/target/debug/deps/libamplihack_hive-7dcf48bdaeaf754c.rlib --extern amplihack_launcher=/tmp/cargo-mutants-amplihack-pr-YcCg5x.tmp/target/debug/deps/libamplihack_launcher-a0b196619987966a.rlib --extern amplihack_memory=/tmp/cargo-mutants-amplihack-pr-YcCg5x.tmp/target/debug/deps/libamplihack_memory-52ac4db15a775e5a.rlib --extern amplihack_orchestration=/tmp/cargo-mutants-amplihack-pr-YcCg5x.tmp/target/debug/deps/libamplihack_orchestration-ed20700a2c166be7.rlib --extern amplihack_reflection=/tmp/cargo-mutants-amplihack-pr-YcCg5x.tmp/target/debug/deps/libamplihack_reflection-9fc868256a9530da.rlib --extern amplihack_remote=/tmp/cargo-mutants-amplihack-pr-YcCg5x.tmp/target/debug/deps/libamplihack_remote-bda9eaf1668cac2f.rlib --extern amplihack_signal=/tmp/cargo-mutants-amplihack-pr-YcCg5x.tmp/target/debug/deps/libamplihack_signal-12b09c972d1bf694.rlib --extern amplihack_state=/tmp/cargo-mutants-amplihack-pr-YcCg5x.tmp/target/debug/deps/libamplihack_state-5bfc4593aa3c2735.rlib --extern amplihack_turn=/tmp/cargo-mutants-amplihack-pr-YcCg5x.tmp/target/debug/deps/libamplihack_turn-bf066a2c4d2d9785.rlib --extern amplihack_types=/tmp/cargo-mutants-amplihack-pr-YcCg5x.tmp/target/debug/deps/libamplihack_types-5aa2c2ee7df7bcf4.rlib --extern amplihack_utils=/tmp/cargo-mutants-amplihack-pr-YcCg5x.tmp/target/debug/deps/libamplihack_utils-08a9c706cfc82cac.rlib --extern amplihack_workflows=/tmp/cargo-mutants-amplihack-pr-YcCg5x.tmp/target/debug/deps/libamplihack_workflows-15e51595127c129b.rlib --extern anyhow=/tmp/cargo-mutants-amplihack-pr-YcCg5x.tmp/target/debug/deps/libanyhow-aaead62bc88b9429.rlib --extern assert_cmd=/tmp/cargo-mutants-amplihack-pr-YcCg5x.tmp/target/debug/deps/libassert_cmd-7a96199b9b843959.rlib --extern async_trait=/tmp/cargo-mutants-amplihack-pr-YcCg5x.tmp/target/debug/deps/libasync_trait-601d0c3ace375beb.so --extern chrono=/tmp/cargo-mutants-amplihack-pr-YcCg5x.tmp/target/debug/deps/libchrono-698d0514bedff45c.rlib --extern clap=/tmp/cargo-mutants-amplihack-pr-YcCg5x.tmp/target/debug/deps/libclap-0a08011544f8a5b8.rlib --extern clap_complete=/tmp/cargo-mutants-amplihack-pr-YcCg5x.tmp/target/debug/deps/libclap_complete-037496bed915a9d8.rlib --extern dialoguer=/tmp/cargo-mutants-amplihack-pr-YcCg5x.tmp/target/debug/deps/libdialoguer-701eb5d666153ef9.rlib --extern flate2=/tmp/cargo-mutants-amplihack-pr-YcCg5x.tmp/target/debug/deps/libflate2-c3906d7a8bde7622.rlib --extern fs4=/tmp/cargo-mutants-amplihack-pr-YcCg5x.tmp/target/debug/deps/libfs4-5b0e4af1974bf2a4.rlib --extern lbug=/tmp/cargo-mutants-amplihack-pr-YcCg5x.tmp/target/debug/deps/liblbug-59cfc3aac2014f89.rlib --extern libc=/tmp/cargo-mutants-amplihack-pr-YcCg5x.tmp/target/debug/deps/liblibc-4d73f44b645ff25b.rlib --extern lru=/tmp/cargo-mutants-amplihack-pr-YcCg5x.tmp/target/debug/deps/liblru-7e6e70a4ddd6b98d.rlib --extern prost=/tmp/cargo-mutants-amplihack-pr-YcCg5x.tmp/target/debug/deps/libprost-add16c9af461c9ee.rlib --extern regex=/tmp/cargo-mutants-amplihack-pr-YcCg5x.tmp/target/debug/deps/libregex-03ca1be4cec3c16d.rlib --extern rexpect=/tmp/cargo-mutants-amplihack-pr-YcCg5x.tmp/target/debug/deps/librexpect-5a0111470db11a54.rlib --extern rusqlite=/tmp/cargo-mutants-amplihack-pr-YcCg5x.tmp/target/debug/deps/librusqlite-90f542ebc6046a0d.rlib --extern semver=/tmp/cargo-mutants-amplihack-pr-YcCg5x.tmp/target/debug/deps/libsemver-d1ac1c952db7cf2d.rlib --extern serde=/tmp/cargo-mutants-amplihack-pr-YcCg5x.tmp/target/debug/deps/libserde-9862aaefd1081862.rlib --extern serde_json=/tmp/cargo-mutants-amplihack-pr-YcCg5x.tmp/target/debug/deps/libserde_json-061c00ff3e9853d1.rlib --extern serde_yaml=/tmp/cargo-mutants-amplihack-pr-YcCg5x.tmp/target/debug/deps/libserde_yaml-32f4debdc5c586ac.rlib --extern sha2=/tmp/cargo-mutants-amplihack-pr-YcCg5x.tmp/target/debug/deps/libsha2-9bd26e6f526c10f4.rlib --extern signal_hook=/tmp/cargo-mutants-amplihack-pr-YcCg5x.tmp/target/debug/deps/libsignal_hook-016995c66640b093.rlib --extern tar=/tmp/cargo-mutants-amplihack-pr-YcCg5x.tmp/target/debug/deps/libtar-739a95e6c50d0407.rlib --extern tempfile=/tmp/cargo-mutants-amplihack-pr-YcCg5x.tmp/target/debug/deps/libtempfile-5a176b43127bd653.rlib --extern thiserror=/tmp/cargo-mutants-amplihack-pr-YcCg5x.tmp/target/debug/deps/libthiserror-2e6c1412a455e99c.rlib --extern time=/tmp/cargo-mutants-amplihack-pr-YcCg5x.tmp/target/debug/deps/libtime-16367d88b56805ba.rlib --extern tokio=/tmp/cargo-mutants-amplihack-pr-YcCg5x.tmp/target/debug/deps/libtokio-72d59edba91c3e05.rlib --extern toml=/tmp/cargo-mutants-amplihack-pr-YcCg5x.tmp/target/debug/deps/libtoml-1a9bef83c37016d2.rlib --extern tracing=/tmp/cargo-mutants-amplihack-pr-YcCg5x.tmp/target/debug/deps/libtracing-c155b65c27f48072.rlib --extern tracing_subscriber=/tmp/cargo-mutants-amplihack-pr-YcCg5x.tmp/target/debug/deps/libtracing_subscriber-0a1c6037d6d0ddb6.rlib --extern ureq=/tmp/cargo-mutants-amplihack-pr-YcCg5x.tmp/target/debug/deps/libureq-a52054ce8bf46ff7.rlib --extern uuid=/tmp/cargo-mutants-amplihack-pr-YcCg5x.tmp/target/debug/deps/libuuid-d03d2fc21fd13b3e.rlib --extern zip=/tmp/cargo-mutants-amplihack-pr-YcCg5x.tmp/target/debug/deps/libzip-8228d34f1cec4b5d.rlib -L native=/tmp/cargo-mutants-amplihack-pr-YcCg5x.tmp/target/debug/build/lbug-c2061b4e8dfc1d6b/out/build/src -L native=/tmp/cargo-mutants-amplihack-pr-YcCg5x.tmp/target/debug/build/lbug-c2061b4e8dfc1d6b/out/build/third_party/utf8proc -L native=/tmp/cargo-mutants-amplihack-pr-YcCg5x.tmp/target/debug/build/lbug-c2061b4e8dfc1d6b/out/build/third_party/antlr4_cypher -L native=/tmp/cargo-mutants-amplihack-pr-YcCg5x.tmp/target/debug/build/lbug-c2061b4e8dfc1d6b/out/build/third_party/antlr4_runtime -L native=/tmp/cargo-mutants-amplihack-pr-YcCg5x.tmp/target/debug/build/lbug-c2061b4e8dfc1d6b/out/build/third_party/re2 -L native=/tmp/cargo-mutants-amplihack-pr-YcCg5x.tmp/target/debug/build/lbug-c2061b4e8dfc1d6b/out/build/third_party/brotli -L native=/tmp/cargo-mutants-amplihack-pr-YcCg5x.tmp/target/debug/build/lbug-c2061b4e8dfc1d6b/out/build/third_party/alp -L native=/tmp/cargo-mutants-amplihack-pr-YcCg5x.tmp/target/debug/build/lbug-c2061b4e8dfc1d6b/out/build/third_party/fastpfor -L native=/tmp/cargo-mutants-amplihack-pr-YcCg5x.tmp/target/debug/build/lbug-c2061b4e8dfc1d6b/out/build/third_party/parquet -L native=/tmp/cargo-mutants-amplihack-pr-YcCg5x.tmp/target/debug/build/lbug-c2061b4e8dfc1d6b/out/build/third_party/thrift -L native=/tmp/cargo-mutants-amplihack-pr-YcCg5x.tmp/target/debug/build/lbug-c2061b4e8dfc1d6b/out/build/third_party/snappy -L native=/tmp/cargo-mutants-amplihack-pr-YcCg5x.tmp/target/debug/build/lbug-c2061b4e8dfc1d6b/out/build/third_party/zstd -L native=/tmp/cargo-mutants-amplihack-pr-YcCg5x.tmp/target/debug/build/lbug-c2061b4e8dfc1d6b/out/build/third_party/miniz -L native=/tmp/cargo-mutants-amplihack-pr-YcCg5x.tmp/target/debug/build/lbug-c2061b4e8dfc1d6b/out/build/third_party/mbedtls -L native=/tmp/cargo-mutants-amplihack-pr-YcCg5x.tmp/target/debug/build/lbug-c2061b4e8dfc1d6b/out/build/third_party/lz4 -L native=/tmp/cargo-mutants-amplihack-pr-YcCg5x.tmp/target/debug/build/lbug-c2061b4e8dfc1d6b/out/build/third_party/roaring_bitmap -L native=/tmp/cargo-mutants-amplihack-pr-YcCg5x.tmp/target/debug/build/lbug-c2061b4e8dfc1d6b/out/build/third_party/simsimd -L native=/tmp/cargo-mutants-amplihack-pr-YcCg5x.tmp/target/debug/build/lbug-c2061b4e8dfc1d6b/out/build/third_party/yyjson -L native=/tmp/cargo-mutants-amplihack-pr-YcCg5x.tmp/target/debug/build/lbug-c2061b4e8dfc1d6b/out -L native=/tmp/cargo-mutants-amplihack-pr-YcCg5x.tmp/target/debug/build/cxx-3dafb46d76064c7e/out -L native=/tmp/cargo-mutants-amplihack-pr-YcCg5x.tmp/target/debug/build/link-cplusplus-99e4942e4cf65b7c/out -L native=/tmp/cargo-mutants-amplihack-pr-YcCg5x.tmp/target/debug/build/libsqlite3-sys-f4dcd415928f89cb/out -L native=/tmp/cargo-mutants-amplihack-pr-YcCg5x.tmp/target/debug/build/ring-439005edc122cf5b/out` (exit status: 1)
error: could not compile `amplihack-cli` (test "bugfix_341_install_freshness") due to 1 previous error

Caused by:
  process didn't exit successfully: `/home/azureuser/.rustup/toolchains/1.97.0-x86_64-unknown-linux-gnu/bin/rustc --crate-name bugfix_341_install_freshness --edition=2024 crates/amplihack-cli/tests/bugfix_341_install_freshness.rs --error-format=json --json=diagnostic-rendered-ansi,artifacts,future-incompat --emit=dep-info,link -C embed-bitcode=no -C debuginfo=line-tables-only --warn=unexpected_cfgs --check-cfg 'cfg(kani)' --test --cfg 'feature="default"' --check-cfg 'cfg(docsrs,test)' --check-cfg 'cfg(feature, values("default", "signal", "test-support"))' -C metadata=fc0fe152a6102ec4 -C extra-filename=-6da5ea61811c44a0 --out-dir /tmp/cargo-mutants-amplihack-pr-YcCg5x.tmp/target/debug/deps -C incremental=/tmp/cargo-mutants-amplihack-pr-YcCg5x.tmp/target/debug/incremental -L dependency=/tmp/cargo-mutants-amplihack-pr-YcCg5x.tmp/target/debug/deps --extern amplihack_builders=/tmp/cargo-mutants-amplihack-pr-YcCg5x.tmp/target/debug/deps/libamplihack_builders-03993fac7567dfac.rlib --extern amplihack_cli=/tmp/cargo-mutants-amplihack-pr-YcCg5x.tmp/target/debug/deps/libamplihack_cli-29d762ce3c0fd35c.rlib --extern amplihack_hive=/tmp/cargo-mutants-amplihack-pr-YcCg5x.tmp/target/debug/deps/libamplihack_hive-7dcf48bdaeaf754c.rlib --extern amplihack_launcher=/tmp/cargo-mutants-amplihack-pr-YcCg5x.tmp/target/debug/deps/libamplihack_launcher-a0b196619987966a.rlib --extern amplihack_memory=/tmp/cargo-mutants-amplihack-pr-YcCg5x.tmp/target/debug/deps/libamplihack_memory-52ac4db15a775e5a.rlib --extern amplihack_orchestration=/tmp/cargo-mutants-amplihack-pr-YcCg5x.tmp/target/debug/deps/libamplihack_orchestration-ed20700a2c166be7.rlib --extern amplihack_reflection=/tmp/cargo-mutants-amplihack-pr-YcCg5x.tmp/target/debug/deps/libamplihack_reflection-9fc868256a9530da.rlib --extern amplihack_remote=/tmp/cargo-mutants-amplihack-pr-YcCg5x.tmp/target/debug/deps/libamplihack_remote-bda9eaf1668cac2f.rlib --extern amplihack_signal=/tmp/cargo-mutants-amplihack-pr-YcCg5x.tmp/target/debug/deps/libamplihack_signal-12b09c972d1bf694.rlib --extern amplihack_state=/tmp/cargo-mutants-amplihack-pr-YcCg5x.tmp/target/debug/deps/libamplihack_state-5bfc4593aa3c2735.rlib --extern amplihack_turn=/tmp/cargo-mutants-amplihack-pr-YcCg5x.tmp/target/debug/deps/libamplihack_turn-bf066a2c4d2d9785.rlib --extern amplihack_types=/tmp/cargo-mutants-amplihack-pr-YcCg5x.tmp/target/debug/deps/libamplihack_types-5aa2c2ee7df7bcf4.rlib --extern amplihack_utils=/tmp/cargo-mutants-amplihack-pr-YcCg5x.tmp/target/debug/deps/libamplihack_utils-08a9c706cfc82cac.rlib --extern amplihack_workflows=/tmp/cargo-mutants-amplihack-pr-YcCg5x.tmp/target/debug/deps/libamplihack_workflows-15e51595127c129b.rlib --extern anyhow=/tmp/cargo-mutants-amplihack-pr-YcCg5x.tmp/target/debug/deps/libanyhow-aaead62bc88b9429.rlib --extern assert_cmd=/tmp/cargo-mutants-amplihack-pr-YcCg5x.tmp/target/debug/deps/libassert_cmd-7a96199b9b843959.rlib --extern async_trait=/tmp/cargo-mutants-amplihack-pr-YcCg5x.tmp/target/debug/deps/libasync_trait-601d0c3ace375beb.so --extern chrono=/tmp/cargo-mutants-amplihack-pr-YcCg5x.tmp/target/debug/deps/libchrono-698d0514bedff45c.rlib --extern clap=/tmp/cargo-mutants-amplihack-pr-YcCg5x.tmp/target/debug/deps/libclap-0a08011544f8a5b8.rlib --extern clap_complete=/tmp/cargo-mutants-amplihack-pr-YcCg5x.tmp/target/debug/deps/libclap_complete-037496bed915a9d8.rlib --extern dialoguer=/tmp/cargo-mutants-amplihack-pr-YcCg5x.tmp/target/debug/deps/libdialoguer-701eb5d666153ef9.rlib --extern flate2=/tmp/cargo-mutants-amplihack-pr-YcCg5x.tmp/target/debug/deps/libflate2-c3906d7a8bde7622.rlib --extern fs4=/tmp/cargo-mutants-amplihack-pr-YcCg5x.tmp/target/debug/deps/libfs4-5b0e4af1974bf2a4.rlib --extern lbug=/tmp/cargo-mutants-amplihack-pr-YcCg5x.tmp/target/debug/deps/liblbug-59cfc3aac2014f89.rlib --extern libc=/tmp/cargo-mutants-amplihack-pr-YcCg5x.tmp/target/debug/deps/liblibc-4d73f44b645ff25b.rlib --extern lru=/tmp/cargo-mutants-amplihack-pr-YcCg5x.tmp/target/debug/deps/liblru-7e6e70a4ddd6b98d.rlib --extern prost=/tmp/cargo-mutants-amplihack-pr-YcCg5x.tmp/target/debug/deps/libprost-add16c9af461c9ee.rlib --extern regex=/tmp/cargo-mutants-amplihack-pr-YcCg5x.tmp/target/debug/deps/libregex-03ca1be4cec3c16d.rlib --extern rexpect=/tmp/cargo-mutants-amplihack-pr-YcCg5x.tmp/target/debug/deps/librexpect-5a0111470db11a54.rlib --extern rusqlite=/tmp/cargo-mutants-amplihack-pr-YcCg5x.tmp/target/debug/deps/librusqlite-90f542ebc6046a0d.rlib --extern semver=/tmp/cargo-mutants-amplihack-pr-YcCg5x.tmp/target/debug/deps/libsemver-d1ac1c952db7cf2d.rlib --extern serde=/tmp/cargo-mutants-amplihack-pr-YcCg5x.tmp/target/debug/deps/libserde-9862aaefd1081862.rlib --extern serde_json=/tmp/cargo-mutants-amplihack-pr-YcCg5x.tmp/target/debug/deps/libserde_json-061c00ff3e9853d1.rlib --extern serde_yaml=/tmp/cargo-mutants-amplihack-pr-YcCg5x.tmp/target/debug/deps/libserde_yaml-32f4debdc5c586ac.rlib --extern sha2=/tmp/cargo-mutants-amplihack-pr-YcCg5x.tmp/target/debug/deps/libsha2-9bd26e6f526c10f4.rlib --extern signal_hook=/tmp/cargo-mutants-amplihack-pr-YcCg5x.tmp/target/debug/deps/libsignal_hook-016995c66640b093.rlib --extern tar=/tmp/cargo-mutants-amplihack-pr-YcCg5x.tmp/target/debug/deps/libtar-739a95e6c50d0407.rlib --extern tempfile=/tmp/cargo-mutants-amplihack-pr-YcCg5x.tmp/target/debug/deps/libtempfile-5a176b43127bd653.rlib --extern thiserror=/tmp/cargo-mutants-amplihack-pr-YcCg5x.tmp/target/debug/deps/libthiserror-2e6c1412a455e99c.rlib --extern time=/tmp/cargo-mutants-amplihack-pr-YcCg5x.tmp/target/debug/deps/libtime-16367d88b56805ba.rlib --extern tokio=/tmp/cargo-mutants-amplihack-pr-YcCg5x.tmp/target/debug/deps/libtokio-72d59edba91c3e05.rlib --extern toml=/tmp/cargo-mutants-amplihack-pr-YcCg5x.tmp/target/debug/deps/libtoml-1a9bef83c37016d2.rlib --extern tracing=/tmp/cargo-mutants-amplihack-pr-YcCg5x.tmp/target/debug/deps/libtracing-c155b65c27f48072.rlib --extern tracing_subscriber=/tmp/cargo-mutants-amplihack-pr-YcCg5x.tmp/target/debug/deps/libtracing_subscriber-0a1c6037d6d0ddb6.rlib --extern ureq=/tmp/cargo-mutants-amplihack-pr-YcCg5x.tmp/target/debug/deps/libureq-a52054ce8bf46ff7.rlib --extern uuid=/tmp/cargo-mutants-amplihack-pr-YcCg5x.tmp/target/debug/deps/libuuid-d03d2fc21fd13b3e.rlib --extern zip=/tmp/cargo-mutants-amplihack-pr-YcCg5x.tmp/target/debug/deps/libzip-8228d34f1cec4b5d.rlib -L native=/tmp/cargo-mutants-amplihack-pr-YcCg5x.tmp/target/debug/build/lbug-c2061b4e8dfc1d6b/out/build/src -L native=/tmp/cargo-mutants-amplihack-pr-YcCg5x.tmp/target/debug/build/lbug-c2061b4e8dfc1d6b/out/build/third_party/utf8proc -L native=/tmp/cargo-mutants-amplihack-pr-YcCg5x.tmp/target/debug/build/lbug-c2061b4e8dfc1d6b/out/build/third_party/antlr4_cypher -L native=/tmp/cargo-mutants-amplihack-pr-YcCg5x.tmp/target/debug/build/lbug-c2061b4e8dfc1d6b/out/build/third_party/antlr4_runtime -L native=/tmp/cargo-mutants-amplihack-pr-YcCg5x.tmp/target/debug/build/lbug-c2061b4e8dfc1d6b/out/build/third_party/re2 -L native=/tmp/cargo-mutants-amplihack-pr-YcCg5x.tmp/target/debug/build/lbug-c2061b4e8dfc1d6b/out/build/third_party/brotli -L native=/tmp/cargo-mutants-amplihack-pr-YcCg5x.tmp/target/debug/build/lbug-c2061b4e8dfc1d6b/out/build/third_party/alp -L native=/tmp/cargo-mutants-amplihack-pr-YcCg5x.tmp/target/debug/build/lbug-c2061b4e8dfc1d6b/out/build/third_party/fastpfor -L native=/tmp/cargo-mutants-amplihack-pr-YcCg5x.tmp/target/debug/build/lbug-c2061b4e8dfc1d6b/out/build/third_party/parquet -L native=/tmp/cargo-mutants-amplihack-pr-YcCg5x.tmp/target/debug/build/lbug-c2061b4e8dfc1d6b/out/build/third_party/thrift -L native=/tmp/cargo-mutants-amplihack-pr-YcCg5x.tmp/target/debug/build/lbug-c2061b4e8dfc1d6b/out/build/third_party/snappy -L native=/tmp/cargo-mutants-amplihack-pr-YcCg5x.tmp/target/debug/build/lbug-c2061b4e8dfc1d6b/out/build/third_party/zstd -L native=/tmp/cargo-mutants-amplihack-pr-YcCg5x.tmp/target/debug/build/lbug-c2061b4e8dfc1d6b/out/build/third_party/miniz -L native=/tmp/cargo-mutants-amplihack-pr-YcCg5x.tmp/target/debug/build/lbug-c2061b4e8dfc1d6b/out/build/third_party/mbedtls -L native=/tmp/cargo-mutants-amplihack-pr-YcCg5x.tmp/target/debug/build/lbug-c2061b4e8dfc1d6b/out/build/third_party/lz4 -L native=/tmp/cargo-mutants-amplihack-pr-YcCg5x.tmp/target/debug/build/lbug-c2061b4e8dfc1d6b/out/build/third_party/roaring_bitmap -L native=/tmp/cargo-mutants-amplihack-pr-YcCg5x.tmp/target/debug/build/lbug-c2061b4e8dfc1d6b/out/build/third_party/simsimd -L native=/tmp/cargo-mutants-amplihack-pr-YcCg5x.tmp/target/debug/build/lbug-c2061b4e8dfc1d6b/out/build/third_party/yyjson -L native=/tmp/cargo-mutants-amplihack-pr-YcCg5x.tmp/target/debug/build/lbug-c2061b4e8dfc1d6b/out -L native=/tmp/cargo-mutants-amplihack-pr-YcCg5x.tmp/target/debug/build/cxx-3dafb46d76064c7e/out -L native=/tmp/cargo-mutants-amplihack-pr-YcCg5x.tmp/target/debug/build/link-cplusplus-99e4942e4cf65b7c/out -L native=/tmp/cargo-mutants-amplihack-pr-YcCg5x.tmp/target/debug/build/libsqlite3-sys-f4dcd415928f89cb/out -L native=/tmp/cargo-mutants-amplihack-pr-YcCg5x.tmp/target/debug/build/ring-439005edc122cf5b/out` (exit status: 1)
error: could not compile `amplihack-cli` (test "doctor_prompt_delivery") due to 1 previous error

Caused by:
  process didn't exit successfully: `/home/azureuser/.rustup/toolchains/1.97.0-x86_64-unknown-linux-gnu/bin/rustc --crate-name doctor_prompt_delivery --edition=2024 crates/amplihack-cli/tests/doctor_prompt_delivery.rs --error-format=json --json=diagnostic-rendered-ansi,artifacts,future-incompat --emit=dep-info,link -C embed-bitcode=no -C debuginfo=line-tables-only --warn=unexpected_cfgs --check-cfg 'cfg(kani)' --test --cfg 'feature="default"' --check-cfg 'cfg(docsrs,test)' --check-cfg 'cfg(feature, values("default", "signal", "test-support"))' -C metadata=6934d7f499893bc0 -C extra-filename=-2f4883960a0374c9 --out-dir /tmp/cargo-mutants-amplihack-pr-YcCg5x.tmp/target/debug/deps -C incremental=/tmp/cargo-mutants-amplihack-pr-YcCg5x.tmp/target/debug/incremental -L dependency=/tmp/cargo-mutants-amplihack-pr-YcCg5x.tmp/target/debug/deps --extern amplihack_builders=/tmp/cargo-mutants-amplihack-pr-YcCg5x.tmp/target/debug/deps/libamplihack_builders-03993fac7567dfac.rlib --extern amplihack_cli=/tmp/cargo-mutants-amplihack-pr-YcCg5x.tmp/target/debug/deps/libamplihack_cli-29d762ce3c0fd35c.rlib --extern amplihack_hive=/tmp/cargo-mutants-amplihack-pr-YcCg5x.tmp/target/debug/deps/libamplihack_hive-7dcf48bdaeaf754c.rlib --extern amplihack_launcher=/tmp/cargo-mutants-amplihack-pr-YcCg5x.tmp/target/debug/deps/libamplihack_launcher-a0b196619987966a.rlib --extern amplihack_memory=/tmp/cargo-mutants-amplihack-pr-YcCg5x.tmp/target/debug/deps/libamplihack_memory-52ac4db15a775e5a.rlib --extern amplihack_orchestration=/tmp/cargo-mutants-amplihack-pr-YcCg5x.tmp/target/debug/deps/libamplihack_orchestration-ed20700a2c166be7.rlib --extern amplihack_reflection=/tmp/cargo-mutants-amplihack-pr-YcCg5x.tmp/target/debug/deps/libamplihack_reflection-9fc868256a9530da.rlib --extern amplihack_remote=/tmp/cargo-mutants-amplihack-pr-YcCg5x.tmp/target/debug/deps/libamplihack_remote-bda9eaf1668cac2f.rlib --extern amplihack_signal=/tmp/cargo-mutants-amplihack-pr-YcCg5x.tmp/target/debug/deps/libamplihack_signal-12b09c972d1bf694.rlib --extern amplihack_state=/tmp/cargo-mutants-amplihack-pr-YcCg5x.tmp/target/debug/deps/libamplihack_state-5bfc4593aa3c2735.rlib --extern amplihack_turn=/tmp/cargo-mutants-amplihack-pr-YcCg5x.tmp/target/debug/deps/libamplihack_turn-bf066a2c4d2d9785.rlib --extern amplihack_types=/tmp/cargo-mutants-amplihack-pr-YcCg5x.tmp/target/debug/deps/libamplihack_types-5aa2c2ee7df7bcf4.rlib --extern amplihack_utils=/tmp/cargo-mutants-amplihack-pr-YcCg5x.tmp/target/debug/deps/libamplihack_utils-08a9c706cfc82cac.rlib --extern amplihack_workflows=/tmp/cargo-mutants-amplihack-pr-YcCg5x.tmp/target/debug/deps/libamplihack_workflows-15e51595127c129b.rlib --extern anyhow=/tmp/cargo-mutants-amplihack-pr-YcCg5x.tmp/target/debug/deps/libanyhow-aaead62bc88b9429.rlib --extern assert_cmd=/tmp/cargo-mutants-amplihack-pr-YcCg5x.tmp/target/debug/deps/libassert_cmd-7a96199b9b843959.rlib --extern async_trait=/tmp/cargo-mutants-amplihack-pr-YcCg5x.tmp/target/debug/deps/libasync_trait-601d0c3ace375beb.so --extern chrono=/tmp/cargo-mutants-amplihack-pr-YcCg5x.tmp/target/debug/deps/libchrono-698d0514bedff45c.rlib --extern clap=/tmp/cargo-mutants-amplihack-pr-YcCg5x.tmp/target/debug/deps/libclap-0a08011544f8a5b8.rlib --extern clap_complete=/tmp/cargo-mutants-amplihack-pr-YcCg5x.tmp/target/debug/deps/libclap_complete-037496bed915a9d8.rlib --extern dialoguer=/tmp/cargo-mutants-amplihack-pr-YcCg5x.tmp/target/debug/deps/libdialoguer-701eb5d666153ef9.rlib --extern flate2=/tmp/cargo-mutants-amplihack-pr-YcCg5x.tmp/target/debug/deps/libflate2-c3906d7a8bde7622.rlib --extern fs4=/tmp/cargo-mutants-amplihack-pr-YcCg5x.tmp/target/debug/deps/libfs4-5b0e4af1974bf2a4.rlib --extern lbug=/tmp/cargo-mutants-amplihack-pr-YcCg5x.tmp/target/debug/deps/liblbug-59cfc3aac2014f89.rlib --extern libc=/tmp/cargo-mutants-amplihack-pr-YcCg5x.tmp/target/debug/deps/liblibc-4d73f44b645ff25b.rlib --extern lru=/tmp/cargo-mutants-amplihack-pr-YcCg5x.tmp/target/debug/deps/liblru-7e6e70a4ddd6b98d.rlib --extern prost=/tmp/cargo-mutants-amplihack-pr-YcCg5x.tmp/target/debug/deps/libprost-add16c9af461c9ee.rlib --extern regex=/tmp/cargo-mutants-amplihack-pr-YcCg5x.tmp/target/debug/deps/libregex-03ca1be4cec3c16d.rlib --extern rexpect=/tmp/cargo-mutants-amplihack-pr-YcCg5x.tmp/target/debug/deps/librexpect-5a0111470db11a54.rlib --extern rusqlite=/tmp/cargo-mutants-amplihack-pr-YcCg5x.tmp/target/debug/deps/librusqlite-90f542ebc6046a0d.rlib --extern semver=/tmp/cargo-mutants-amplihack-pr-YcCg5x.tmp/target/debug/deps/libsemver-d1ac1c952db7cf2d.rlib --extern serde=/tmp/cargo-mutants-amplihack-pr-YcCg5x.tmp/target/debug/deps/libserde-9862aaefd1081862.rlib --extern serde_json=/tmp/cargo-mutants-amplihack-pr-YcCg5x.tmp/target/debug/deps/libserde_json-061c00ff3e9853d1.rlib --extern serde_yaml=/tmp/cargo-mutants-amplihack-pr-YcCg5x.tmp/target/debug/deps/libserde_yaml-32f4debdc5c586ac.rlib --extern sha2=/tmp/cargo-mutants-amplihack-pr-YcCg5x.tmp/target/debug/deps/libsha2-9bd26e6f526c10f4.rlib --extern signal_hook=/tmp/cargo-mutants-amplihack-pr-YcCg5x.tmp/target/debug/deps/libsignal_hook-016995c66640b093.rlib --extern tar=/tmp/cargo-mutants-amplihack-pr-YcCg5x.tmp/target/debug/deps/libtar-739a95e6c50d0407.rlib --extern tempfile=/tmp/cargo-mutants-amplihack-pr-YcCg5x.tmp/target/debug/deps/libtempfile-5a176b43127bd653.rlib --extern thiserror=/tmp/cargo-mutants-amplihack-pr-YcCg5x.tmp/target/debug/deps/libthiserror-2e6c1412a455e99c.rlib --extern time=/tmp/cargo-mutants-amplihack-pr-YcCg5x.tmp/target/debug/deps/libtime-16367d88b56805ba.rlib --extern tokio=/tmp/cargo-mutants-amplihack-pr-YcCg5x.tmp/target/debug/deps/libtokio-72d59edba91c3e05.rlib --extern toml=/tmp/cargo-mutants-amplihack-pr-YcCg5x.tmp/target/debug/deps/libtoml-1a9bef83c37016d2.rlib --extern tracing=/tmp/cargo-mutants-amplihack-pr-YcCg5x.tmp/target/debug/deps/libtracing-c155b65c27f48072.rlib --extern tracing_subscriber=/tmp/cargo-mutants-amplihack-pr-YcCg5x.tmp/target/debug/deps/libtracing_subscriber-0a1c6037d6d0ddb6.rlib --extern ureq=/tmp/cargo-mutants-amplihack-pr-YcCg5x.tmp/target/debug/deps/libureq-a52054ce8bf46ff7.rlib --extern uuid=/tmp/cargo-mutants-amplihack-pr-YcCg5x.tmp/target/debug/deps/libuuid-d03d2fc21fd13b3e.rlib --extern zip=/tmp/cargo-mutants-amplihack-pr-YcCg5x.tmp/target/debug/deps/libzip-8228d34f1cec4b5d.rlib -L native=/tmp/cargo-mutants-amplihack-pr-YcCg5x.tmp/target/debug/build/lbug-c2061b4e8dfc1d6b/out/build/src -L native=/tmp/cargo-mutants-amplihack-pr-YcCg5x.tmp/target/debug/build/lbug-c2061b4e8dfc1d6b/out/build/third_party/utf8proc -L native=/tmp/cargo-mutants-amplihack-pr-YcCg5x.tmp/target/debug/build/lbug-c2061b4e8dfc1d6b/out/build/third_party/antlr4_cypher -L native=/tmp/cargo-mutants-amplihack-pr-YcCg5x.tmp/target/debug/build/lbug-c2061b4e8dfc1d6b/out/build/third_party/antlr4_runtime -L native=/tmp/cargo-mutants-amplihack-pr-YcCg5x.tmp/target/debug/build/lbug-c2061b4e8dfc1d6b/out/build/third_party/re2 -L native=/tmp/cargo-mutants-amplihack-pr-YcCg5x.tmp/target/debug/build/lbug-c2061b4e8dfc1d6b/out/build/third_party/brotli -L native=/tmp/cargo-mutants-amplihack-pr-YcCg5x.tmp/target/debug/build/lbug-c2061b4e8dfc1d6b/out/build/third_party/alp -L native=/tmp/cargo-mutants-amplihack-pr-YcCg5x.tmp/target/debug/build/lbug-c2061b4e8dfc1d6b/out/build/third_party/fastpfor -L native=/tmp/cargo-mutants-amplihack-pr-YcCg5x.tmp/target/debug/build/lbug-c2061b4e8dfc1d6b/out/build/third_party/parquet -L native=/tmp/cargo-mutants-amplihack-pr-YcCg5x.tmp/target/debug/build/lbug-c2061b4e8dfc1d6b/out/build/third_party/thrift -L native=/tmp/cargo-mutants-amplihack-pr-YcCg5x.tmp/target/debug/build/lbug-c2061b4e8dfc1d6b/out/build/third_party/snappy -L native=/tmp/cargo-mutants-amplihack-pr-YcCg5x.tmp/target/debug/build/lbug-c2061b4e8dfc1d6b/out/build/third_party/zstd -L native=/tmp/cargo-mutants-amplihack-pr-YcCg5x.tmp/target/debug/build/lbug-c2061b4e8dfc1d6b/out/build/third_party/miniz -L native=/tmp/cargo-mutants-amplihack-pr-YcCg5x.tmp/target/debug/build/lbug-c2061b4e8dfc1d6b/out/build/third_party/mbedtls -L native=/tmp/cargo-mutants-amplihack-pr-YcCg5x.tmp/target/debug/build/lbug-c2061b4e8dfc1d6b/out/build/third_party/lz4 -L native=/tmp/cargo-mutants-amplihack-pr-YcCg5x.tmp/target/debug/build/lbug-c2061b4e8dfc1d6b/out/build/third_party/roaring_bitmap -L native=/tmp/cargo-mutants-amplihack-pr-YcCg5x.tmp/target/debug/build/lbug-c2061b4e8dfc1d6b/out/build/third_party/simsimd -L native=/tmp/cargo-mutants-amplihack-pr-YcCg5x.tmp/target/debug/build/lbug-c2061b4e8dfc1d6b/out/build/third_party/yyjson -L native=/tmp/cargo-mutants-amplihack-pr-YcCg5x.tmp/target/debug/build/lbug-c2061b4e8dfc1d6b/out -L native=/tmp/cargo-mutants-amplihack-pr-YcCg5x.tmp/target/debug/build/cxx-3dafb46d76064c7e/out -L native=/tmp/cargo-mutants-amplihack-pr-YcCg5x.tmp/target/debug/build/link-cplusplus-99e4942e4cf65b7c/out -L native=/tmp/cargo-mutants-amplihack-pr-YcCg5x.tmp/target/debug/build/libsqlite3-sys-f4dcd415928f89cb/out -L native=/tmp/cargo-mutants-amplihack-pr-YcCg5x.tmp/target/debug/build/ring-439005edc122cf5b/out` (exit status: 1)
error: could not compile `amplihack-cli` (test "pr_712_named_asset_canonicalization") due to 1 previous error

Caused by:
  process didn't exit successfully: `/home/azureuser/.rustup/toolchains/1.97.0-x86_64-unknown-linux-gnu/bin/rustc --crate-name pr_712_named_asset_canonicalization --edition=2024 crates/amplihack-cli/tests/pr_712_named_asset_canonicalization.rs --error-format=json --json=diagnostic-rendered-ansi,artifacts,future-incompat --emit=dep-info,link -C embed-bitcode=no -C debuginfo=line-tables-only --warn=unexpected_cfgs --check-cfg 'cfg(kani)' --test --cfg 'feature="default"' --check-cfg 'cfg(docsrs,test)' --check-cfg 'cfg(feature, values("default", "signal", "test-support"))' -C metadata=887ca6719751dd80 -C extra-filename=-f3fce96738d41f0f --out-dir /tmp/cargo-mutants-amplihack-pr-YcCg5x.tmp/target/debug/deps -C incremental=/tmp/cargo-mutants-amplihack-pr-YcCg5x.tmp/target/debug/incremental -L dependency=/tmp/cargo-mutants-amplihack-pr-YcCg5x.tmp/target/debug/deps --extern amplihack_builders=/tmp/cargo-mutants-amplihack-pr-YcCg5x.tmp/target/debug/deps/libamplihack_builders-03993fac7567dfac.rlib --extern amplihack_cli=/tmp/cargo-mutants-amplihack-pr-YcCg5x.tmp/target/debug/deps/libamplihack_cli-29d762ce3c0fd35c.rlib --extern amplihack_hive=/tmp/cargo-mutants-amplihack-pr-YcCg5x.tmp/target/debug/deps/libamplihack_hive-7dcf48bdaeaf754c.rlib --extern amplihack_launcher=/tmp/cargo-mutants-amplihack-pr-YcCg5x.tmp/target/debug/deps/libamplihack_launcher-a0b196619987966a.rlib --extern amplihack_memory=/tmp/cargo-mutants-amplihack-pr-YcCg5x.tmp/target/debug/deps/libamplihack_memory-52ac4db15a775e5a.rlib --extern amplihack_orchestration=/tmp/cargo-mutants-amplihack-pr-YcCg5x.tmp/target/debug/deps/libamplihack_orchestration-ed20700a2c166be7.rlib --extern amplihack_reflection=/tmp/cargo-mutants-amplihack-pr-YcCg5x.tmp/target/debug/deps/libamplihack_reflection-9fc868256a9530da.rlib --extern amplihack_remote=/tmp/cargo-mutants-amplihack-pr-YcCg5x.tmp/target/debug/deps/libamplihack_remote-bda9eaf1668cac2f.rlib --extern amplihack_signal=/tmp/cargo-mutants-amplihack-pr-YcCg5x.tmp/target/debug/deps/libamplihack_signal-12b09c972d1bf694.rlib --extern amplihack_state=/tmp/cargo-mutants-amplihack-pr-YcCg5x.tmp/target/debug/deps/libamplihack_state-5bfc4593aa3c2735.rlib --extern amplihack_turn=/tmp/cargo-mutants-amplihack-pr-YcCg5x.tmp/target/debug/deps/libamplihack_turn-bf066a2c4d2d9785.rlib --extern amplihack_types=/tmp/cargo-mutants-amplihack-pr-YcCg5x.tmp/target/debug/deps/libamplihack_types-5aa2c2ee7df7bcf4.rlib --extern amplihack_utils=/tmp/cargo-mutants-amplihack-pr-YcCg5x.tmp/target/debug/deps/libamplihack_utils-08a9c706cfc82cac.rlib --extern amplihack_workflows=/tmp/cargo-mutants-amplihack-pr-YcCg5x.tmp/target/debug/deps/libamplihack_workflows-15e51595127c129b.rlib --extern anyhow=/tmp/cargo-mutants-amplihack-pr-YcCg5x.tmp/target/debug/deps/libanyhow-aaead62bc88b9429.rlib --extern assert_cmd=/tmp/cargo-mutants-amplihack-pr-YcCg5x.tmp/target/debug/deps/libassert_cmd-7a96199b9b843959.rlib --extern async_trait=/tmp/cargo-mutants-amplihack-pr-YcCg5x.tmp/target/debug/deps/libasync_trait-601d0c3ace375beb.so --extern chrono=/tmp/cargo-mutants-amplihack-pr-YcCg5x.tmp/target/debug/deps/libchrono-698d0514bedff45c.rlib --extern clap=/tmp/cargo-mutants-amplihack-pr-YcCg5x.tmp/target/debug/deps/libclap-0a08011544f8a5b8.rlib --extern clap_complete=/tmp/cargo-mutants-amplihack-pr-YcCg5x.tmp/target/debug/deps/libclap_complete-037496bed915a9d8.rlib --extern dialoguer=/tmp/cargo-mutants-amplihack-pr-YcCg5x.tmp/target/debug/deps/libdialoguer-701eb5d666153ef9.rlib --extern flate2=/tmp/cargo-mutants-amplihack-pr-YcCg5x.tmp/target/debug/deps/libflate2-c3906d7a8bde7622.rlib --extern fs4=/tmp/cargo-mutants-amplihack-pr-YcCg5x.tmp/target/debug/deps/libfs4-5b0e4af1974bf2a4.rlib --extern lbug=/tmp/cargo-mutants-amplihack-pr-YcCg5x.tmp/target/debug/deps/liblbug-59cfc3aac2014f89.rlib --extern libc=/tmp/cargo-mutants-amplihack-pr-YcCg5x.tmp/target/debug/deps/liblibc-4d73f44b645ff25b.rlib --extern lru=/tmp/cargo-mutants-amplihack-pr-YcCg5x.tmp/target/debug/deps/liblru-7e6e70a4ddd6b98d.rlib --extern prost=/tmp/cargo-mutants-amplihack-pr-YcCg5x.tmp/target/debug/deps/libprost-add16c9af461c9ee.rlib --extern regex=/tmp/cargo-mutants-amplihack-pr-YcCg5x.tmp/target/debug/deps/libregex-03ca1be4cec3c16d.rlib --extern rexpect=/tmp/cargo-mutants-amplihack-pr-YcCg5x.tmp/target/debug/deps/librexpect-5a0111470db11a54.rlib --extern rusqlite=/tmp/cargo-mutants-amplihack-pr-YcCg5x.tmp/target/debug/deps/librusqlite-90f542ebc6046a0d.rlib --extern semver=/tmp/cargo-mutants-amplihack-pr-YcCg5x.tmp/target/debug/deps/libsemver-d1ac1c952db7cf2d.rlib --extern serde=/tmp/cargo-mutants-amplihack-pr-YcCg5x.tmp/target/debug/deps/libserde-9862aaefd1081862.rlib --extern serde_json=/tmp/cargo-mutants-amplihack-pr-YcCg5x.tmp/target/debug/deps/libserde_json-061c00ff3e9853d1.rlib --extern serde_yaml=/tmp/cargo-mutants-amplihack-pr-YcCg5x.tmp/target/debug/deps/libserde_yaml-32f4debdc5c586ac.rlib --extern sha2=/tmp/cargo-mutants-amplihack-pr-YcCg5x.tmp/target/debug/deps/libsha2-9bd26e6f526c10f4.rlib --extern signal_hook=/tmp/cargo-mutants-amplihack-pr-YcCg5x.tmp/target/debug/deps/libsignal_hook-016995c66640b093.rlib --extern tar=/tmp/cargo-mutants-amplihack-pr-YcCg5x.tmp/target/debug/deps/libtar-739a95e6c50d0407.rlib --extern tempfile=/tmp/cargo-mutants-amplihack-pr-YcCg5x.tmp/target/debug/deps/libtempfile-5a176b43127bd653.rlib --extern thiserror=/tmp/cargo-mutants-amplihack-pr-YcCg5x.tmp/target/debug/deps/libthiserror-2e6c1412a455e99c.rlib --extern time=/tmp/cargo-mutants-amplihack-pr-YcCg5x.tmp/target/debug/deps/libtime-16367d88b56805ba.rlib --extern tokio=/tmp/cargo-mutants-amplihack-pr-YcCg5x.tmp/target/debug/deps/libtokio-72d59edba91c3e05.rlib --extern toml=/tmp/cargo-mutants-amplihack-pr-YcCg5x.tmp/target/debug/deps/libtoml-1a9bef83c37016d2.rlib --extern tracing=/tmp/cargo-mutants-amplihack-pr-YcCg5x.tmp/target/debug/deps/libtracing-c155b65c27f48072.rlib --extern tracing_subscriber=/tmp/cargo-mutants-amplihack-pr-YcCg5x.tmp/target/debug/deps/libtracing_subscriber-0a1c6037d6d0ddb6.rlib --extern ureq=/tmp/cargo-mutants-amplihack-pr-YcCg5x.tmp/target/debug/deps/libureq-a52054ce8bf46ff7.rlib --extern uuid=/tmp/cargo-mutants-amplihack-pr-YcCg5x.tmp/target/debug/deps/libuuid-d03d2fc21fd13b3e.rlib --extern zip=/tmp/cargo-mutants-amplihack-pr-YcCg5x.tmp/target/debug/deps/libzip-8228d34f1cec4b5d.rlib -L native=/tmp/cargo-mutants-amplihack-pr-YcCg5x.tmp/target/debug/build/lbug-c2061b4e8dfc1d6b/out/build/src -L native=/tmp/cargo-mutants-amplihack-pr-YcCg5x.tmp/target/debug/build/lbug-c2061b4e8dfc1d6b/out/build/third_party/utf8proc -L native=/tmp/cargo-mutants-amplihack-pr-YcCg5x.tmp/target/debug/build/lbug-c2061b4e8dfc1d6b/out/build/third_party/antlr4_cypher -L native=/tmp/cargo-mutants-amplihack-pr-YcCg5x.tmp/target/debug/build/lbug-c2061b4e8dfc1d6b/out/build/third_party/antlr4_runtime -L native=/tmp/cargo-mutants-amplihack-pr-YcCg5x.tmp/target/debug/build/lbug-c2061b4e8dfc1d6b/out/build/third_party/re2 -L native=/tmp/cargo-mutants-amplihack-pr-YcCg5x.tmp/target/debug/build/lbug-c2061b4e8dfc1d6b/out/build/third_party/brotli -L native=/tmp/cargo-mutants-amplihack-pr-YcCg5x.tmp/target/debug/build/lbug-c2061b4e8dfc1d6b/out/build/third_party/alp -L native=/tmp/cargo-mutants-amplihack-pr-YcCg5x.tmp/target/debug/build/lbug-c2061b4e8dfc1d6b/out/build/third_party/fastpfor -L native=/tmp/cargo-mutants-amplihack-pr-YcCg5x.tmp/target/debug/build/lbug-c2061b4e8dfc1d6b/out/build/third_party/parquet -L native=/tmp/cargo-mutants-amplihack-pr-YcCg5x.tmp/target/debug/build/lbug-c2061b4e8dfc1d6b/out/build/third_party/thrift -L native=/tmp/cargo-mutants-amplihack-pr-YcCg5x.tmp/target/debug/build/lbug-c2061b4e8dfc1d6b/out/build/third_party/snappy -L native=/tmp/cargo-mutants-amplihack-pr-YcCg5x.tmp/target/debug/build/lbug-c2061b4e8dfc1d6b/out/build/third_party/zstd -L native=/tmp/cargo-mutants-amplihack-pr-YcCg5x.tmp/target/debug/build/lbug-c2061b4e8dfc1d6b/out/build/third_party/miniz -L native=/tmp/cargo-mutants-amplihack-pr-YcCg5x.tmp/target/debug/build/lbug-c2061b4e8dfc1d6b/out/build/third_party/mbedtls -L native=/tmp/cargo-mutants-amplihack-pr-YcCg5x.tmp/target/debug/build/lbug-c2061b4e8dfc1d6b/out/build/third_party/lz4 -L native=/tmp/cargo-mutants-amplihack-pr-YcCg5x.tmp/target/debug/build/lbug-c2061b4e8dfc1d6b/out/build/third_party/roaring_bitmap -L native=/tmp/cargo-mutants-amplihack-pr-YcCg5x.tmp/target/debug/build/lbug-c2061b4e8dfc1d6b/out/build/third_party/simsimd -L native=/tmp/cargo-mutants-amplihack-pr-YcCg5x.tmp/target/debug/build/lbug-c2061b4e8dfc1d6b/out/build/third_party/yyjson -L native=/tmp/cargo-mutants-amplihack-pr-YcCg5x.tmp/target/debug/build/lbug-c2061b4e8dfc1d6b/out -L native=/tmp/cargo-mutants-amplihack-pr-YcCg5x.tmp/target/debug/build/cxx-3dafb46d76064c7e/out -L native=/tmp/cargo-mutants-amplihack-pr-YcCg5x.tmp/target/debug/build/link-cplusplus-99e4942e4cf65b7c/out -L native=/tmp/cargo-mutants-amplihack-pr-YcCg5x.tmp/target/debug/build/libsqlite3-sys-f4dcd415928f89cb/out -L native=/tmp/cargo-mutants-amplihack-pr-YcCg5x.tmp/target/debug/build/ring-439005edc122cf5b/out` (exit status: 1)
error: linking with `cc` failed: exit status: 1
  |
  = note:  "cc" "-m64" "/tmp/cargo-mutants-amplihack-pr-YcCg5x.tmp/target/debug/examples/rustcbRyEds/symbols.o" "<8 object files omitted>" "-Wl,--as-needed" "-Wl,-Bstatic" "/tmp/cargo-mutants-amplihack-pr-YcCg5x.tmp/target/debug/deps/{libamplihack_cli-29d762ce3c0fd35c,libzip-8228d34f1cec4b5d,libzopfli-6a2bc9c2b95aa9ad,libbumpalo-e553aa5d35b8ba00,libsignal_hook-016995c66640b093,libtoml-1a9bef83c37016d2,libtoml_edit-ff0f6bcd5f6c113c,libserde_spanned-cb037482a7f905a7,libwinnow-cc46490aeaa7a6c1,libtoml_write-758bff7b206967de,libtoml_datetime-54810aa3d193665e,libureq-a52054ce8bf46ff7,libwebpki_roots-620d85e102922d0e,libwebpki_roots-c0a7b24e2f7f1033,liburl-1c828be9c7e1d733,libidna-1d2d1da15b515ba1,libidna_adapter-50dfeccc9b2f3c2b,libicu_properties-abe89d4c5378f885,libicu_properties_data-ce5c9b6a1ebe3bfb,libicu_normalizer-ad08538de5437dd3,libicu_normalizer_data-e3ddaa2b61075dae,libicu_collections-6769f7a561260745,libutf8_iter-9b56820b9df08c2d,libpotential_utf-6fff84e2f9846ac1,libicu_provider-f62af93c658502e3,libicu_locale_core-85d94b2a11c43bc8,libtinystr-1fe36b9c29e5a3e5,liblitemap-6283911cd62bf919,libwriteable-119f7792c5b0241f,libzerovec-c69dc51ccebf551a,libzerotrie-3352a876edf5f544,libyoke-e9e4d73ec3ccbbad,libstable_deref_trait-f7827c1c6b879ba3,libzerofrom-448ab9a44fb32e1e,libform_urlencoded-a7f35f004e2eec91,libpercent_encoding-f71aa05b950db61f,librustls-bdff651e37186549,libsubtle-f2789cd462d77a2d,libwebpki-a8edbdf2c9c808ea,libring-2bb58ae0e3cf8a1f,libgetrandom-0d938c7cd8de17d1,libuntrusted-7d7322dc4f40a526,librustls_pki_types-1ba39f6b2f03340b,liblog-3e21fdc548b3a83e,libtar-739a95e6c50d0407,libxattr-096657d2d5b52d9c,libfiletime-eec2cfd2a6509824,libflate2-c3906d7a8bde7622,libminiz_oxide-e35ca28061323ca7,libsimd_adler32-e37d89724ada9e0c,libcrc32fast-d6f1b0c0e6b1ee94,libamplihack_workflows-15e51595127c129b,libfs4-5b0e4af1974bf2a4,libamplihack_remote-bda9eaf1668cac2f,libamplihack_reflection-9fc868256a9530da,libamplihack_orchestration-ed20700a2c166be7,libamplihack_state-5bfc4593aa3c2735,libamplihack_memory-52ac4db15a775e5a,libprost-add16c9af461c9ee,liblbug-59cfc3aac2014f89}.rlib" "-Wl,--whole-archive" "-Wl,/tmp/cargo-mutants-amplihack-pr-YcCg5x.tmp/target/debug/examples/rustcbRyEds/liblbug.a" "-Wl,--no-whole-archive" "-Wl,--whole-archive" "-Wl,/tmp/cargo-mutants-amplihack-pr-YcCg5x.tmp/target/debug/examples/rustcbRyEds/libutf8proc.a" "-Wl,--no-whole-archive" "-Wl,--whole-archive" "-Wl,/tmp/cargo-mutants-amplihack-pr-YcCg5x.tmp/target/debug/examples/rustcbRyEds/libantlr4_cypher.a" "-Wl,--no-whole-archive" "-Wl,--whole-archive" "-Wl,/tmp/cargo-mutants-amplihack-pr-YcCg5x.tmp/target/debug/examples/rustcbRyEds/libantlr4_runtime.a" "-Wl,--no-whole-archive" "-Wl,--whole-archive" "-Wl,/tmp/cargo-mutants-amplihack-pr-YcCg5x.tmp/target/debug/examples/rustcbRyEds/libre2.a" "-Wl,--no-whole-archive" "-Wl,--whole-archive" "-Wl,/tmp/cargo-mutants-amplihack-pr-YcCg5x.tmp/target/debug/examples/rustcbRyEds/libfastpfor.a" "-Wl,--no-whole-archive" "-Wl,--whole-archive" "-Wl,/tmp/cargo-mutants-amplihack-pr-YcCg5x.tmp/target/debug/examples/rustcbRyEds/libparquet.a" "-Wl,--no-whole-archive" "-Wl,--whole-archive" "-Wl,/tmp/cargo-mutants-amplihack-pr-YcCg5x.tmp/target/debug/examples/rustcbRyEds/libthrift.a" "-Wl,--no-whole-archive" "-Wl,--whole-archive" "-Wl,/tmp/cargo-mutants-amplihack-pr-YcCg5x.tmp/target/debug/examples/rustcbRyEds/libsnappy.a" "-Wl,--no-whole-archive" "-Wl,--whole-archive" "-Wl,/tmp/cargo-mutants-amplihack-pr-YcCg5x.tmp/target/debug/examples/rustcbRyEds/libzstd.a" "-Wl,--no-whole-archive" "-Wl,--whole-archive" "-Wl,/tmp/cargo-mutants-amplihack-pr-YcCg5x.tmp/target/debug/examples/rustcbRyEds/libminiz.a" "-Wl,--no-whole-archive" "-Wl,--whole-archive" "-Wl,/tmp/cargo-mutants-amplihack-pr-YcCg5x.tmp/target/debug/examples/rustcbRyEds/libmbedtls.a" "-Wl,--no-whole-archive" "-Wl,--whole-archive" "-Wl,/tmp/cargo-mutants-amplihack-pr-YcCg5x.tmp/target/debug/examples/rustcbRyEds/libbrotlidec.a" "-Wl,--no-whole-archive" "-Wl,--whole-archive" "-Wl,/tmp/cargo-mutants-amplihack-pr-YcCg5x.tmp/target/debug/examples/rustcbRyEds/libbrotlicommon.a" "-Wl,--no-whole-archive" "-Wl,--whole-archive" "-Wl,/tmp/cargo-mutants-amplihack-pr-YcCg5x.tmp/target/debug/examples/rustcbRyEds/liblz4.a" "-Wl,--no-whole-archive" "-Wl,--whole-archive" "-Wl,/tmp/cargo-mutants-amplihack-pr-YcCg5x.tmp/target/debug/examples/rustcbRyEds/libroaring_bitmap.a" "-Wl,--no-whole-archive" "-Wl,--whole-archive" "-Wl,/tmp/cargo-mutants-amplihack-pr-YcCg5x.tmp/target/debug/examples/rustcbRyEds/libsimsimd.a" "-Wl,--no-whole-archive" "-Wl,--whole-archive" "-Wl,/tmp/cargo-mutants-amplihack-pr-YcCg5x.tmp/target/debug/examples/rustcbRyEds/libyyjson.a" "-Wl,--no-whole-archive" "/tmp/cargo-mutants-amplihack-pr-YcCg5x.tmp/target/debug/deps/{librust_decimal-b7e8232f39cca291,libarrayvec-04c50c1173dde036,libcxx-496176dfd4894fe4,liblink_cplusplus-ac582e1de4cf45f3,libtime-16367d88b56805ba,libtime_core-ebe9dd7ccf82eb34,libnum_conv-53d3c554e9b4c2a3,libderanged-71e6e8bf118617ed,libpowerfmt-a6261afe9bb4a9e0,libsha1-9ffa845f1a97cf09,libmd5-6eba4d9e44b1cc71,librusqlite-90f542ebc6046a0d,libsmallvec-b3cb22ffa573c446,libhashlink-d79684728056303f,libhashbrown-727abe1bdd9cf789,libfoldhash-03399f32cfc270bd,liblibsqlite3_sys-7dca84fb8305851a,libfallible_streaming_iterator-0a95e2ee2666bc8c,libfallible_iterator-1da8aae003d254fb,libdialoguer-701eb5d666153ef9,libshell_words-28907b824c827254,libzeroize-437565c489b5004c,libthiserror-423095968ebaf9f2,libconsole-646869cfd0b9f5c0,libunicode_width-1e93305eb8a30e40,libserde_yaml-32f4debdc5c586ac,libryu-2b72343ff6465fa8,libindexmap-df89ff15bb4f2ed1,libhashbrown-4ed06a5f3cbbe4ba,libunsafe_libyaml-f0868dbe4a51f009,libamplihack_hive-7dcf48bdaeaf754c,libuuid-d03d2fc21fd13b3e,liblru-7e6e70a4ddd6b98d,libhashbrown-159a5af3701ba75d,libfoldhash-b1ef311b90a65313,libequivalent-fdc18e14a9ae6c3c,liballocator_api2-e7a9b5b23ec429a3,libamplihack_builders-03993fac7567dfac,libamplihack_turn-bf066a2c4d2d9785,libamplihack_launcher-a0b196619987966a,libclap_complete-037496bed915a9d8,libclap-0a08011544f8a5b8,libclap_builder-c1c968ba6514808b,libstrsim-b3e747780b20f03d,libanstream-cfb194b8e3e0299a,libanstyle_query-9fef00a40e26b2e3,libis_terminal_polyfill-bd3b6f3278f0dabf,libcolorchoice-bda311a7e20f008d,libanstyle_parse-c70452bff0b72d28,libutf8parse-b496ce6a80bd95cb,libclap_lex-a90711722fef977b,libanstyle-0f311d6a1864dfe2,libamplihack_utils-08a9c706cfc82cac,libtempfile-5a176b43127bd653,libgetrandom-7b1dfc04b6e43c3c,libfastrand-3954aece426f4e26,librustix-8f80b6d0bd774a4d,libbitflags-d7c9ee08c911673f,liblinux_raw_sys-8c03637cc482f685,libamplihack_types-5aa2c2ee7df7bcf4,libserde_json-061c00ff3e9853d1,libitoa-277fe597f529c6b5,libzmij-0d2a93f95973b9fb,libtokio-72d59edba91c3e05,libsignal_hook_registry-c6f45c8d5714f1a1,liberrno-0c1435ade295a8a2,libsocket2-731d5b305f086a1b,libbytes-ce6bc70c781d46e9,libmio-d809683fe6580cba,liblibc-4d73f44b645ff25b,libsha2-9bd26e6f526c10f4,libcpufeatures-66458376002ef2c7,libcfg_if-d06d0d18df159373,libdigest-3c28c0344d360705,libblock_buffer-1339a35eed00e12f,libcrypto_common-19cf6cd007741ab5,libgeneric_array-b6977ae1f1d79190,libtypenum-b0777b0a8cdeb7df,libchrono-698d0514bedff45c,libiana_time_zone-8f8d047a952c2b50,libnum_traits-9b9e6d17e75b3459,libbase64-83ed11c3fb61eb2e,libthiserror-2e6c1412a455e99c,libtracing-c155b65c27f48072,libpin_project_lite-ba90535f6d112531,libtracing_core-c820ab2e83ee300c,libonce_cell-9a02c5d8873ff61b,libsemver-d1ac1c952db7cf2d,libserde-9862aaefd1081862,libserde_core-2301cba4cad581c4,libregex-03ca1be4cec3c16d,libregex_automata-23bef1a898b49d2c,libaho_corasick-5a4da2c5009a50c7,libmemchr-dd79cac50e09c723,libregex_syntax-ce78d2840e28b5f0,libanyhow-aaead62bc88b9429}.rlib" "<sysroot>/lib/rustlib/x86_64-unknown-linux-gnu/lib/{libstd-*,libpanic_unwind-*,libobject-*,libmemchr-*,libaddr2line-*,libgimli-*,libcfg_if-*,librustc_demangle-*,libstd_detect-*,libhashbrown-*,librustc_std_workspace_alloc-*,libminiz_oxide-*,libadler2-*,libunwind-*,liblibc-*,librustc_std_workspace_core-*,liballoc-*,libcore-*,libcompiler_builtins-*}.rlib" "-Wl,-Bdynamic" "-lstdc++" "-lstdc++" "-lgcc_s" "-lutil" "-lrt" "-lpthread" "-lm" "-ldl" "-lc" "-L" "/tmp/cargo-mutants-amplihack-pr-YcCg5x.tmp/target/debug/examples/rustcbRyEds/raw-dylibs" "-B<sysroot>/lib/rustlib/x86_64-unknown-linux-gnu/bin/gcc-ld" "-fuse-ld=lld" "-Wl,--eh-frame-hdr" "-Wl,-z,noexecstack" "-L" "/tmp/cargo-mutants-amplihack-pr-YcCg5x.tmp/target/debug/build/lbug-c2061b4e8dfc1d6b/out/build/src" "-L" "/tmp/cargo-mutants-amplihack-pr-YcCg5x.tmp/target/debug/build/lbug-c2061b4e8dfc1d6b/out/build/third_party/utf8proc" "-L" "/tmp/cargo-mutants-amplihack-pr-YcCg5x.tmp/target/debug/build/lbug-c2061b4e8dfc1d6b/out/build/third_party/antlr4_cypher" "-L" "/tmp/cargo-mutants-amplihack-pr-YcCg5x.tmp/target/debug/build/lbug-c2061b4e8dfc1d6b/out/build/third_party/antlr4_runtime" "-L" "/tmp/cargo-mutants-amplihack-pr-YcCg5x.tmp/target/debug/build/lbug-c2061b4e8dfc1d6b/out/build/third_party/re2" "-L" "/tmp/cargo-mutants-amplihack-pr-YcCg5x.tmp/target/debug/build/lbug-c2061b4e8dfc1d6b/out/build/third_party/brotli" "-L" "/tmp/cargo-mutants-amplihack-pr-YcCg5x.tmp/target/debug/build/lbug-c2061b4e8dfc1d6b/out/build/third_party/alp" "-L" "/tmp/cargo-mutants-amplihack-pr-YcCg5x.tmp/target/debug/build/lbug-c2061b4e8dfc1d6b/out/build/third_party/fastpfor" "-L" "/tmp/cargo-mutants-amplihack-pr-YcCg5x.tmp/target/debug/build/lbug-c2061b4e8dfc1d6b/out/build/third_party/parquet" "-L" "/tmp/cargo-mutants-amplihack-pr-YcCg5x.tmp/target/debug/build/lbug-c2061b4e8dfc1d6b/out/build/third_party/thrift" "-L" "/tmp/cargo-mutants-amplihack-pr-YcCg5x.tmp/target/debug/build/lbug-c2061b4e8dfc1d6b/out/build/third_party/snappy" "-L" "/tmp/cargo-mutants-amplihack-pr-YcCg5x.tmp/target/debug/build/lbug-c2061b4e8dfc1d6b/out/build/third_party/zstd" "-L" "/tmp/cargo-mutants-amplihack-pr-YcCg5x.tmp/target/debug/build/lbug-c2061b4e8dfc1d6b/out/build/third_party/miniz" "-L" "/tmp/cargo-mutants-amplihack-pr-YcCg5x.tmp/target/debug/build/lbug-c2061b4e8dfc1d6b/out/build/third_party/mbedtls" "-L" "/tmp/cargo-mutants-amplihack-pr-YcCg5x.tmp/target/debug/build/lbug-c2061b4e8dfc1d6b/out/build/third_party/lz4" "-L" "/tmp/cargo-mutants-amplihack-pr-YcCg5x.tmp/target/debug/build/lbug-c2061b4e8dfc1d6b/out/build/third_party/roaring_bitmap" "-L" "/tmp/cargo-mutants-amplihack-pr-YcCg5x.tmp/target/debug/build/lbug-c2061b4e8dfc1d6b/out/build/third_party/simsimd" "-L" "/tmp/cargo-mutants-amplihack-pr-YcCg5x.tmp/target/debug/build/lbug-c2061b4e8dfc1d6b/out/build/third_party/yyjson" "-L" "/tmp/cargo-mutants-amplihack-pr-YcCg5x.tmp/target/debug/build/lbug-c2061b4e8dfc1d6b/out" "-L" "/tmp/cargo-mutants-amplihack-pr-YcCg5x.tmp/target/debug/build/cxx-3dafb46d76064c7e/out" "-L" "/tmp/cargo-mutants-amplihack-pr-YcCg5x.tmp/target/debug/build/link-cplusplus-99e4942e4cf65b7c/out" "-L" "/tmp/cargo-mutants-amplihack-pr-YcCg5x.tmp/target/debug/build/libsqlite3-sys-f4dcd415928f89cb/out" "-L" "/tmp/cargo-mutants-amplihack-pr-YcCg5x.tmp/target/debug/build/ring-439005edc122cf5b/out" "-L" "<sysroot>/lib/rustlib/x86_64-unknown-linux-gnu/lib" "-o" "/tmp/cargo-mutants-amplihack-pr-YcCg5x.tmp/target/debug/examples/bootstrap_claude_plugin-d9e205803ba82bff" "-Wl,--gc-sections" "-pie" "-Wl,-z,relro,-z,now" "-nodefaultlibs"
  = note: some arguments are omitted. use `--verbose` to show all linker arguments
  = note: PLEASE submit a bug report to https://github.com/llvm/llvm-project/issues/ and include the crash backtrace and instructions to reproduce the bug.
          Stack dump without symbol names (ensure you have llvm-symbolizer in your PATH or set the environment var `LLVM_SYMBOLIZER_PATH` to point to it):
          0  libLLVM.so.22.1-rust-1.97.0-stable 0x00007645b2748847 llvm::sys::PrintStackTrace(llvm::raw_ostream&, int) + 39
          1  libLLVM.so.22.1-rust-1.97.0-stable 0x00007645b274913d
          2  libc.so.6                          0x00007645ac447e10
          3  libc.so.6                          0x00007645ac5b3589
          4  rust-lld                           0x0000637fb9621cc4
          5  rust-lld                           0x0000637fb96a181b
          6  libLLVM.so.22.1-rust-1.97.0-stable 0x00007645b26f0f32
          7  libLLVM.so.22.1-rust-1.97.0-stable 0x00007645b26f06ea
          8  libLLVM.so.22.1-rust-1.97.0-stable 0x00007645b2655db0
          9  libc.so.6                          0x00007645ac4ac0eb
          10 libc.so.6                          0x00007645ac53f67c
          collect2: fatal error: ld terminated with signal 7 [Bus error], core dumped
          compilation terminated.
          

error: could not compile `amplihack-cli` (example "bootstrap_claude_plugin") due to 1 previous error

Caused by:
  process didn't exit successfully: `/home/azureuser/.rustup/toolchains/1.97.0-x86_64-unknown-linux-gnu/bin/rustc --crate-name bootstrap_claude_plugin --edition=2024 crates/amplihack-cli/examples/bootstrap_claude_plugin.rs --error-format=json --json=diagnostic-rendered-ansi,artifacts,future-incompat --crate-type bin --emit=dep-info,link -C embed-bitcode=no -C debuginfo=line-tables-only --warn=unexpected_cfgs --check-cfg 'cfg(kani)' --cfg 'feature="default"' --check-cfg 'cfg(docsrs,test)' --check-cfg 'cfg(feature, values("default", "signal", "test-support"))' -C metadata=3d85c93774e90741 -C extra-filename=-d9e205803ba82bff --out-dir /tmp/cargo-mutants-amplihack-pr-YcCg5x.tmp/target/debug/examples -C incremental=/tmp/cargo-mutants-amplihack-pr-YcCg5x.tmp/target/debug/incremental -L dependency=/tmp/cargo-mutants-amplihack-pr-YcCg5x.tmp/target/debug/deps --extern amplihack_builders=/tmp/cargo-mutants-amplihack-pr-YcCg5x.tmp/target/debug/deps/libamplihack_builders-03993fac7567dfac.rlib --extern amplihack_cli=/tmp/cargo-mutants-amplihack-pr-YcCg5x.tmp/target/debug/deps/libamplihack_cli-29d762ce3c0fd35c.rlib --extern amplihack_hive=/tmp/cargo-mutants-amplihack-pr-YcCg5x.tmp/target/debug/deps/libamplihack_hive-7dcf48bdaeaf754c.rlib --extern amplihack_launcher=/tmp/cargo-mutants-amplihack-pr-YcCg5x.tmp/target/debug/deps/libamplihack_launcher-a0b196619987966a.rlib --extern amplihack_memory=/tmp/cargo-mutants-amplihack-pr-YcCg5x.tmp/target/debug/deps/libamplihack_memory-52ac4db15a775e5a.rlib --extern amplihack_orchestration=/tmp/cargo-mutants-amplihack-pr-YcCg5x.tmp/target/debug/deps/libamplihack_orchestration-ed20700a2c166be7.rlib --extern amplihack_reflection=/tmp/cargo-mutants-amplihack-pr-YcCg5x.tmp/target/debug/deps/libamplihack_reflection-9fc868256a9530da.rlib --extern amplihack_remote=/tmp/cargo-mutants-amplihack-pr-YcCg5x.tmp/target/debug/deps/libamplihack_remote-bda9eaf1668cac2f.rlib --extern amplihack_signal=/tmp/cargo-mutants-amplihack-pr-YcCg5x.tmp/target/debug/deps/libamplihack_signal-12b09c972d1bf694.rlib --extern amplihack_state=/tmp/cargo-mutants-amplihack-pr-YcCg5x.tmp/target/debug/deps/libamplihack_state-5bfc4593aa3c2735.rlib --extern amplihack_turn=/tmp/cargo-mutants-amplihack-pr-YcCg5x.tmp/target/debug/deps/libamplihack_turn-bf066a2c4d2d9785.rlib --extern amplihack_types=/tmp/cargo-mutants-amplihack-pr-YcCg5x.tmp/target/debug/deps/libamplihack_types-5aa2c2ee7df7bcf4.rlib --extern amplihack_utils=/tmp/cargo-mutants-amplihack-pr-YcCg5x.tmp/target/debug/deps/libamplihack_utils-08a9c706cfc82cac.rlib --extern amplihack_workflows=/tmp/cargo-mutants-amplihack-pr-YcCg5x.tmp/target/debug/deps/libamplihack_workflows-15e51595127c129b.rlib --extern anyhow=/tmp/cargo-mutants-amplihack-pr-YcCg5x.tmp/target/debug/deps/libanyhow-aaead62bc88b9429.rlib --extern assert_cmd=/tmp/cargo-mutants-amplihack-pr-YcCg5x.tmp/target/debug/deps/libassert_cmd-7a96199b9b843959.rlib --extern async_trait=/tmp/cargo-mutants-amplihack-pr-YcCg5x.tmp/target/debug/deps/libasync_trait-601d0c3ace375beb.so --extern chrono=/tmp/cargo-mutants-amplihack-pr-YcCg5x.tmp/target/debug/deps/libchrono-698d0514bedff45c.rlib --extern clap=/tmp/cargo-mutants-amplihack-pr-YcCg5x.tmp/target/debug/deps/libclap-0a08011544f8a5b8.rlib --extern clap_complete=/tmp/cargo-mutants-amplihack-pr-YcCg5x.tmp/target/debug/deps/libclap_complete-037496bed915a9d8.rlib --extern dialoguer=/tmp/cargo-mutants-amplihack-pr-YcCg5x.tmp/target/debug/deps/libdialoguer-701eb5d666153ef9.rlib --extern flate2=/tmp/cargo-mutants-amplihack-pr-YcCg5x.tmp/target/debug/deps/libflate2-c3906d7a8bde7622.rlib --extern fs4=/tmp/cargo-mutants-amplihack-pr-YcCg5x.tmp/target/debug/deps/libfs4-5b0e4af1974bf2a4.rlib --extern lbug=/tmp/cargo-mutants-amplihack-pr-YcCg5x.tmp/target/debug/deps/liblbug-59cfc3aac2014f89.rlib --extern libc=/tmp/cargo-mutants-amplihack-pr-YcCg5x.tmp/target/debug/deps/liblibc-4d73f44b645ff25b.rlib --extern lru=/tmp/cargo-mutants-amplihack-pr-YcCg5x.tmp/target/debug/deps/liblru-7e6e70a4ddd6b98d.rlib --extern prost=/tmp/cargo-mutants-amplihack-pr-YcCg5x.tmp/target/debug/deps/libprost-add16c9af461c9ee.rlib --extern regex=/tmp/cargo-mutants-amplihack-pr-YcCg5x.tmp/target/debug/deps/libregex-03ca1be4cec3c16d.rlib --extern rexpect=/tmp/cargo-mutants-amplihack-pr-YcCg5x.tmp/target/debug/deps/librexpect-5a0111470db11a54.rlib --extern rusqlite=/tmp/cargo-mutants-amplihack-pr-YcCg5x.tmp/target/debug/deps/librusqlite-90f542ebc6046a0d.rlib --extern semver=/tmp/cargo-mutants-amplihack-pr-YcCg5x.tmp/target/debug/deps/libsemver-d1ac1c952db7cf2d.rlib --extern serde=/tmp/cargo-mutants-amplihack-pr-YcCg5x.tmp/target/debug/deps/libserde-9862aaefd1081862.rlib --extern serde_json=/tmp/cargo-mutants-amplihack-pr-YcCg5x.tmp/target/debug/deps/libserde_json-061c00ff3e9853d1.rlib --extern serde_yaml=/tmp/cargo-mutants-amplihack-pr-YcCg5x.tmp/target/debug/deps/libserde_yaml-32f4debdc5c586ac.rlib --extern sha2=/tmp/cargo-mutants-amplihack-pr-YcCg5x.tmp/target/debug/deps/libsha2-9bd26e6f526c10f4.rlib --extern signal_hook=/tmp/cargo-mutants-amplihack-pr-YcCg5x.tmp/target/debug/deps/libsignal_hook-016995c66640b093.rlib --extern tar=/tmp/cargo-mutants-amplihack-pr-YcCg5x.tmp/target/debug/deps/libtar-739a95e6c50d0407.rlib --extern tempfile=/tmp/cargo-mutants-amplihack-pr-YcCg5x.tmp/target/debug/deps/libtempfile-5a176b43127bd653.rlib --extern thiserror=/tmp/cargo-mutants-amplihack-pr-YcCg5x.tmp/target/debug/deps/libthiserror-2e6c1412a455e99c.rlib --extern time=/tmp/cargo-mutants-amplihack-pr-YcCg5x.tmp/target/debug/deps/libtime-16367d88b56805ba.rlib --extern tokio=/tmp/cargo-mutants-amplihack-pr-YcCg5x.tmp/target/debug/deps/libtokio-72d59edba91c3e05.rlib --extern toml=/tmp/cargo-mutants-amplihack-pr-YcCg5x.tmp/target/debug/deps/libtoml-1a9bef83c37016d2.rlib --extern tracing=/tmp/cargo-mutants-amplihack-pr-YcCg5x.tmp/target/debug/deps/libtracing-c155b65c27f48072.rlib --extern tracing_subscriber=/tmp/cargo-mutants-amplihack-pr-YcCg5x.tmp/target/debug/deps/libtracing_subscriber-0a1c6037d6d0ddb6.rlib --extern ureq=/tmp/cargo-mutants-amplihack-pr-YcCg5x.tmp/target/debug/deps/libureq-a52054ce8bf46ff7.rlib --extern uuid=/tmp/cargo-mutants-amplihack-pr-YcCg5x.tmp/target/debug/deps/libuuid-d03d2fc21fd13b3e.rlib --extern zip=/tmp/cargo-mutants-amplihack-pr-YcCg5x.tmp/target/debug/deps/libzip-8228d34f1cec4b5d.rlib -L native=/tmp/cargo-mutants-amplihack-pr-YcCg5x.tmp/target/debug/build/lbug-c2061b4e8dfc1d6b/out/build/src -L native=/tmp/cargo-mutants-amplihack-pr-YcCg5x.tmp/target/debug/build/lbug-c2061b4e8dfc1d6b/out/build/third_party/utf8proc -L native=/tmp/cargo-mutants-amplihack-pr-YcCg5x.tmp/target/debug/build/lbug-c2061b4e8dfc1d6b/out/build/third_party/antlr4_cypher -L native=/tmp/cargo-mutants-amplihack-pr-YcCg5x.tmp/target/debug/build/lbug-c2061b4e8dfc1d6b/out/build/third_party/antlr4_runtime -L native=/tmp/cargo-mutants-amplihack-pr-YcCg5x.tmp/target/debug/build/lbug-c2061b4e8dfc1d6b/out/build/third_party/re2 -L native=/tmp/cargo-mutants-amplihack-pr-YcCg5x.tmp/target/debug/build/lbug-c2061b4e8dfc1d6b/out/build/third_party/brotli -L native=/tmp/cargo-mutants-amplihack-pr-YcCg5x.tmp/target/debug/build/lbug-c2061b4e8dfc1d6b/out/build/third_party/alp -L native=/tmp/cargo-mutants-amplihack-pr-YcCg5x.tmp/target/debug/build/lbug-c2061b4e8dfc1d6b/out/build/third_party/fastpfor -L native=/tmp/cargo-mutants-amplihack-pr-YcCg5x.tmp/target/debug/build/lbug-c2061b4e8dfc1d6b/out/build/third_party/parquet -L native=/tmp/cargo-mutants-amplihack-pr-YcCg5x.tmp/target/debug/build/lbug-c2061b4e8dfc1d6b/out/build/third_party/thrift -L native=/tmp/cargo-mutants-amplihack-pr-YcCg5x.tmp/target/debug/build/lbug-c2061b4e8dfc1d6b/out/build/third_party/snappy -L native=/tmp/cargo-mutants-amplihack-pr-YcCg5x.tmp/target/debug/build/lbug-c2061b4e8dfc1d6b/out/build/third_party/zstd -L native=/tmp/cargo-mutants-amplihack-pr-YcCg5x.tmp/target/debug/build/lbug-c2061b4e8dfc1d6b/out/build/third_party/miniz -L native=/tmp/cargo-mutants-amplihack-pr-YcCg5x.tmp/target/debug/build/lbug-c2061b4e8dfc1d6b/out/build/third_party/mbedtls -L native=/tmp/cargo-mutants-amplihack-pr-YcCg5x.tmp/target/debug/build/lbug-c2061b4e8dfc1d6b/out/build/third_party/lz4 -L native=/tmp/cargo-mutants-amplihack-pr-YcCg5x.tmp/target/debug/build/lbug-c2061b4e8dfc1d6b/out/build/third_party/roaring_bitmap -L native=/tmp/cargo-mutants-amplihack-pr-YcCg5x.tmp/target/debug/build/lbug-c2061b4e8dfc1d6b/out/build/third_party/simsimd -L native=/tmp/cargo-mutants-amplihack-pr-YcCg5x.tmp/target/debug/build/lbug-c2061b4e8dfc1d6b/out/build/third_party/yyjson -L native=/tmp/cargo-mutants-amplihack-pr-YcCg5x.tmp/target/debug/build/lbug-c2061b4e8dfc1d6b/out -L native=/tmp/cargo-mutants-amplihack-pr-YcCg5x.tmp/target/debug/build/cxx-3dafb46d76064c7e/out -L native=/tmp/cargo-mutants-amplihack-pr-YcCg5x.tmp/target/debug/build/link-cplusplus-99e4942e4cf65b7c/out -L native=/tmp/cargo-mutants-amplihack-pr-YcCg5x.tmp/target/debug/build/libsqlite3-sys-f4dcd415928f89cb/out -L native=/tmp/cargo-mutants-amplihack-pr-YcCg5x.tmp/target/debug/build/ring-439005edc122cf5b/out` (exit status: 1)

*** result: Failure(101)
